-- Clear all tables (using DELETE to avoid foreign key constraint issues)
DELETE FROM CT_PHIEUDANGKY;
DELETE FROM PHIEUTHUHP;
DELETE FROM BAOCAOSINHVIENNOHP;
DELETE FROM PHANQUYEN;
DELETE FROM NGUOIDUNG;
DELETE FROM PHIEUDANGKY;
DELETE FROM SINHVIEN;
DELETE FROM DANHSACHMONHOCMO;
DELETE FROM CHUONGTRINHHOC;
DELETE FROM MONHOC;
DELETE FROM CHUCNANG;
DELETE FROM NHOMNGUOIDUNG;
DELETE FROM LOAIMON;
DELETE FROM HOCKYNAMHOC;
DELETE FROM HUYEN;
DELETE FROM DOITUONGUUTIEN;
DELETE FROM NGANHHOC;
DELETE FROM TINH;
DELETE FROM KHOA;
DELETE FROM REGISTRATION_LOG;


INSERT INTO TINH (MaTinh, TenTinh) VALUES
  ('02', 'Thành phố Hồ Chí Minh'),  -- Mã tỉnh HCM là 02 :contentReference[oaicite:6]{index=6}
  ('03', 'Thành phố Hà Nội'),
  ('04', 'Thành phố Đà Nẵng'),
  ('05', 'Thành phố Hải Phòng'),
  ('06', 'Thành phố Cần Thơ'),
  ('07', 'Tỉnh An Giang'),
  ('08', 'Tỉnh Bà Rịa - Vũng Tàu'),
  ('09', 'Tỉnh Bắc Giang'),
  ('10', 'Tỉnh Bắc Kạn'),
  ('11', 'Tỉnh Bắc Ninh'),
  ('12', 'Tỉnh Bến Tre'),
  ('13', 'Tỉnh Bình Định'),
  ('14', 'Tỉnh Bình Dương'),
  ('15', 'Tỉnh Bình Phước'),
  ('16', 'Tỉnh Bình Thuận'),
  ('17', 'Tỉnh Cà Mau');

INSERT INTO HUYEN (MaHuyen, TenHuyen, MaTinh) VALUES
  ('001', 'Quận 1', '02'),
  ('002', 'Thành phố Thủ Đức', '02'),
  ('003', 'Quận 3', '02'),
  -- Hà Nội
  ('004', 'Quận Ba Đình', '03'),
  ('005', 'Quận Hoàn Kiếm', '03'),
  ('006', 'Quận Cầu Giấy', '03'),
  -- Đà Nẵng
  ('007', 'Quận Hải Châu', '04'),
  ('008', 'Quận Thanh Khê', '04'),
  ('009', 'Quận Liên Chiểu', '04'),
  -- Hải Phòng
  ('010', 'Quận Hồng Bàng', '05'),
  ('011', 'Quận Lê Chân', '05'),
  ('012', 'Quận Ngô Quyền', '05'),
  -- Cần Thơ
  ('013', 'Quận Ninh Kiều', '06'),
  ('014', 'Quận Bình Thủy', '06'),
  ('015', 'Quận Cái Răng', '06'),
  -- An Giang
  ('016', 'Thành phố Long Xuyên', '07'),
  ('017', 'Thành phố Châu Đốc', '07'),
  ('018', 'Huyện An Phú', '07'),
  -- Bà Rịa - Vũng Tàu
  ('019', 'Thành phố Vũng Tàu', '08'),
  ('020', 'Thành phố Bà Rịa', '08'),
  ('021', 'Huyện Châu Đức', '08'),
  -- Bắc Giang
  ('022', 'Thành phố Bắc Giang', '09'),
  ('023', 'Huyện Việt Yên', '09'),
  ('024', 'Huyện Tân Yên', '09'),
  -- Bắc Kạn
  ('025', 'Thành phố Bắc Kạn', '10'),
  ('026', 'Huyện Pác Nặm', '10'),
  ('027', 'Huyện Ba Bể', '10'),
  -- Bắc Ninh
  ('028', 'Thành phố Bắc Ninh', '11'),
  ('029', 'Thành phố Từ Sơn', '11'),
  ('030', 'Huyện Yên Phong', '11'),
  -- Bến Tre
  ('031', 'Thành phố Bến Tre', '12'),
  ('032', 'Huyện Châu Thành', '12'),
  ('033', 'Huyện Chợ Lách', '12'),
  -- Bình Định
  ('034', 'Thành phố Quy Nhơn', '13'),
  ('035', 'Huyện An Lão', '13'),
  ('036', 'Huyện Hoài Nhơn', '13'),
  -- Bình Dương
  ('037', 'Thành phố Thủ Dầu Một', '14'),
  ('038', 'Thành phố Thuận An', '14'),
  ('039', 'Thành phố Dĩ An', '14'),
  -- Bình Phước
  ('040', 'Thành phố Đồng Xoài', '15'),
  ('041', 'Thị xã Bình Long', '15'),
  ('042', 'Huyện Bù Đăng', '15'),
  -- Bình Thuận
  ('043', 'Thành phố Phan Thiết', '16'),
  ('044', 'Thị xã La Gi', '16'),
  ('045', 'Huyện Tuy Phong', '16'),
  -- Cà Mau
  ('046', 'Thành phố Cà Mau', '17'),
  ('047', 'Huyện Đầm Dơi', '17'),
  ('048', 'Huyện Thới Bình', '17');

INSERT INTO DOITUONGUUTIEN (MaDoiTuong, TenDoiTuong, MucGiamHocPhi) VALUES
  ('UT01', 'Sinh viên dân tộc thiểu số', 0.70),  -- Giảm 70% :contentReference[oaicite:8]{index=8}
  ('UT02', 'Sinh viên hộ cận nghèo',    0.40),  -- Giảm 50% :contentReference[oaicite:9]{index=9}
  ('UT03', 'Con liệt sĩ, thương binh', 1.00),   -- Miễn 100%
  ('UT04', 'Sinh viên có hoàn cảnh khó khăn', 0.60),  -- Giảm 30%
  ('UT05', 'Sinh viên thường', 0.00);           -- Không ưu tiên
INSERT INTO KHOA (MaKhoa, TenKhoa) VALUES
  ('KTPM', 'Công nghệ phần mềm'),
  ('HTTT', 'Hệ thống thông tin'),
  ('KHMT', 'Khoa học máy tính'),
  ('KTMT', 'Kỹ thuật máy tính'),
  ('TTMT', 'Truyền thông & Mạng máy tính'),
  ('ATTT', 'An toàn thông tin');

INSERT INTO NGANHHOC (MaNganh, TenNganh, MaKhoa) VALUES
  ('CNTT',  'Công nghệ thông tin',        'HTTT'),
  ('HTTT',  'Hệ thống thông tin',         'HTTT'),
  ('KHMT',  'Khoa học máy tính',          'KHMT'),
  ('KTPM',  'Kỹ thuật phần mềm',          'KTPM'),
  ('KTMT',  'Kỹ thuật máy tính',          'KTMT'),
  ('TTMT',  'Truyền thông & Mạng máy tính','TTMT'),
  ('ATTT',  'An toàn thông tin',          'ATTT'),
  ('TMDT',  'Thương mại điện tử',         'HTTT'),
  ('KHLDL', 'Khoa học dữ liệu',           'KHMT'),
  ('TTNT',  'Trí tuệ nhân tạo',           'KHMT'),
  ('VMC',   'Thiết kế vi mạch',           'KTMT'),
  ('CNTT_Nhat','Công nghệ thông tin Việt–Nhật','HTTT');
  




INSERT INTO LOAIMON (MaLoaiMon, TenLoaiMon, SoTietMotTC, SoTienMotTC) VALUES
  ('LT', 'Lý thuyết',   15, 27000),
  ('TH', 'Thực hành',    30, 37000);

INSERT INTO MONHOC (MaMonHoc, TenMonHoc, MaLoaiMon, SoTiet) VALUES
  ('BCH058', 'Kỹ năng truyền thông giao tiếp', 'LT', 30),
  ('BUS1125', 'Khởi nghiệp kinh doanh', 'LT', 30),
  ('LTU101', 'Anh văn cơ bản 1', 'LT', 45),
  ('LTU102', 'Anh văn cơ bản 2', 'LT', 45),
  ('LTU201', 'Anh văn chuyên ngành 1', 'LT', 45),
  ('LTU202', 'Anh văn chuyên ngành 2', 'LT', 45),
  ('LTU301', 'Anh văn thương mại', 'LT', 45),
  ('LTU302', 'Anh văn kỹ thuật', 'LT', 45),
  ('SS003', 'Tư tưởng Hồ Chí Minh', 'LT', 30),
  ('SS004', 'Kỹ năng nghề nghiệp', 'LT', 30),
  ('SS006', 'Pháp luật đại cương', 'LT', 30),
  ('SS007', 'Triết học Mác–Lênin', 'LT', 45),
  ('SS008', 'Kinh tế chính trị Mác–Lênin', 'LT', 30),
  ('SS009', 'Chủ nghĩa xã hội khoa học', 'LT', 30),
  ('SS010', 'Lịch sử Đảng Cộng sản Việt Nam', 'LT', 30),
  ('TLH025', 'Tâm lý học nhân cách', 'LT', 30),
  ('CE103', 'Vi xử lý-vi điều khiển', 'LT', 45),
  ('CE118', 'Thiết kế luận lý số', 'LT', 45),
  ('CE122', 'Phân tích mạch kỹ thuật', 'LT', 45),
  ('CE126', 'Vật lý bán dẫn và ứng dụng', 'LT', 45),
  ('EE105', 'Mạch điện', 'LT', 45),
  ('EE208', 'Hệ thống điện một chiều', 'LT', 30),
  ('EE214', 'Điện tử tương tự', 'LT', 45),
  ('EE216', 'Kỹ thuật số nâng cao', 'LT', 30),
  ('IT101', 'Nhập môn Tin học', 'LT', 30),
  ('IT103', 'Giải tích cao cấp', 'LT', 45),
  ('IT201', 'Cấu trúc dữ liệu và giải thuật', 'LT', 45),
  ('IT301', 'Kỹ thuật lập trình', 'LT', 45),
  ('CE201', 'Đồ án 1', 'TH', 30),
  ('CE206', 'Đồ án 2', 'TH', 30),
  ('CE213', 'Thiết kế hệ thống số với HDL', 'LT', 30),
  ('CE222', 'Thiết kế vi mạch số', 'LT', 30),
  ('CE232', 'Thiết kế hệ thống nhúng không dây', 'LT', 45),
  ('CE320', 'Logic mờ cho ứng dụng hệ thống nhúng', 'LT', 30),
  ('CE340', 'Trí tuệ nhân tạo cho hệ thống nhúng', 'LT', 30),
  ('CE408', 'Đồ án chuyên ngành Thiết kế vi mạch và phần cứng', 'TH', 30),
  ('CE410', 'Kỹ thuật hệ thống máy tính', 'LT', 30),
  ('CE422', 'Mạng máy tính II', 'LT', 30),
  ('CE426', 'Các phương tiện truyền thông không dây', 'LT', 30),
  ('CE430', 'Công nghệ Web nâng cao', 'LT', 30),
  ('CE434', 'Phát triển ứng dụng di động', 'LT', 30),
  ('CE440', 'Hệ thống nhúng và IoT', 'LT', 30),
  ('CE444', 'Lập trình song song và phân tán', 'LT', 30),
  ('CE450', 'Thị giác máy tính', 'LT', 30),
  ('CE458', 'Đồ án 3', 'TH', 30),
  ('CE462', 'An toàn hệ thống thông tin', 'LT', 30),
  ('CE470', 'Học sâu cho hệ thống nhúng', 'LT', 30),
  ('CE476', 'Thuật toán tiến hóa', 'LT', 30),
  ('CE480', 'Kỹ thuật xử lý ảnh', 'LT', 30),
  ('CE482', 'Xác suất thống kê cho kỹ sư', 'LT', 30),
  ('CE488', 'Khóa luận tốt nghiệp chuyên ngành', 'TH', 30),
  ('EE308', 'Hệ thống điện xoay chiều', 'LT', 30),
  ('EE312', 'Động cơ điện và điều khiển', 'LT', 30),
  ('EE318', 'Điều khiển tự động', 'LT', 30),
  ('EE322', 'Đồ án kỹ thuật điện', 'TH', 30),
  ('EE324', 'Hệ thống điện thông minh', 'LT', 30),
  ('EE332', 'Điều khiển số và vi xử lý', 'LT', 30),
  ('EE362', 'Thị trường điện và kinh tế điện', 'LT', 30),
  ('EE402', 'Đồ án chuyên ngành Kỹ thuật điện', 'TH', 30),
  ('EE408', 'Hệ thống điện lực cao áp', 'LT', 30),
  ('EE412', 'Hệ thống năng lượng tái tạo', 'LT', 30),
  ('EE422', 'Kỹ thuật điện tử công suất', 'LT', 30),
  ('EE430', 'Mạch tích hợp chuyên dụng', 'LT', 30),
  ('EE442', 'Thu phát vô tuyến', 'LT', 30),
  ('EE448', 'Xử lý tín hiệu số', 'LT', 30),
  ('EE462', 'Hệ thống điều khiển tiên tiến', 'LT', 30),
  ('EE468', 'Thuật toán tối ưu cho hệ thống điện', 'LT', 30),
  ('EE480', 'Đồ án thiết kế mạch tích hợp', 'TH', 30),
  ('EE488', 'Khóa luận tốt nghiệp chuyên ngành', 'TH', 30),
  ('IT203', 'Cơ sở dữ liệu nâng cao', 'LT', 30),
  ('IT303', 'Đồ án Mạng và Bảo mật', 'TH', 30),
  ('IT305', 'Quản lý dự án phần mềm', 'LT', 30),
  ('IT401', 'Phân tích và thiết kế hệ thống', 'LT', 30),
  ('IT403', 'Kiến trúc máy tính', 'LT', 30),
  ('IT405', 'Học máy cơ bản', 'LT', 30),
  ('IT407', 'Phát triển ứng dụng Web', 'LT', 30),
  ('IT409', 'Phát triển ứng dụng Android', 'LT', 30),
  ('IT411', 'Kiểm thử phần mềm nâng cao', 'LT', 30),
  ('IT413', 'Trí tuệ nhân tạo', 'LT', 30),
  ('IT415', 'An ninh mạng', 'LT', 30),
  ('IT417', 'Xử lý ngôn ngữ tự nhiên', 'LT', 30),
  ('IT419', 'Thị giác máy tính', 'LT', 30),
  ('IT421', 'Lập trình song song', 'LT', 30),
  ('IT423', 'Hệ thống phân tán', 'LT', 30),
  ('IT425', 'Kiến trúc hướng dịch vụ', 'LT', 30),
  ('IT427', 'Phân tích dữ liệu lớn', 'LT', 30),
  ('IT429', 'Học sâu nâng cao', 'LT', 30),
  ('IT431', 'Internet vạn vật', 'LT', 30),
  ('IT433', 'Lập trình hệ thống nhúng', 'LT', 30),
  ('IT435', 'Thiết kế giao diện người dùng', 'LT', 30),
  ('IT437', 'Phát triển game di động', 'LT', 30),
  ('IT439', 'Giao diện tự nhiên', 'LT', 30),
  ('IT441', 'Hệ thống khuyến nghị', 'LT', 30),
  ('IT443', 'Phân tích dữ liệu', 'LT', 30),
  ('IT445', 'Đồ án 1', 'TH', 30),
  ('IT447', 'Đồ án 2', 'TH', 30),
  ('IT449', 'Khóa luận tốt nghiệp', 'TH', 30),
  ('MKT101', 'Marketing căn bản', 'LT', 30),
  ('MKT201', 'Marketing nâng cao', 'LT', 30),
  ('MKT301', 'Chiến lược marketing', 'LT', 30),
  ('MKP101', 'Nghiên cứu thị trường', 'LT', 30),
  ('MKP201', 'Quản trị thương hiệu', 'LT', 30),
  ('MKP301', 'Quảng cáo và tiếp thị số', 'LT', 30),
  ('MKP401', 'Marketing quốc tế', 'LT', 30),
  ('QC101', 'Quản trị chất lượng', 'LT', 30),
  ('QC201', 'Phân tích và cải tiến chất lượng', 'LT', 30),
  ('QC301', 'Quản lý rủi ro chất lượng', 'LT', 30),
  ('QC401', 'Đảm bảo chất lượng phần mềm', 'LT', 30),
  ('QC501', 'Kiểm thử phần mềm tự động', 'LT', 30),
  ('SE101', 'Nhập môn Kỹ thuật phần mềm', 'LT', 30),
  ('SE201', 'Thiết kế phần mềm hướng đối tượng', 'LT', 30),
  ('SE203', 'Kiến trúc phần mềm', 'LT', 30),
  ('SE301', 'Bảo mật phần mềm', 'LT', 30),
  ('SE303', 'Kiểm thử phần mềm', 'LT', 30),
  ('SE305', 'Quản lý cấu hình phần mềm', 'LT', 30),
  ('SE307', 'Đồ án 1', 'TH', 30),
  ('SE309', 'Đồ án 2', 'TH', 30),
  ('SE311', 'Xây dựng phần mềm hướng dịch vụ', 'LT', 30),
  ('SE313', 'Phát triển Agile', 'LT', 30),
  ('SE315', 'Phân tích yêu cầu', 'LT', 30),
  ('SE317', 'Kiến trúc hướng sự kiện', 'LT', 30),
  ('SE319', 'Kiến trúc microservices', 'LT', 30),
  ('SE321', 'Bảo mật API', 'LT', 30),
  ('SE323', 'Quản trị dữ liệu lớn', 'LT', 30),
  ('SE325', 'Đồ án số 3', 'TH', 30),
  ('SE327', 'Thiết kế giao diện người dùng nâng cao', 'LT', 30),
  ('SE329', 'Triết lý thiết kế phần mềm', 'LT', 30),
  ('SE331', 'Kho dữ liệu và BI', 'LT', 30),
  ('SE333', 'Phân tích và tối ưu mã nguồn', 'LT', 30),
  ('SE335', 'An toàn phần mềm', 'LT', 30),
  ('SE337', 'Kiến trúc serverless', 'LT', 30),
  ('SE339', 'Thực tập tốt nghiệp', 'TH', 30),
  ('SE341', 'Đồ án tốt nghiệp tại doanh nghiệp', 'TH', 30),
  ('GD001', 'Tiếng Anh cơ bản 1', 'LT', 45),
  ('CS101', 'Cấu trúc dữ liệu', 'LT', 45),
  ('CS102', 'Cơ sở dữ liệu', 'LT', 45),
  ('GD002', 'Giáo dục thể chất 1', 'LT', 30),
  ('DS101', 'Khai phá dữ liệu', 'LT', 45),
  ('CN201', 'Lập trình hướng đối tượng', 'LT', 45),
  ('AI001', 'Giới thiệu Trí tuệ nhân tạo 1', 'LT', 15),
  ('AI002', 'Giới thiệu Trí tuệ nhân tạo 2', 'LT', 75),
  ('AI301', 'Học sâu nâng cao', 'LT', 60),
  ('AI302', 'Thị giác máy tính nâng cao', 'LT', 45);
  
INSERT INTO HOCKYNAMHOC 
  (MaHocKy, HocKyThu, ThoiGianBatDau, ThoiGianKetThuc, TrangThaiHocKy, NamHoc, ThoiHanDongHP) VALUES
 ('HK1_2024', 1, '2024-08-01','2024-12-15','Đã kết thúc',2024,'2024-09-15'),
  ('HK2_2024', 2, '2025-01-15','2025-05-30','Đã kết thúc',2024,'2025-02-15'),
  -- Năm học 2025
  ('HK1_2025', 1, '2025-08-01','2025-12-15','Đang diễn ra',2025,'2025-09-15'),
  ('HK2_2025', 2, '2026-01-15','2026-05-30','Đang diễn ra',2025,'2026-02-15'),
  -- Năm học 2026
  ('HK1_2026', 1, '2026-08-01','2026-12-15','Chưa diễn ra',2026,'2026-09-15'),
  ('HK2_2026', 2, '2027-01-15','2027-05-30','Chưa diễn ra',2026,'2027-02-15'),
  -- Năm học 2027
  ('HK1_2027', 1, '2027-08-01','2027-12-15','Chưa diễn ra',2027,'2027-09-15'),
  ('HK2_2027', 2, '2028-01-15','2028-05-30','Chưa diễn ra',2027,'2028-02-15');

-- Các môn của ngành CNTT kỳ 1
INSERT INTO CHUONGTRINHHOC (MaNganh, MaMonHoc, MaHocKy, GhiChu) VALUES
  ('CNTT','GD001','HK1_2024',''),
  ('CNTT','CS101','HK1_2024',''),
  ('CNTT','CS102','HK1_2024','');

-- Mở thêm môn tự chọn
INSERT INTO DANHSACHMONHOCMO (MaHocKy, MaMonHoc, SiSoToiThieu, SiSoToiDa, SoSVDaDangKy, Thu, TietBatDau, TietKetThuc) VALUES
  ('HK1_2024','GD002', 30, 80, 0, 2, 1, 3),
  ('HK2_2024','DS101', 30, 50, 0, 3, 6, 8),
  -- Thêm môn học mở cho HK1_2024
  ('HK1_2024','BCH058', 30, 80, 0, 4, 1, 4),
  ('HK1_2024','BUS1125', 30, 50, 0, 5, 6, 9),
  ('HK1_2024','LTU101', 30, 80, 0, 6, 9, 10),
  ('HK1_2024','SS003', 30, 50, 0, 7, 4, 5),
  ('HK1_2024','IT101', 30, 80, 0, 2, 1, 5),
  ('HK1_2024','MKT101', 30, 50, 0, 3, 6, 10),
  ('HK1_2024','SE101', 30, 80, 0, 4, 1, 3),
  ('HK1_2024','QC101', 30, 50, 0, 5, 6, 8),
  -- Thêm môn học mở cho HK2_2024
  ('HK2_2024','LTU102', 30, 80, 0, 6, 9, 10),
  ('HK2_2024','SS004', 30, 50, 0, 7, 1, 4),
  ('HK2_2024','IT103', 30, 80, 0, 2, 6, 9),
  ('HK2_2024','CE103', 30, 50, 0, 3, 4, 5),
  ('HK2_2024','EE105', 30, 80, 0, 4, 1, 5),
  ('HK2_2024','MKT201', 30, 50, 0, 5, 6, 10),
  ('HK2_2024','SE201', 30, 80, 0, 6, 1, 3),
  ('HK2_2024','QC201', 30, 50, 0, 7, 6, 8),
  -- Thêm môn học mở cho HK1_2025
  ('HK1_2025','LTU201', 30, 80, 0, 2, 9, 10),
  ('HK1_2025','SS006', 30, 50, 0, 3, 1, 4),
  ('HK1_2025','IT201', 30, 80, 0, 4, 6, 9),
  ('HK1_2025','CE118', 30, 50, 0, 5, 4, 5),
  ('HK1_2025','EE214', 30, 80, 0, 6, 1, 5),
  ('HK1_2025','AI001', 30, 50, 0, 7, 6, 10),
  -- Thêm môn học mở cho HK2_2025
  ('HK2_2025','LTU202', 30, 80, 0, 2, 1, 3),
  ('HK2_2025','SS007', 30, 50, 0, 3, 6, 8),
  ('HK2_2025','IT301', 30, 80, 0, 4, 9, 10),
  ('HK2_2025','CE213', 30, 50, 0, 5, 1, 4),
  ('HK2_2025','EE216', 30, 80, 0, 6, 6, 9),
  ('HK2_2025','AI002', 30, 50, 0, 7, 4, 5);

INSERT INTO SINHVIEN (MaSoSinhVien, HoTen, NgaySinh, GioiTinh, QueQuan, MaHuyen, MaDoiTuongUT, MaNganh, Email, SoDienThoai, DiaChi) VALUES
  ('SV0001', 'Hoàng Thị Khánh', '2000-12-12', 'Nam', 'Tỉnh Nghệ An', '015', 'UT02', 'HTTT', 'SV0001@gm.uit.edu.vn', '0123456789', '123 Đường Lê Lợi, Phường Bến Nghé'),
  ('SV0002', 'Hoàng Văn Cường', '2001-10-23', 'Nữ', 'Tỉnh Thanh Hóa', '028', 'UT01', 'KHMT', 'SV0002@gm.uit.edu.vn', '0987654321', '45 Đường Nguyễn Huệ, Phường Đông Khê'),
  ('SV0003', 'Phạm Ngọc Hà', '2004-06-09', 'Nam', 'Tỉnh Quảng Nam', '007', 'UT02', 'KTPM', 'SV0003@gm.uit.edu.vn', '0345678912', '67 Đường Trần Phú, Xã Hòa Phú'),
  ('SV0004', 'Vũ Văn Hoa', '2004-10-16', 'Nam', 'Tỉnh Đồng Nai', '032', 'UT01', 'VMC', 'SV0004@gm.uit.edu.vn', '0456789123', '89 Đường Lý Thường Kiệt, Phường Tân Phong'),
  ('SV0005', 'Nguyễn Thị Mai', '2003-01-05', 'Nữ', 'Tỉnh Bình Dương', '037', 'UT02', 'CNTT_Nhat', 'SV0005@gm.uit.edu.vn', '0567891234', '12 Đường Hai Bà Trưng, Phường Hiệp Thành'),
  ('SV0006', 'Phan Thanh Cường', '2001-04-29', 'Nữ', 'Tỉnh Long An', '019', 'UT02', 'CNTT', 'SV0006@gm.uit.edu.vn', '0678912345', '34 Đường Võ Văn Tần, Xã Tân Hưng'),
  ('SV0007', 'Huỳnh Quang Linh', '2000-08-06', 'Nữ', 'Tỉnh Tiền Giang', '021', 'UT02', 'TTMT', 'SV0007@gm.uit.edu.vn', '0789123456', '56 Đường Điện Biên Phủ, Phường Mỹ Tho'),
  ('SV0008', 'Phan Ngọc Khánh', '2000-04-10', 'Nữ', 'Tỉnh Khánh Hòa', '043', 'UT01', 'ATTT', 'SV0008@gm.uit.edu.vn', '0891234567', '78 Đường Lê Duẩn, Phường Vĩnh Hải'),
  ('SV0009', 'Vũ Minh Hùng', '2002-04-05', 'Nữ', 'Tỉnh Bà Rịa Vũng Tàu', '020', 'UT01', 'ATTT', 'SV0009@gm.uit.edu.vn', '0912345678', '90 Đường Thùy Vân, Phường Thắng Tam'),
  ('SV0010', 'Vũ Huy Dũng', '2002-05-02', 'Nữ', 'Tỉnh Tây Ninh', '025', 'UT01', 'ATTT', 'SV0010@gm.uit.edu.vn', '0234567891', '11 Đường Cách Mạng Tháng 8, Phường 1'),
  ('SV0011', 'Trần Mai Hoa', '2004-09-05', 'Nam', 'Tỉnh An Giang', '016', 'UT01', 'HTTT', 'SV0011@gm.uit.edu.vn', '0356789124', '22 Đường Lê Hồng Phong, Phường Mỹ Bình'),
  ('SV0012', 'Đặng Quang Hùng', '2001-08-15', 'Nữ', 'Tỉnh Cần Thơ', '013', 'UT01', 'ATTT', 'SV0012@gm.uit.edu.vn', '0467891235', '33 Đường 30 Tháng 4, Phường Xuân Khánh'),
  ('SV0013', 'Phạm Huy Hùng', '2004-09-25', 'Nam', 'Tỉnh Kiên Giang', '047', 'UT02', 'KTPM', 'SV0013@gm.uit.edu.vn', '0578912346', '44 Đường Nguyễn Trãi, Phường Vĩnh Thanh'),
  ('SV0014', 'Huỳnh Hữu Hùng', '2001-12-14', 'Nữ', 'Tỉnh Sóc Trăng', '046', 'UT02', 'TTNT', 'SV0014@gm.uit.edu.vn', '0689123457', '55 Đường Trần Hưng Đạo, Phường 5'),
  ('SV0015', 'Nguyễn Ngọc Khánh', '2001-11-28', 'Nam', 'Tỉnh Hậu Giang', '014', 'UT01', 'CNTT_Nhat', 'SV0015@gm.uit.edu.vn', '0791234568', '66 Đường Ngô Quyền, Phường 1'),
  ('SV0016', 'Phan Quang Linh', '2004-07-16', 'Nam', 'Tỉnh Đồng Tháp', '031', 'UT01', 'TTMT', 'SV0016@gm.uit.edu.vn', '0812345679', '77 Đường Phạm Ngũ Lão, Phường 1'),
  ('SV0017', 'Huỳnh Ngọc Cường', '2000-08-07', 'Nữ', 'Tỉnh Vĩnh Long', '033', 'UT02', 'KHLDL', 'SV0017@gm.uit.edu.vn', '0923456781', '88 Đường Hoàng Thái Hiếu, Phường 1'),
  ('SV0018', 'Hoàng Ngọc Long', '2002-08-23', 'Nữ', 'Tỉnh Trà Vinh', '035', 'UT01', 'TMDT', 'SV0018@gm.uit.edu.vn', '0134567892', '99 Đường Lê Lợi, Phường 8'),
  ('SV0019', 'Nguyễn Anh Long', '2001-08-23', 'Nam', 'Tỉnh Bến Tre', '032', 'UT02', 'KTPM', 'SV0019@gm.uit.edu.vn', '0245678913', '101 Đường Đồng Khởi, Phường 1'),
  ('SV0020', 'Nguyễn Thanh Hoa', '2000-07-20', 'Nữ', 'Tỉnh Cà Mau', '048', 'UT01', 'TMDT', 'SV0020@gm.uit.edu.vn', '0367891245', '12 Đường Phan Bội Châu, Phường 5'),
  ('SV0021', 'Đặng Minh Cường', '2001-10-09', 'Nam', 'Tỉnh Hà Tĩnh', '011', 'UT02', 'ATTT', 'SV0021@gm.uit.edu.vn', '0478912356', '23 Đường Quang Trung, Phường Hà Huy Tập'),
  ('SV0022', 'Vũ Anh Dũng', '2000-08-02', 'Nam', 'Tỉnh Quảng Bình', '009', 'UT01', 'TTNT', 'SV0022@gm.uit.edu.vn', '0589123467', '34 Đường Lý Tự Trọng, Phường Đồng Phú'),
  ('SV0023', 'Huỳnh Quang Hùng', '2001-10-14', 'Nam', 'Tỉnh Quảng Trị', '008', 'UT01', 'KHLDL', 'SV0023@gm.uit.edu.vn', '0691234578', '45 Đường Hùng Vương, Phường 1'),
  ('SV0024', 'Hoàng Minh Hoa', '2004-07-26', 'Nữ', 'Tỉnh Thừa Thiên Huế', '006', 'UT01', 'CNTT', 'SV0024@gm.uit.edu.vn', '0712345689', '56 Đường Lê Lợi, Phường Vĩnh Ninh'),
  ('SV0025', 'Nguyễn Ngọc Khánh', '2003-05-20', 'Nữ', 'Tỉnh Quảng Nam', '007', 'UT02', 'TTMT', 'SV0025@gm.uit.edu.vn', '0823456791', '67 Đường Phan Châu Trinh, Phường Minh An'),
  ('SV0026', 'Phan Minh Hà', '2002-05-02', 'Nam', 'Tỉnh Quảng Ngãi', '036', 'UT01', 'KTPM', 'SV0026@gm.uit.edu.vn', '0934567812', '78 Đường Quang Trung, Phường Lý Thường Kiệt'),
  ('SV0027', 'Trần Thị Long', '2003-08-28', 'Nữ', 'Tỉnh Bình Định', '034', 'UT02', 'HTTT', 'SV0027@gm.uit.edu.vn', '0145678923', '89 Đường Trần Hưng Đạo, Phường Quang Trung'),
  ('SV0028', 'Lê Huy Hà', '2004-11-25', 'Nữ', 'Tỉnh Phú Yên', '044', 'UT01', 'KHMT', 'SV0028@gm.uit.edu.vn', '0256789134', '90 Đường Lê Thánh Tôn, Phường 7'),
  ('SV0029', 'Võ Huy Hà', '2003-11-12', 'Nam', 'Tỉnh Khánh Hòa', '043', 'UT01', 'TMDT', 'SV0029@gm.uit.edu.vn', '0378912456', '11 Đường Yersin, Phường Vĩnh Phước'),
  ('SV0030', 'Phạm Thanh Bình', '2000-08-29', 'Nam', 'Tỉnh Ninh Thuận', '045', 'UT01', 'KHLDL', 'SV0030@gm.uit.edu.vn', '0489123567', '22 Đường 16 Tháng 4, Phường Mỹ Bình'),
  ('SV0031', 'Phạm Hữu Bình', '2003-04-14', 'Nam', 'Tỉnh Bình Thuận', '043', 'UT02', 'TTMT', 'SV0031@gm.uit.edu.vn', '0591234678', '33 Đường Nguyễn Tất Thành, Phường Phú Trinh'),
  ('SV0032', 'Phan Huy Cường', '2005-12-05', 'Nữ', 'Tỉnh Kon Tum', '041', 'UT01', 'TMDT', 'SV0032@gm.uit.edu.vn', '0612345789', '44 Đường Lý Thường Kiệt, Phường Quyết Thắng'),
  ('SV0033', 'Hoàng Văn Cường', '2000-10-07', 'Nữ', 'Tỉnh Gia Lai', '040', 'UT02', 'CNTT', 'SV0033@gm.uit.edu.vn', '0723456891', '55 Đường Phạm Văn Đồng, Phường Diên Hồng'),
  ('SV0034', 'Phan Ngọc Cường', '2005-08-01', 'Nữ', 'Tỉnh Đắk Lắk', '042', 'UT02', 'CNTT_Nhat', 'SV0034@gm.uit.edu.vn', '0834567912', '66 Đường Y Wang, Phường Tân Lập'),
  ('SV0035', 'Huỳnh Ngọc Hùng', '2001-02-21', 'Nam', 'Tỉnh Đắk Nông', '027', 'UT01', 'CNTT_Nhat', 'SV0035@gm.uit.edu.vn', '0945678123', '77 Đường Nguyễn Du, Phường Nghĩa Đức'),
  ('SV0036', 'Võ Minh Long', '2001-11-07', 'Nữ', 'Tỉnh Lâm Đồng', '026', 'UT02', 'HTTT', 'SV0036@gm.uit.edu.vn', '0156789234', '88 Đường 3 Tháng 2, Phường 1'),
  ('SV0037', 'Vũ Minh Mai', '2000-10-09', 'Nam', 'Tỉnh Bình Phước', '040', 'UT02', 'TTMT', 'SV0037@gm.uit.edu.vn', '0267891345', '99 Đường Lê Duẩn, Phường Tân Xuân'),
  ('SV0038', 'Phan Ngọc Mai', '2001-09-19', 'Nam', 'Tỉnh Bình Dương', '038', 'UT01', 'ATTT', 'SV0038@gm.uit.edu.vn', '0389124567', '10 Đường Đại lộ Bình Dương, Phường Phú Hòa'),
  ('SV0039', 'Vũ Quang Long', '2002-05-26', 'Nữ', 'Tỉnh Đồng Nai', '019', 'UT01', 'CNTT', 'SV0039@gm.uit.edu.vn', '0491235678', '21 Đường Võ Thị Sáu, Phường Quyết Thắng'),
  ('SV0040', 'Vũ Hữu Hà', '2004-10-31', 'Nam', 'Tỉnh Hà Nội', '004', 'UT02', 'KTMT', 'SV0040@gm.uit.edu.vn', '0512346789', '32 Đường Hoàng Diệu, Phường Liễu Giai'),
  ('SV0041', 'Phan Huy Khánh', '2002-04-21', 'Nam', 'Tỉnh Hà Nội', '005', 'UT02', 'KHLDL', 'SV0041@gm.uit.edu.vn', '0623457891', '43 Đường Hàng Bài, Phường Hàng Bài'),
  ('SV0042', 'Đặng Anh An', '2003-03-25', 'Nữ', 'Tỉnh Vĩnh Phúc', '006', 'UT02', 'TTNT', 'SV0042@gm.uit.edu.vn', '0734568912', '54 Đường Mê Linh, Phường Liên Bảo'),
  ('SV0043', 'Đặng Ngọc Hùng', '2001-04-13', 'Nam', 'Tỉnh Hà Nam', '022', 'UT01', 'CNTT', 'SV0043@gm.uit.edu.vn', '0845679123', '65 Đường Trần Phú, Phường Quang Trung'),
  ('SV0044', 'Nguyễn Quang Hoa', '2003-01-13', 'Nam', 'Tỉnh Hưng Yên', '023', 'UT02', 'CNTT_Nhat', 'SV0044@gm.uit.edu.vn', '0956781234', '76 Đường Lê Lợi, Phường Lê Lợi'),
  ('SV0045', 'Võ Huy Hùng', '2000-10-18', 'Nữ', 'Tỉnh Thái Bình', '024', 'UT01', 'CNTT', 'SV0045@gm.uit.edu.vn', '0167892345', '87 Đường Lý Bôn, Phường Trần Hưng Đạo'),
  ('SV0046', 'Hoàng Ngọc Khánh', '2004-03-20', 'Nữ', 'Tỉnh Hải Dương', '028', 'UT02', 'VMC', 'SV0046@gm.uit.edu.vn', '0278913456', '98 Đường Nguyễn Lương Bằng, Phường Lê Thanh Nghị'),
  ('SV0047', 'Phan Minh An', '2005-04-08', 'Nữ', 'Tỉnh Hải Phòng', '010', 'UT02', 'KHMT', 'SV0047@gm.uit.edu.vn', '0391234567', '109 Đường Lạch Tray, Phường Đằng Giang'),
  ('SV0048', 'Phan Huy Cường', '2005-02-11', 'Nữ', 'Tỉnh Quảng Ninh', '012', 'UT01', 'KHMT', 'SV0048@gm.uit.edu.vn', '0412345678', '111 Đường Hạ Long, Phường Bãi Cháy'),
  ('SV0049', 'Hoàng Mai Hùng', '2000-03-09', 'Nam', 'Tỉnh Lạng Sơn', '029', 'UT02', 'KHLDL', 'SV0049@gm.uit.edu.vn', '0523456789', '122 Đường Lê Lợi, Phường Chi Lăng'),  ('SV0050', 'Hoàng Hữu Linh', '2002-10-02', 'Nam', 'Tỉnh Cao Bằng', '030', 'UT02', 'HTTT', 'SV0050@gm.uit.edu.vn', '0634567891', '133 Đường Nguyễn Huệ, Phường Đề Thám'),
  ('SV0051', 'Huỳnh Quang Linh', '2000-09-10', 'Nam', 'Tỉnh Bắc Kạn', '025', 'UT02', 'KHMT', 'SV0051@gm.uit.edu.vn', '0745678912', '144 Đường Trần Phú, Phường Ngọc Xuân'),
  ('SV0052', 'Trần Anh Dũng', '2000-08-25', 'Nam', 'Tỉnh Thái Nguyên', '026', 'UT02', 'TTNT', 'SV0052@gm.uit.edu.vn', '0856789123', '155 Đường Lương Ngọc Quyến, Phường Hoàng Văn Thụ'),
  ('SV0053', 'Nguyễn Mai Linh', '2001-06-02', 'Nam', 'Tỉnh Tuyên Quang', '027', 'UT01', 'KHLDL', 'SV0053@gm.uit.edu.vn', '0967891234', '166 Đường Nguyễn Trai, Phường Phan Thiết'),
  ('SV0054', 'Võ Văn Long', '2000-05-21', 'Nam', 'Tỉnh Lào Cai', '029', 'UT01', 'CNTT', 'SV0054@gm.uit.edu.vn', '0178912345', '177 Đường Cầu Mây, Phường Bình Minh'),
  ('SV0055', 'Lê Thị Hà', '2001-04-02', 'Nam', 'Tỉnh Điện Biên', '030', 'UT01', 'CNTT', 'SV0055@gm.uit.edu.vn', '0289123456', '188 Đường 7 Tháng 5, Phường Him Lam'),
  ('SV0056', 'Võ Huy Linh', '2003-11-09', 'Nữ', 'Tỉnh Lai Châu', '031', 'UT01', 'TTMT', 'SV0056@gm.uit.edu.vn', '0391234567', '199 Đường Trần Hưng Đạo, Phường Đông Phong'),
  ('SV0057', 'Võ Ngọc Mai', '2001-12-11', 'Nam', 'Tỉnh Sơn La', '032', 'UT02', 'KTMT', 'SV0057@gm.uit.edu.vn', '0412345678', '200 Đường Tô Hiến Thành, Phường Chiềng Lề'),
  ('SV0058', 'Lê Văn Linh', '2002-10-28', 'Nam', 'Tỉnh Hòa Bình', '033', 'UT02', 'CNTT_Nhat', 'SV0058@gm.uit.edu.vn', '0523456789', '211 Đường Trần Nhân Tông, Phường Phương Lâm'),
  ('SV0059', 'Huỳnh Anh Long', '2000-11-07', 'Nam', 'Tỉnh Hà Giang', '025', 'UT02', 'HTTT', 'SV0059@gm.uit.edu.vn', '0634567891', '222 Đường Lý Thái Tổ, Phường Nguyễn Trãi'),
  ('SV0060', 'Nguyễn Văn Long', '2000-05-14', 'Nam', 'Tỉnh Yên Bái', '026', 'UT01', 'KHMT', 'SV0060@gm.uit.edu.vn', '0745678912', '233 Đường Điện Biên, Phường Đồng Tâm'),
  ('SV0061', 'Hoàng Ngọc Linh', '2004-06-15', 'Nam', 'Tỉnh Phú Thọ', '028', 'UT02', 'KTPM', 'SV0061@gm.uit.edu.vn', '0856789123', '244 Đường Lê Hồng Phong, Phường Gia Cẩm'),
  ('SV0062', 'Huỳnh Mai An', '2002-06-23', 'Nữ', 'Tỉnh Bắc Giang', '022', 'UT01', 'KTMT', 'SV0062@gm.uit.edu.vn', '0967891234', '255 Đường Xuân Thủy, Phường Hoàng Văn Thụ'),
  ('SV0063', 'Hoàng Thanh Khánh', '2001-11-17', 'Nam', 'Tỉnh Bắc Ninh', '028', 'UT01', 'HTTT', 'SV0063@gm.uit.edu.vn', '0178912345', '266 Đường Võ Nguyên Giáp, Phường Suối Hoa'),
  ('SV0064', 'Võ Mai Dũng', '2003-08-24', 'Nam', 'Tỉnh Hải Dương', '029', 'UT01', 'VMC', 'SV0064@gm.uit.edu.vn', '0289123456', '277 Đường Nguyễn Bỉnh Khiêm, Phường Lê Thanh Nghị'),
  ('SV0065', 'Phan Quang Dũng', '2005-11-01', 'Nam', 'Tỉnh Hưng Yên', '023', 'UT02', 'VMC', 'SV0065@gm.uit.edu.vn', '0391234567', '288 Đường Phạm Hùng, Phường An Tảo'),
  ('SV0066', 'Phan Quang Mai', '2000-03-24', 'Nữ', 'Tỉnh Hà Nam', '022', 'UT01', 'HTTT', 'SV0066@gm.uit.edu.vn', '0412345678', '299 Đường Lê Lai, Phường Lam Hạ'),
  ('SV0067', 'Nguyễn Minh Bình', '2005-04-17', 'Nữ', 'Tỉnh Nam Định', '024', 'UT02', 'CNTT_Nhat', 'SV0067@gm.uit.edu.vn', '0523456789', '300 Đường Trường Chinh, Phường Vị Hoàng'),
  ('SV0068', 'Huỳnh Quang Khánh', '2002-08-19', 'Nam', 'Tỉnh Thái Bình', '024', 'UT01', 'VMC', 'SV0068@gm.uit.edu.vn', '0634567891', '311 Đường Lý Thường Kiệt, Phường Trần Hưng Đạo'),
  ('SV0069', 'Phạm Minh Mai', '2004-07-06', 'Nam', 'Tỉnh Ninh Bình', '023', 'UT02', 'KHMT', 'SV0069@gm.uit.edu.vn', '0745678912', '322 Đường Tràng An, Phường Đông Thành'),
  ('SV0070', 'Lê Văn Mai', '2003-08-30', 'Nam', 'Tỉnh Thanh Hóa', '025', 'UT01', 'HTTT', 'SV0070@gm.uit.edu.vn', '0856789123', '333 Đường Hàm Nghi, Phường Ba Đình'),
  ('SV0071', 'Nguyễn Anh Linh', '2000-02-25', 'Nữ', 'Tỉnh Nghệ An', '026', 'UT02', 'CNTT_Nhat', 'SV0071@gm.uit.edu.vn', '0967891234', '344 Đường Quang Trung, Phường Vinh'),
  ('SV0072', 'Lê Huy Hà', '2002-08-30', 'Nữ', 'Tỉnh Hà Tĩnh', '011', 'UT01', 'TTMT', 'SV0072@gm.uit.edu.vn', '0178912345', '355 Đường Phan Đình Phùng, Phường Nam Hà'),
  ('SV0073', 'Phạm Văn Linh', '2004-05-06', 'Nữ', 'Tỉnh Quảng Bình', '009', 'UT01', 'TMDT', 'SV0073@gm.uit.edu.vn', '0289123456', '366 Đường Võ Nguyên Giáp, Phường Đồng Phú'),
  ('SV0074', 'Lê Anh Linh', '2000-11-19', 'Nữ', 'Tỉnh Quảng Trị', '008', 'UT02', 'KHMT', 'SV0074@gm.uit.edu.vn', '0391234567', '377 Đường Hùng Vương, Phường 1'),
  ('SV0075', 'Đặng Mai An', '2005-11-16', 'Nam', 'Tỉnh Thừa Thiên Huế', '006', 'UT02', 'CNTT_Nhat', 'SV0075@gm.uit.edu.vn', '0412345678', '388 Đường Lê Lợi, Phường Vĩnh Ninh'),
  ('SV0076', 'Đặng Minh Dũng', '2003-04-06', 'Nữ', 'Tỉnh Đà Nẵng', '007', 'UT01', 'CNTT_Nhat', 'SV0076@gm.uit.edu.vn', '0523456789', '399 Đường Bạch Đằng, Phường Hải Châu 1'),
  ('SV0077', 'Đặng Anh Long', '2000-04-25', 'Nữ', 'Tỉnh Quảng Nam', '007', 'UT01', 'HTTT', 'SV0077@gm.uit.edu.vn', '0634567891', '400 Đường Trần Hưng Đạo, Phường Minh An'),
  ('SV0078', 'Trần Ngọc Hùng', '2003-11-14', 'Nam', 'Tỉnh Quảng Ngãi', '036', 'UT02', 'TMDT', 'SV0078@gm.uit.edu.vn', '0745678912', '411 Đường Phan Bội Châu, Phường Lý Thường Kiệt'),
  ('SV0079', 'Lê Hữu Cường', '2001-07-17', 'Nữ', 'Tỉnh Bình Định', '034', 'UT02', 'CNTT', 'SV0079@gm.uit.edu.vn', '0856789123', '422 Đường An Dương Vương, Phường Quang Trung'),
  ('SV0080', 'Huỳnh Minh Hùng', '2003-10-09', 'Nam', 'Tỉnh Phú Yên', '044', 'UT01', 'TTMT', 'SV0080@gm.uit.edu.vn', '0967891234', '433 Đường Ngô Gia Tự, Phường 7'),
  ('SV0081', 'Hoàng Thanh Hùng', '2005-10-02', 'Nam', 'Tỉnh Khánh Hòa', '043', 'UT01', 'CNTT', 'SV0081@gm.uit.edu.vn', '0178912345', '444 Đường Pasteur, Phường Vĩnh Phước'),
  ('SV0082', 'Trần Quang Hà', '2003-11-26', 'Nữ', 'Tỉnh Ninh Thuận', '045', 'UT01', 'KHLDL', 'SV0082@gm.uit.edu.vn', '0289123456', '455 Đường 16 Tháng 4, Phường Mỹ Bình'),
  ('SV0083', 'Đặng Quang Hùng', '2000-04-22', 'Nam', 'Tỉnh Bình Thuận', '043', 'UT02', 'TTMT', 'SV0083@gm.uit.edu.vn', '0391234567', '466 Đường Nguyễn Tất Thành, Phường Phú Trinh'),
  ('SV0084', 'Huỳnh Quang Hoa', '2001-04-01', 'Nữ', 'Tỉnh Kon Tum', '041', 'UT02', 'TMDT', 'SV0084@gm.uit.edu.vn', '0412345678', '477 Đường Nguyễn Huệ, Phường Quyết Thắng'),
  ('SV0085', 'Phan Huy Bình', '2001-11-14', 'Nữ', 'Tỉnh Gia Lai', '040', 'UT02', 'CNTT_Nhat', 'SV0085@gm.uit.edu.vn', '0523456789', '488 Đường Lê Duẩn, Phường Diên Hồng'),
  ('SV0086', 'Hoàng Mai Hà', '2005-04-10', 'Nữ', 'Tỉnh Đắk Lắk', '042', 'UT02', 'HTTT', 'SV0086@gm.uit.edu.vn', '0634567891', '499 Đường Y Jút, Phường Tân Lập'),
  ('SV0087', 'Đặng Văn Linh', '2001-09-06', 'Nữ', 'Tỉnh Đắk Nông', '027', 'UT01', 'TMDT', 'SV0087@gm.uit.edu.vn', '0745678912', '500 Đường Nguyễn Du, Phường Nghĩa Đức'),
  ('SV0088', 'Vũ Huy An', '2002-04-14', 'Nam', 'Tỉnh Lâm Đồng', '026', 'UT01', 'CNTT', 'SV0088@gm.uit.edu.vn', '0856789123', '511 Đường 3 Tháng 2, Phường 1'),
  ('SV0089', 'Vũ Văn An', '2002-02-25', 'Nữ', 'Tỉnh Bình Phước', '040', 'UT02', 'HTTT', 'SV0089@gm.uit.edu.vn', '0967891234', '522 Đường Lê Duẩn, Phường Tân Xuân'),
  ('SV0090', 'Vũ Mai Bình', '2001-11-07', 'Nam', 'Tỉnh Tây Ninh', '025', 'UT02', 'HTTT', 'SV0090@gm.uit.edu.vn', '0178912345', '533 Đường Cách Mạng Tháng 8, Phường 1'),
  ('SV0091', 'Nguyễn Văn Cường', '2004-10-11', 'Nữ', 'Tỉnh Bình Dương', '038', 'UT02', 'VMC', 'SV0091@gm.uit.edu.vn', '0289123456', '544 Đường Thống Nhất, Phường Phú Hòa'),
  ('SV0092', 'Huỳnh Thị Linh', '2000-02-09', 'Nam', 'Tỉnh Đồng Nai', '019', 'UT01', 'CNTT_Nhat', 'SV0092@gm.uit.edu.vn', '0391234567', '555 Đường Võ Thị Sáu, Phường Quyết Thắng'),
  ('SV0093', 'Trần Thanh An', '2003-08-02', 'Nữ', 'Tỉnh Bà Rịa Vũng Tàu', '020', 'UT02', 'TTNT', 'SV0093@gm.uit.edu.vn', '0412345678', '566 Đường Thùy Vân, Phường Thắng Tam'),
  ('SV0094', 'Nguyễn Minh Bình', '2004-04-07', 'Nữ', 'Tỉnh Long An', '019', 'UT02', 'KHLDL', 'SV0094@gm.uit.edu.vn', '0523456789', '577 Đường Nguyễn Huệ, Xã Tân Hưng'),
  ('SV0095', 'Hoàng Mai Hà', '2001-04-05', 'Nữ', 'Tỉnh Tiền Giang', '021', 'UT01', 'CNTT_Nhat', 'SV0095@gm.uit.edu.vn', '0634567891', '588 Đường Ap Bắc, Phường Mỹ Tho'),
  ('SV0096', 'Phan Huy Long', '2000-07-30', 'Nam', 'Tỉnh An Giang', '016', 'UT01', 'CNTT_Nhat', 'SV0096@gm.uit.edu.vn', '0745678912', '599 Đường Tôn Đức Thắng, Phường Mỹ Bình'),
  ('SV0097', 'Huỳnh Văn Linh', '2003-08-30', 'Nam', 'Tỉnh Đồng Tháp', '031', 'UT01', 'HTTT', 'SV0097@gm.uit.edu.vn', '0856789123', '600 Đường Phạm Ngũ Lão, Phường 1'),
  ('SV0098', 'Vũ Huy Dũng', '2001-07-25', 'Nữ', 'Tỉnh Vĩnh Long', '033', 'UT01', 'HTTT', 'SV0098@gm.uit.edu.vn', '0967891234', '611 Đường Hoàng Thái Hiếu, Phường 1'),
  ('SV0099', 'Vũ Quang Hoa', '2001-12-23', 'Nam', 'Tỉnh Trà Vinh', '035', 'UT01', 'HTTT', 'SV0099@gm.uit.edu.vn', '0178912345', '622 Đường Lê Lợi, Phường 8'),
  ('SV0100', 'Phan Ngọc Bình', '2003-08-17', 'Nữ', 'Tỉnh Bến Tre', '032', 'UT01', 'CNTT_Nhat', 'SV0100@gm.uit.edu.vn', '0289123456', '633 Đường Đồng Khởi, Phường 1');

INSERT INTO SINHVIEN (MaSoSinhVien, HoTen, NgaySinh, GioiTinh, QueQuan, MaHuyen, MaDoiTuongUT, MaNganh, Email, SoDienThoai, DiaChi) VALUES
  ('SV0101', 'Võ Văn Linh', '2002-02-23', 'Nữ', 'Tỉnh Cần Thơ', '013', 'UT01', 'HTTT', 'SV0101@gm.uit.edu.vn', '0391234567', '644 Đường 30 Tháng 4, Phường Xuân Khánh'),
  ('SV0102', 'Phạm Huy An', '2003-05-22', 'Nam', 'Tỉnh Hậu Giang', '014', 'UT01', 'VMC', 'SV0102@gm.uit.edu.vn', '0412345678', '655 Đường Ngô Quyền, Phường 1'),
  ('SV0103', 'Hoàng Mai Long', '2001-07-04', 'Nam', 'Tỉnh Sóc Trăng', '046', 'UT01', 'ATTT', 'SV0103@gm.uit.edu.vn', '0523456789', '666 Đường Trần Hưng Đạo, Phường 5'),
  ('SV0104', 'Võ Minh Linh', '2005-01-05', 'Nam', 'Tỉnh Kiên Giang', '047', 'UT02', 'CNTT', 'SV0104@gm.uit.edu.vn', '0634567891', '677 Đường Nguyễn Trãi, Phường Vĩnh Thanh'),
  ('SV0105', 'Nguyễn Quang Dũng', '2003-07-01', 'Nam', 'Tỉnh Cà Mau', '048', 'UT01', 'KTPM', 'SV0105@gm.uit.edu.vn', '0745678912', '688 Đường Phan Bội Châu, Phường 5'),
  ('SV0106', 'Hoàng Quang Long', '2004-03-29', 'Nữ', 'Tỉnh Bạc Liêu', '047', 'UT02', 'TTMT', 'SV0106@gm.uit.edu.vn', '0856789123', '699 Đường Hòa Bình, Phường 1'),
  ('SV0107', 'Lê Mai Bình', '2000-09-09', 'Nam', 'Tỉnh U Minh', '048', 'UT01', 'KHMT', 'SV0107@gm.uit.edu.vn', '0967891234', '700 Đường Lý Thường Kiệt, Phường Khánh Hưng'),
  ('SV0108', 'Hoàng Ngọc An', '2005-03-02', 'Nam', 'Tỉnh Châu Đốc', '017', 'UT02', 'KHLDL', 'SV0108@gm.uit.edu.vn', '0178912345', '711 Đường Lê Lợi, Phường Châu Phú A'),
  ('SV0109', 'Võ Minh Long', '2004-07-23', 'Nam', 'Tỉnh Rạch Giá', '016', 'UT02', 'HTTT', 'SV0109@gm.uit.edu.vn', '0289123456', '722 Đường Bạch Đằng, Phường Rạch Dừa'),
  ('SV0110', 'Nguyễn Thanh Dũng', '2002-02-12', 'Nữ', 'Tỉnh Hà Tiên', '018', 'UT01', 'HTTT', 'SV0110@gm.uit.edu.vn', '0391234567', '733 Đường Tô Châu, Phường Bình San'),
  ('SV0111', 'Trần Thị Cường', '2000-07-31', 'Nam', 'Tỉnh Cao Lãnh', '031', 'UT02', 'CNTT_Nhat', 'SV0111@gm.uit.edu.vn', '0412345678', '744 Đường Lý Thái Tổ, Phường 1'),
  ('SV0112', 'Nguyễn Thanh Bình', '2005-04-24', 'Nữ', 'Tỉnh Sa Đéc', '032', 'UT01', 'ATTT', 'SV0112@gm.uit.edu.vn', '0523456789', '755 Đường Hùng Vương, Phường 1'),
  ('SV0113', 'Võ Minh Linh', '2000-05-11', 'Nữ', 'Tỉnh Hồng Ngự', '033', 'UT01', 'ATTT', 'SV0113@gm.uit.edu.vn', '0634567891', '766 Đường An Thạnh, Phường An Thạnh'),
  ('SV0114', 'Hoàng Thanh Hà', '2002-10-01', 'Nam', 'Tỉnh Mỹ Tho', '021', 'UT02', 'TTMT', 'SV0114@gm.uit.edu.vn', '0745678912', '777 Đường Điện Biên Phủ, Phường 1'),
  ('SV0115', 'Phạm Mai Cường', '2004-01-31', 'Nữ', 'Tỉnh Gò Công', '021', 'UT01', 'KHMT', 'SV0115@gm.uit.edu.vn', '0856789123', '788 Đường Ấp Bắc, Phường 3'),
  ('SV0116', 'Lê Mai Mai', '2001-01-16', 'Nữ', 'Tỉnh Cai Lậy', '032', 'UT01', 'HTTT', 'SV0116@gm.uit.edu.vn', '0967891234', '799 Đường Nguyễn Ái Quốc, Phường 2'),
  ('SV0117', 'Hoàng Hữu Hùng', '2005-11-20', 'Nữ', 'Tỉnh Bến Tre', '032', 'UT01', 'HTTT', 'SV0117@gm.uit.edu.vn', '0178912345', '800 Đường Đồng Khởi, Phường 1'),
  ('SV0118', 'Nguyễn Mai Mai', '2004-02-13', 'Nữ', 'Tỉnh Ba Tri', '033', 'UT01', 'VMC', 'SV0118@gm.uit.edu.vn', '0289123456', '811 Đường Nguyễn Đình Chiểu, Phường 4'),
  ('SV0119', 'Vũ Hữu Cường', '2005-01-07', 'Nam', 'Tỉnh Giồng Trôm', '033', 'UT01', 'KHMT', 'SV0119@gm.uit.edu.vn', '0391234567', '822 Đường Phan Văn Hớn, Phường 2'),
  ('SV0120', 'Đặng Thanh Cường', '2001-03-20', 'Nữ', 'Tỉnh Trà Vinh', '035', 'UT02', 'KTMT', 'SV0120@gm.uit.edu.vn', '0412345678', '833 Đường Lê Lợi, Phường 8'),
  ('SV0121', 'Lê Huy An', '2003-02-21', 'Nam', 'Tỉnh Càng Long', '035', 'UT02', 'TTNT', 'SV0121@gm.uit.edu.vn', '0523456789', '844 Đường Nguyễn Thái Học, Phường 5'),
  ('SV0122', 'Phan Hữu Mai', '2001-02-23', 'Nữ', 'Tỉnh Cầu Kè', '035', 'UT01', 'TTNT', 'SV0122@gm.uit.edu.vn', '0634567891', '855 Đường Lý Thường Kiệt, Phường 2'),
  ('SV0123', 'Trần Quang An', '2002-10-17', 'Nam', 'Tỉnh Vĩnh Long', '033', 'UT02', 'ATTT', 'SV0123@gm.uit.edu.vn', '0745678912', '866 Đường Hoàng Thái Hiếu, Phường 1'),
  ('SV0124', 'Phạm Thị Cường', '2005-10-30', 'Nam', 'Tỉnh Long Hồ', '033', 'UT02', 'KHMT', 'SV0124@gm.uit.edu.vn', '0856789123', '877 Đường Phạm Thái Bường, Phường 1'),
  ('SV0125', 'Nguyễn Quang Cường', '2005-08-25', 'Nữ', 'Tỉnh Tam Bình', '033', 'UT02', 'HTTT', 'SV0125@gm.uit.edu.vn', '0967891234', '888 Đường Cách Mạng Tháng 8, Phường 1'),
  ('SV0126', 'Vũ Thanh Cường', '2001-09-22', 'Nữ', 'Tỉnh Phú Quốc', '047', 'UT01', 'CNTT', 'SV0126@gm.uit.edu.vn', '0178912345', '899 Đường Trần Hưng Đạo, Phường Dương Đông'),
  ('SV0127', 'Võ Hữu Mai', '2002-09-08', 'Nữ', 'Tỉnh Rạch Giá', '016', 'UT02', 'KTPM', 'SV0127@gm.uit.edu.vn', '0289123456', '900 Đường Nguyễn Trung Trực, Phường Vĩnh Lạc'),
  ('SV0128', 'Phạm Ngọc Hùng', '2005-08-19', 'Nam', 'Tỉnh Hà Tiên', '018', 'UT01', 'KHMT', 'SV0128@gm.uit.edu.vn', '0391234567', '911 Đường Mạc Cửu, Phường Tô Châu'),
  ('SV0129', 'Hoàng Ngọc Dũng', '2005-10-19', 'Nữ', 'Tỉnh An Giang', '016', 'UT01', 'CNTT_Nhat', 'SV0129@gm.uit.edu.vn', '0412345678', '922 Đường Tôn Đức Thắng, Phường Mỹ Bình'),
  ('SV0130', 'Phạm Ngọc Hà', '2005-05-13', 'Nam', 'Tỉnh Châu Đốc', '017', 'UT02', 'HTTT', 'SV0130@gm.uit.edu.vn', '0523456789', '933 Đường Lê Lợi, Phường Châu Phú A'),
  ('SV0131', 'Đặng Quang Cường', '2001-10-12', 'Nữ', 'Tỉnh Tân Châu', '018', 'UT01', 'KTMT', 'SV0131@gm.uit.edu.vn', '0634567891', '944 Đường Nguyễn Văn Cừ, Phường Long Châu'),
  ('SV0132', 'Trần Hữu Khánh', '2000-05-11', 'Nữ', 'Tỉnh Cao Lãnh', '031', 'UT01', 'VMC', 'SV0132@gm.uit.edu.vn', '0745678912', '955 Đường Lý Thái Tổ, Phường 1'),
  ('SV0133', 'Trần Văn Dũng', '2004-06-07', 'Nam', 'Tỉnh Sa Đéc', '032', 'UT01', 'KHLDL', 'SV0133@gm.uit.edu.vn', '0856789123', '966 Đường Hùng Vương, Phường 1'),
  ('SV0134', 'Võ Ngọc Hà', '2003-12-16', 'Nữ', 'Tỉnh Lạng Sơn', '029', 'UT02', 'KTMT', 'SV0134@gm.uit.edu.vn', '0967891234', '977 Đường Lê Lợi, Phường Chi Lăng'),
  ('SV0135', 'Huỳnh Mai Linh', '2001-03-11', 'Nam', 'Tỉnh Cao Bằng', '030', 'UT02', 'KHLDL', 'SV0135@gm.uit.edu.vn', '0178912345', '988 Đường Nguyễn Huệ, Phường Đề Thám'),
  ('SV0136', 'Trần Huy Khánh', '2005-10-01', 'Nam', 'Tỉnh Hà Giang', '025', 'UT02', 'VMC', 'SV0136@gm.uit.edu.vn', '0289123456', '999 Đường Lý Thái Tổ, Phường Nguyễn Trãi'),
  ('SV0137', 'Hoàng Thanh Bình', '2005-08-06', 'Nữ', 'Tỉnh Yên Bái', '026', 'UT01', 'KHMT', 'SV0137@gm.uit.edu.vn', '0391234567', '1000 Đường Điện Biên, Phường Đồng Tâm'),
  ('SV0138', 'Lê Văn Linh', '2002-03-05', 'Nữ', 'Tỉnh Tuyên Quang', '027', 'UT02', 'HTTT', 'SV0138@gm.uit.edu.vn', '0412345678', '1011 Đường Nguyễn Trai, Phường Phan Thiết'),
  ('SV0139', 'Phan Ngọc Bình', '2000-07-07', 'Nữ', 'Tỉnh Lào Cai', '029', 'UT01', 'CNTT_Nhat', 'SV0139@gm.uit.edu.vn', '0523456789', '1022 Đường Cầu Mây, Phường Bình Minh'),
  ('SV0140', 'Lê Mai Dũng', '2002-05-11', 'Nữ', 'Tỉnh Điện Biên', '030', 'UT01', 'ATTT', 'SV0140@gm.uit.edu.vn', '0634567891', '1033 Đường 7 Tháng 5, Phường Him Lam'),
  ('SV0141', 'Đặng Huy Mai', '2003-06-15', 'Nữ', 'Tỉnh Lai Châu', '031', 'UT01', 'KTMT', 'SV0141@gm.uit.edu.vn', '0745678912', '1044 Đường Trần Hưng Đạo, Phường Đông Phong'),
  ('SV0142', 'Phạm Văn Dũng', '2000-12-01', 'Nữ', 'Tỉnh Sơn La', '032', 'UT01', 'TTNT', 'SV0142@gm.uit.edu.vn', '0856789123', '1055 Đường Tô Hiến Thành, Phường Chiềng Lề'),
  ('SV0143', 'Lê Hữu Mai', '2005-02-12', 'Nam', 'Tỉnh Hòa Bình', '033', 'UT02', 'TMDT', 'SV0143@gm.uit.edu.vn', '0967891234', '1066 Đường Trần Nhân Tông, Phường Phương Lâm'),
  ('SV0144', 'Phạm Văn Khánh', '2001-03-27', 'Nữ', 'Tỉnh Phú Thọ', '028', 'UT02', 'TTMT', 'SV0144@gm.uit.edu.vn', '0178912345', '1077 Đường Lê Hồng Phong, Phường Gia Cẩm'),
  ('SV0145', 'Đặng Thị Hùng', '2002-02-10', 'Nam', 'Tỉnh Vĩnh Phúc', '006', 'UT02', 'KHLDL', 'SV0145@gm.uit.edu.vn', '0289123456', '1088 Đường Mê Linh, Phường Liên Bảo'),
  ('SV0146', 'Hoàng Quang Hoa', '2000-04-04', 'Nam', 'Tỉnh Bắc Giang', '022', 'UT02', 'KHMT', 'SV0146@gm.uit.edu.vn', '0391234567', '1099 Đường Xuân Thủy, Phường Hoàng Văn Thụ'),
  ('SV0147', 'Phạm Hữu Linh', '2000-03-20', 'Nữ', 'Tỉnh Bắc Ninh', '028', 'UT01', 'KTMT', 'SV0147@gm.uit.edu.vn', '0412345678', '1100 Đường Võ Nguyên Giáp, Phường Suối Hoa'),
  ('SV0148', 'Vũ Ngọc Cường', '2001-10-09', 'Nữ', 'Tỉnh Hải Dương', '029', 'UT02', 'TMDT', 'SV0148@gm.uit.edu.vn', '0523456789', '1111 Đường Nguyễn Bỉnh Khiêm, Phường Lê Thanh Nghị'),
  ('SV0149', 'Hoàng Hữu Mai', '2000-02-09', 'Nữ', 'Tỉnh Hưng Yên', '023', 'UT02', 'CNTT_Nhat', 'SV0149@gm.uit.edu.vn', '0634567891', '1122 Đường Phạm Hùng, Phường An Tảo'),  ('SV0150', 'Phạm Quang Bình', '2002-02-26', 'Nam', 'Tỉnh Hà Nam', '022', 'UT01', 'VMC', 'SV0150@gm.uit.edu.vn', '0745678912', '1133 Đường Lê Lai, Phường Lam Hạ'),
  ('SV0151', 'Đặng Ngọc Long', '2002-09-12', 'Nam', 'Tỉnh Nam Định', '024', 'UT02', 'TTMT', 'SV0151@gm.uit.edu.vn', '0856789123', '1144 Đường Trường Chinh, Phường Vị Hoàng'),
  ('SV0152', 'Hoàng Ngọc Bình', '2000-02-08', 'Nữ', 'Tỉnh Thái Bình', '024', 'UT01', 'HTTT', 'SV0152@gm.uit.edu.vn', '0967891234', '1155 Đường Lý Thường Kiệt, Phường Trần Hưng Đạo'),
  ('SV0153', 'Phan Anh An', '2002-04-06', 'Nữ', 'Tỉnh Ninh Bình', '023', 'UT01', 'ATTT', 'SV0153@gm.uit.edu.vn', '0178912345', '1166 Đường Tràng An, Phường Đông Thành'),
  ('SV0154', 'Trần Minh An', '2000-01-24', 'Nam', 'Tỉnh Thanh Hóa', '025', 'UT02', 'KHLDL', 'SV0154@gm.uit.edu.vn', '0289123456', '1177 Đường Hàm Nghi, Phường Ba Đình'),
  ('SV0155', 'Nguyễn Thanh Hùng', '2001-03-12', 'Nữ', 'Tỉnh Nghệ An', '026', 'UT01', 'KTMT', 'SV0155@gm.uit.edu.vn', '0391234567', '1188 Đường Quang Trung, Phường Vinh'),
  ('SV0156', 'Võ Mai Dũng', '2005-04-23', 'Nữ', 'Tỉnh Hà Tĩnh', '011', 'UT01', 'KTMT', 'SV0156@gm.uit.edu.vn', '0412345678', '1199 Đường Phan Đình Phùng, Phường Nam Hà'),
  ('SV0157', 'Trần Anh Dũng', '2005-08-21', 'Nữ', 'Tỉnh Quảng Bình', '009', 'UT01', 'VMC', 'SV0157@gm.uit.edu.vn', '0523456789', '1200 Đường Võ Nguyên Giáp, Phường Đồng Phú'),
  ('SV0158', 'Phạm Văn An', '2002-11-04', 'Nam', 'Tỉnh Quảng Trị', '008', 'UT02', 'TTMT', 'SV0158@gm.uit.edu.vn', '0634567891', '1211 Đường Hùng Vương, Phường 1'),
  ('SV0159', 'Đặng Thanh Hoa', '2002-02-02', 'Nam', 'Tỉnh Thừa Thiên Huế', '006', 'UT02', 'KHMT', 'SV0159@gm.uit.edu.vn', '0745678912', '1222 Đường Lê Lợi, Phường Vĩnh Ninh'),
  ('SV0160', 'Vũ Huy Cường', '2002-09-01', 'Nữ', 'Tỉnh Đà Nẵng', '007', 'UT02', 'KTPM', 'SV0160@gm.uit.edu.vn', '0856789123', '1233 Đường Bạch Đằng, Phường Hải Châu 1'),
  ('SV0161', 'Hoàng Minh Hùng', '2004-09-10', 'Nam', 'Tỉnh Quảng Nam', '007', 'UT01', 'ATTT', 'SV0161@gm.uit.edu.vn', '0967891234', '1244 Đường Trần Hưng Đạo, Phường Minh An'),
  ('SV0162', 'Phạm Văn Khánh', '2000-09-19', 'Nữ', 'Tỉnh Quảng Ngãi', '036', 'UT02', 'KTPM', 'SV0162@gm.uit.edu.vn', '0178912345', '1255 Đường Phan Bội Châu, Phường Lý Thường Kiệt'),
  ('SV0163', 'Phan Thị Linh', '2004-11-04', 'Nữ', 'Tỉnh Bình Định', '034', 'UT02', 'CNTT_Nhat', 'SV0163@gm.uit.edu.vn', '0289123456', '1266 Đường An Dương Vương, Phường Quang Trung'),
  ('SV0164', 'Trần Quang Hùng', '2003-12-01', 'Nữ', 'Tỉnh Phú Yên', '044', 'UT02', 'TMDT', 'SV0164@gm.uit.edu.vn', '0391234567', '1277 Đường Ngô Gia Tự, Phường 7'),
  ('SV0165', 'Huỳnh Văn Bình', '2001-11-03', 'Nam', 'Tỉnh Khánh Hòa', '043', 'UT02', 'TTMT', 'SV0165@gm.uit.edu.vn', '0412345678', '1288 Đường Pasteur, Phường Vĩnh Phước'),
  ('SV0166', 'Phan Minh An', '2001-06-22', 'Nam', 'Tỉnh Ninh Thuận', '045', 'UT02', 'KHLDL', 'SV0166@gm.uit.edu.vn', '0523456789', '1299 Đường 16 Tháng 4, Phường Mỹ Bình'),
  ('SV0167', 'Trần Ngọc Hoa', '2004-06-22', 'Nam', 'Tỉnh Bình Thuận', '043', 'UT01', 'KHLDL', 'SV0167@gm.uit.edu.vn', '0634567891', '1300 Đường Nguyễn Tất Thành, Phường Phú Trinh'),
  ('SV0168', 'Trần Thanh Dũng', '2003-03-08', 'Nữ', 'Tỉnh Kon Tum', '041', 'UT01', 'CNTT_Nhat', 'SV0168@gm.uit.edu.vn', '0745678912', '1311 Đường Nguyễn Huệ, Phường Quyết Thắng'),
  ('SV0169', 'Hoàng Minh Mai', '2003-08-11', 'Nữ', 'Tỉnh Gia Lai', '040', 'UT01', 'CNTT_Nhat', 'SV0169@gm.uit.edu.vn', '0856789123', '1322 Đường Lê Duẩn, Phường Diên Hồng'),
  ('SV0170', 'Võ Hữu Linh', '2002-01-06', 'Nữ', 'Tỉnh Đắk Lắk', '042', 'UT02', 'HTTT', 'SV0170@gm.uit.edu.vn', '0967891234', '1333 Đường Y Jút, Phường Tân Lập'),
  ('SV0171', 'Vũ Hữu Khánh', '2002-10-25', 'Nữ', 'Tỉnh Đắk Nông', '027', 'UT01', 'TTMT', 'SV0171@gm.uit.edu.vn', '0178912345', '1344 Đường Nguyễn Du, Phường Nghĩa Đức'),
  ('SV0172', 'Nguyễn Huy Hà', '2004-09-28', 'Nam', 'Tỉnh Lâm Đồng', '026', 'UT01', 'KTMT', 'SV0172@gm.uit.edu.vn', '0289123456', '1355 Đường 3 Tháng 2, Phường 1'),
  ('SV0173', 'Hoàng Quang Hà', '2003-03-28', 'Nam', 'Tỉnh Bình Phước', '040', 'UT01', 'CNTT', 'SV0173@gm.uit.edu.vn', '0391234567', '1366 Đường Lê Duẩn, Phường Tân Xuân'),
  ('SV0174', 'Hoàng Anh Hùng', '2000-07-16', 'Nữ', 'Tỉnh Tây Ninh', '025', 'UT02', 'CNTT', 'SV0174@gm.uit.edu.vn', '0412345678', '1377 Đường Cách Mạng Tháng 8, Phường 1'),
  ('SV0175', 'Phạm Quang Mai', '2002-01-09', 'Nữ', 'Tỉnh Bình Dương', '038', 'UT02', 'KHMT', 'SV0175@gm.uit.edu.vn', '0523456789', '1388 Đường Thống Nhất, Phường Phú Hòa'),
  ('SV0176', 'Lê Ngọc Hà', '2000-07-15', 'Nam', 'Tỉnh Đồng Nai', '019', 'UT02', 'ATTT', 'SV0176@gm.uit.edu.vn', '0634567891', '1399 Đường Võ Thị Sáu, Phường Quyết Thắng'),
  ('SV0177', 'Võ Ngọc Bình', '2004-03-08', 'Nam', 'Tỉnh Bà Rịa Vũng Tàu', '020', 'UT01', 'CNTT_Nhat', 'SV0177@gm.uit.edu.vn', '0745678912', '1400 Đường Thùy Vân, Phường Thắng Tam'),
  ('SV0178', 'Phạm Thị Long', '2001-07-02', 'Nữ', 'Tỉnh Long An', '019', 'UT02', 'TTMT', 'SV0178@gm.uit.edu.vn', '0856789123', '1411 Đường Nguyễn Huệ, Xã Tân Hưng'),
  ('SV0179', 'Vũ Thị Dũng', '2002-08-18', 'Nam', 'Tỉnh Tiền Giang', '021', 'UT02', 'HTTT', 'SV0179@gm.uit.edu.vn', '0967891234', '1422 Đường Ap Bắc, Phường Mỹ Tho'),
  ('SV0180', 'Lê Văn Khánh', '2003-02-25', 'Nam', 'Tỉnh An Giang', '016', 'UT01', 'TTMT', 'SV0180@gm.uit.edu.vn', '0178912345', '1433 Đường Tôn Đức Thắng, Phường Mỹ Bình'),
  ('SV0181', 'Huỳnh Huy Long', '2000-09-17', 'Nữ', 'Tỉnh Đồng Tháp', '031', 'UT02', 'HTTT', 'SV0181@gm.uit.edu.vn', '0289123456', '1444 Đường Phạm Ngũ Lão, Phường 1'),
  ('SV0182', 'Phạm Minh An', '2004-10-11', 'Nữ', 'Tỉnh Vĩnh Long', '033', 'UT01', 'HTTT', 'SV0182@gm.uit.edu.vn', '0391234567', '1455 Đường Hoàng Thái Hiếu, Phường 1'),
  ('SV0183', 'Phạm Ngọc Mai', '2000-07-28', 'Nữ', 'Tỉnh Trà Vinh', '035', 'UT02', 'KTMT', 'SV0183@gm.uit.edu.vn', '0412345678', '1466 Đường Lê Lợi, Phường 8'),
  ('SV0184', 'Võ Mai Khánh', '2005-02-06', 'Nữ', 'Tỉnh Bến Tre', '032', 'UT02', 'CNTT', 'SV0184@gm.uit.edu.vn', '0523456789', '1477 Đường Đồng Khởi, Phường 1'),
  ('SV0185', 'Phạm Thanh An', '2004-09-17', 'Nữ', 'Tỉnh Cần Thơ', '013', 'UT01', 'HTTT', 'SV0185@gm.uit.edu.vn', '0634567891', '1488 Đường 30 Tháng 4, Phường Xuân Khánh'),
  ('SV0186', 'Huỳnh Mai Long', '2005-06-28', 'Nam', 'Tỉnh Hậu Giang', '014', 'UT02', 'TMDT', 'SV0186@gm.uit.edu.vn', '0745678912', '1499 Đường Ngô Quyền, Phường 1'),
  ('SV0187', 'Đặng Huy Long', '2005-04-14', 'Nam', 'Tỉnh Sóc Trăng', '046', 'UT01', 'KHLDL', 'SV0187@gm.uit.edu.vn', '0856789123', '1500 Đường Trần Hưng Đạo, Phường 5'),
  ('SV0188', 'Lê Thị Hà', '2005-02-05', 'Nữ', 'Tỉnh Bạc Liêu', '047', 'UT02', 'HTTT', 'SV0188@gm.uit.edu.vn', '0967891234', '1511 Đường Hòa Bình, Phường 1'),
  ('SV0189', 'Vũ Hữu Mai', '2001-10-23', 'Nữ', 'Tỉnh Cà Mau', '048', 'UT02', 'ATTT', 'SV0189@gm.uit.edu.vn', '0178912345', '1522 Đường Phan Bội Châu, Phường 5'),
  ('SV0190', 'Phạm Huy An', '2005-02-13', 'Nữ', 'Tỉnh Kiên Giang', '047', 'UT01', 'TTNT', 'SV0190@gm.uit.edu.vn', '0289123456', '1533 Đường Nguyễn Trãi, Phường Vĩnh Thanh'),
  ('SV0191', 'Trần Anh An', '2001-05-13', 'Nữ', 'Tỉnh U Minh', '048', 'UT02', 'TTMT', 'SV0191@gm.uit.edu.vn', '0391234567', '1544 Đường Lý Thường Kiệt, Phường Khánh Hưng'),
  ('SV0192', 'Phan Thanh Hùng', '2001-04-16', 'Nữ', 'Tỉnh Rạch Giá', '016', 'UT01', 'TTNT', 'SV0192@gm.uit.edu.vn', '0412345678', '1555 Đường Bạch Đằng, Phường Rạch Dừa'),
  ('SV0193', 'Đặng Minh Linh', '2000-05-22', 'Nam', 'Tỉnh Hà Tiên', '018', 'UT02', 'VMC', 'SV0193@gm.uit.edu.vn', '0523456789', '1566 Đường Tô Châu, Phường Bình San'),
  ('SV0194', 'Lê Thị Linh', '2002-11-26', 'Nữ', 'Tỉnh Châu Đốc', '017', 'UT01', 'KTPM', 'SV0194@gm.uit.edu.vn', '0634567891', '1577 Đường Lê Lợi, Phường Châu Phú A'),
  ('SV0195', 'Đặng Minh An', '2001-01-06', 'Nữ', 'Tỉnh Tân Châu', '018', 'UT02', 'KTMT', 'SV0195@gm.uit.edu.vn', '0745678912', '1588 Đường Nguyễn Văn Cừ, Phường Long Châu'),
  ('SV0196', 'Trần Anh Khánh', '2001-10-06', 'Nữ', 'Tỉnh Cao Lãnh', '031', 'UT01', 'VMC', 'SV0196@gm.uit.edu.vn', '0856789123', '1599 Đường Lý Thái Tổ, Phường 1'),
  ('SV0197', 'Phan Minh Khánh', '2000-10-15', 'Nam', 'Tỉnh Sa Đéc', '032', 'UT01', 'CNTT_Nhat', 'SV0197@gm.uit.edu.vn', '0967891234', '1600 Đường Hùng Vương, Phường 1'),
  ('SV0198', 'Hoàng Minh Linh', '2003-12-29', 'Nam', 'Tỉnh Hồng Ngự', '033', 'UT02', 'CNTT_Nhat', 'SV0198@gm.uit.edu.vn', '0178912345', '1611 Đường An Thạnh, Phường An Thạnh'),
  ('SV0199', 'Nguyễn Quang Hoa', '2003-03-28', 'Nam', 'Tỉnh Mỹ Tho', '021', 'UT02', 'TMDT', 'SV0199@gm.uit.edu.vn', '0289123456', '1622 Đường Điện Biên Phủ, Phường 1'),
  ('SV0200', 'Phạm Văn Hoa', '2004-01-05', 'Nữ', 'Tỉnh Gò Công', '021', 'UT01', 'CNTT', 'SV0200@gm.uit.edu.vn', '0391234567', '1633 Đường Ấp Bắc, Phường 3');

INSERT INTO SINHVIEN (MaSoSinhVien, HoTen, NgaySinh, GioiTinh, QueQuan, MaHuyen, MaDoiTuongUT, MaNganh, Email, SoDienThoai, DiaChi) VALUES
  ('SV0201', 'Nguyễn Quang Cường', '2003-12-18', 'Nam', 'Tỉnh Sóc Trăng', '014', 'UT02', 'KHMT', 'SV0201@gm.uit.edu.vn', '0412345678', '89 Đường Lý Thường Kiệt, Phường 7'),
  ('SV0202', 'Lê Minh Hùng', '2000-09-27', 'Nam', 'Tỉnh Hậu Giang', '032', 'UT01', 'KHLDL', 'SV0202@gm.uit.edu.vn', '0523456789', '156 Đường Võ Văn Tần, Phường 1'),
  ('SV0203', 'Huỳnh Văn Hoa', '2001-02-25', 'Nam', 'Tỉnh Long An', '025', 'UT01', 'KHMT', 'SV0203@gm.uit.edu.vn', '0634567891', '234 Đường Trần Hưng Đạo, Phường 4'),
  ('SV0204', 'Phạm Thị Hùng', '2000-12-24', 'Nữ', 'Tỉnh Bình Dương', '018', 'UT01', 'CNTT_Nhat', 'SV0204@gm.uit.edu.vn', '0745678912', '67 Đường Nguyễn Đình Chiểu, Phường 2'),
  ('SV0205', 'Huỳnh Minh Cường', '2000-01-10', 'Nam', 'Tỉnh Tây Ninh', '041', 'UT02', 'TMDT', 'SV0205@gm.uit.edu.vn', '0856789123', '378 Đường Hai Bà Trưng, Phường 6'),
  ('SV0206', 'Võ Thanh Hà', '2003-05-15', 'Nam', 'Tỉnh Kiên Giang', '008', 'UT02', 'VMC', 'SV0206@gm.uit.edu.vn', '0967891234', '912 Đường Điện Biên Phủ, Phường 3'),
  ('SV0207', 'Hoàng Huy An', '2005-05-04', 'Nữ', 'Tỉnh Đồng Nai', '035', 'UT02', 'ATTT', 'SV0207@gm.uit.edu.vn', '0178912345', '45 Đường Lê Lợi, Phường 8'),
  ('SV0208', 'Phan Văn Bình', '2001-12-11', 'Nam', 'Tỉnh Bến Tre', '047', 'UT01', 'ATTT', 'SV0208@gm.uit.edu.vn', '0289123456', '567 Đường Phan Bội Châu, Phường 5'),
  ('SV0209', 'Phan Mai Hùng', '2005-06-21', 'Nam', 'Tỉnh Vĩnh Long', '026', 'UT02', 'KHMT', 'SV0209@gm.uit.edu.vn', '0391234567', '789 Đường Nguyễn Thái Học, Phường 9'),
  ('SV0210', 'Vũ Mai Linh', '2000-10-10', 'Nữ', 'Tỉnh Cà Mau', '013', 'UT01', 'VMC', 'SV0210@gm.uit.edu.vn', '0412345678', '123 Đường Lê Duẩn, Phường 1'),  ('SV0211', 'Vũ Minh Mai', '2000-02-19', 'Nam', 'Tỉnh Hà Tĩnh', '012', 'UT01', 'TTMT', 'SV0211@gm.uit.edu.vn', '0523456789', '456 Đường Trần Phú, Phường 2'),
  ('SV0212', 'Phạm Ngọc Hùng', '2005-02-22', 'Nữ', 'Tỉnh Nghệ An', '033', 'UT01', 'ATTT', 'SV0212@gm.uit.edu.vn', '0634567891', '789 Đường Hoàng Văn Thụ, Phường 7'),
  ('SV0213', 'Võ Thị Hùng', '2002-05-25', 'Nữ', 'Tỉnh Thanh Hóa', '015', 'UT01', 'ATTT', 'SV0213@gm.uit.edu.vn', '0745678912', '234 Đường Lê Hồng Phong, Phường 4'),
  ('SV0214', 'Phan Huy Hà', '2003-01-30', 'Nam', 'Tỉnh Ninh Bình', '028', 'UT01', 'TTMT', 'SV0214@gm.uit.edu.vn', '0856789123', '567 Đường Quang Trung, Phường 3'),
  ('SV0215', 'Trần Mai Bình', '2002-06-13', 'Nữ', 'Tỉnh Nam Định', '044', 'UT01', 'TTMT', 'SV0215@gm.uit.edu.vn', '0967891234', '890 Đường Nguyễn Du, Phường 6'),
  ('SV0216', 'Phạm Hữu Mai', '2000-03-04', 'Nữ', 'Tỉnh Hải Dương', '039', 'UT02', 'KTMT', 'SV0216@gm.uit.edu.vn', '0178912345', '123 Đường Hùng Vương, Phường 5'),
  ('SV0217', 'Trần Anh An', '2003-04-30', 'Nam', 'Tỉnh Hải Phòng', '017', 'UT01', 'TTMT', 'SV0217@gm.uit.edu.vn', '0289123456', '456 Đường Tô Hiến Thành, Phường 8'),
  ('SV0218', 'Võ Huy Hoa', '2002-04-15', 'Nữ', 'Tỉnh Quảng Ninh', '027', 'UT01', 'CNTT', 'SV0218@gm.uit.edu.vn', '0391234567', '789 Đường Nguyễn Trãi, Phường 1'),
  ('SV0219', 'Trần Thanh Hùng', '2003-06-11', 'Nữ', 'Tỉnh Lạng Sơn', '038', 'UT02', 'CNTT_Nhat', 'SV0219@gm.uit.edu.vn', '0412345678', '234 Đường Lê Thánh Tông, Phường 2'),
  ('SV0220', 'Võ Ngọc Hùng', '2001-05-03', 'Nam', 'Tỉnh Cao Bằng', '011', 'UT01', 'KHMT', 'SV0220@gm.uit.edu.vn', '0523456789', '567 Đường Phan Đình Phùng, Phường 4'),  ('SV0221', 'Trần Ngọc Hà', '2004-03-05', 'Nam', 'Tỉnh Bắc Kạn', '020', 'UT01', 'VMC', 'SV0221@gm.uit.edu.vn', '0634567891', '890 Đường Nguyễn Văn Cừ, Phường 3'),
  ('SV0222', 'Trần Quang Hùng', '2004-06-16', 'Nam', 'Tỉnh Thái Nguyên', '045', 'UT02', 'TTMT', 'SV0222@gm.uit.edu.vn', '0745678912', '123 Đường Lê Văn Lương, Phường 7'),
  ('SV0223', 'Huỳnh Hữu Bình', '2002-07-14', 'Nam', 'Tỉnh Lào Cai', '016', 'UT01', 'CNTT_Nhat', 'SV0223@gm.uit.edu.vn', '0856789123', '456 Đường Trần Bình Trọng, Phường 6'),
  ('SV0224', 'Nguyễn Ngọc Hà', '2005-03-27', 'Nam', 'Tỉnh Yên Bái', '031', 'UT01', 'KHMT', 'SV0224@gm.uit.edu.vn', '0967891234', '789 Đường Võ Thị Sáu, Phường 5'),
  ('SV0225', 'Phan Anh Hoa', '2003-03-27', 'Nữ', 'Tỉnh Sơn La', '042', 'UT01', 'KHLDL', 'SV0225@gm.uit.edu.vn', '0178912345', '234 Đường Lý Tự Trọng, Phường 8'),
  ('SV0226', 'Võ Hữu Long', '2005-10-05', 'Nữ', 'Tỉnh Điện Biên', '024', 'UT01', 'KTMT', 'SV0226@gm.uit.edu.vn', '0289123456', '567 Đường Nguyễn Thị Minh Khai, Phường 9'),
  ('SV0227', 'Đặng Hữu Bình', '2005-10-20', 'Nữ', 'Tỉnh Lai Châu', '036', 'UT01', 'CNTT', 'SV0227@gm.uit.edu.vn', '0391234568', '890 Đường Phan Châu Trinh, Phường 1'),
  ('SV0228', 'Đặng Thị Dũng', '2000-11-28', 'Nữ', 'Tỉnh Hà Giang', '030', 'UT02', 'HTTT', 'SV0228@gm.uit.edu.vn', '0412345679', '123 Đường Lê Quý Đôn, Phường 2'),
  ('SV0229', 'Lê Huy Linh', '2000-12-16', 'Nữ', 'Tỉnh Tuyên Quang', '046', 'UT02', 'CNTT_Nhat', 'SV0229@gm.uit.edu.vn', '0523456781', '456 Đường Trần Quang Khải, Phường 3'),
  ('SV0230', 'Phạm Anh Hà', '2005-10-07', 'Nữ', 'Tỉnh Phú Thọ', '022', 'UT02', 'KTPM', 'SV0230@gm.uit.edu.vn', '0634567892', '789 Đường Lê Lợi, Phường 4'),  ('SV0231', 'Hoàng Thanh An', '2002-10-03', 'Nữ', 'Tỉnh Vĩnh Phúc', '037', 'UT02', 'TMDT', 'SV0231@gm.uit.edu.vn', '0745678913', '234 Đường Hoàng Hoa Thám, Phường 6'),
  ('SV0232', 'Hoàng Anh Khánh', '2001-09-01', 'Nam', 'Tỉnh Bắc Giang', '019', 'UT02', 'TMDT', 'SV0232@gm.uit.edu.vn', '0856789124', '567 Đường Nguyễn Huệ, Phường 7'),
  ('SV0233', 'Vũ Thị Cường', '2000-02-11', 'Nữ', 'Tỉnh Bắc Ninh', '009', 'UT01', 'KTMT', 'SV0233@gm.uit.edu.vn', '0967891235', '890 Đường Lê Thánh Tông, Phường 5'),
  ('SV0234', 'Vũ Ngọc Hà', '2002-11-12', 'Nam', 'Tỉnh Hưng Yên', '043', 'UT02', 'KHLDL', 'SV0234@gm.uit.edu.vn', '0178912346', '123 Đường Đinh Tiên Hoàng, Phường 8'),
  ('SV0235', 'Hoàng Hữu Linh', '2005-07-21', 'Nữ', 'Tỉnh Hà Nam', '023', 'UT02', 'CNTT', 'SV0235@gm.uit.edu.vn', '0289123457', '456 Đường Trần Nhân Tông, Phường 9'),
  ('SV0236', 'Vũ Mai Linh', '2003-03-17', 'Nữ', 'Tỉnh Thái Bình', '040', 'UT01', 'TMDT', 'SV0236@gm.uit.edu.vn', '0391234569', '789 Đường Lê Văn Hiến, Phường 1'),
  ('SV0237', 'Huỳnh Mai Bình', '2005-09-17', 'Nam', 'Tỉnh Hà Nội', '048', 'UT02', 'TMDT', 'SV0237@gm.uit.edu.vn', '0412345681', '234 Đường Nguyễn Khuyến, Phường 2'),
  ('SV0238', 'Phan Mai Long', '2004-09-29', 'Nam', 'Tỉnh Hồ Chí Minh', '010', 'UT01', 'HTTT', 'SV0238@gm.uit.edu.vn', '0523456782', '567 Đường Phan Bá Vành, Phường 3'),
  ('SV0239', 'Trần Thanh Linh', '2002-09-01', 'Nữ', 'Tỉnh Đắk Lắk', '029', 'UT01', 'KHLDL', 'SV0239@gm.uit.edu.vn', '0634567893', '890 Đường Lê Thị Riêng, Phường 4'),  ('SV0240', 'Phan Ngọc Cường', '2001-12-16', 'Nam', 'Tỉnh Gia Lai', '034', 'UT02', 'TTNT', 'SV0240@gm.uit.edu.vn', '0745678914', '123 Đường Trần Khánh Dư, Phường 6'),
  ('SV0241', 'Trần Huy Hà', '2004-07-10', 'Nữ', 'Tỉnh Bà Rịa - Vũng Tàu', '013', 'UT01', 'CNTT_Nhat', 'SV0241@gm.uit.edu.vn', '0856789125', '45 Đường Nguyễn Huệ, Phường 3'),
  ('SV0242', 'Đặng Huy Long', '2005-07-20', 'Nam', 'Tỉnh Cao Bằng', '018', 'UT01', 'HTTT', 'SV0242@gm.uit.edu.vn', '0967891236', '78 Đường Lê Lợi, Phường 5'),
  ('SV0243', 'Phạm Quang Khánh', '2000-09-08', 'Nam', 'Tỉnh Đắk Lắk', '022', 'UT01', 'CNTT_Nhat', 'SV0243@gm.uit.edu.vn', '0178912347', '12 Đường Hai Bà Trưng, Phường 1'),
  ('SV0244', 'Phan Ngọc Long', '2003-06-09', 'Nam', 'Tỉnh Bình Dương', '025', 'UT01', 'CNTT', 'SV0244@gm.uit.edu.vn', '0289123458', '234 Đường Trần Phú, Phường 7'),
  ('SV0245', 'Võ Minh An', '2005-04-15', 'Nam', 'Tỉnh Hà Giang', '041', 'UT02', 'KTPM', 'SV0245@gm.uit.edu.vn', '0391234571', '67 Đường Điện Biên Phủ, Phường 2'),
  ('SV0246', 'Hoàng Minh Long', '2004-04-20', 'Nam', 'Tỉnh Ninh Bình', '007', 'UT01', 'TTMT', 'SV0246@gm.uit.edu.vn', '0412345682', '89 Đường Phan Chu Trinh, Phường 4'),
  ('SV0247', 'Lê Thanh Mai', '2004-01-18', 'Nữ', 'Tỉnh Bình Thuận', '015', 'UT02', 'CNTT', 'SV0247@gm.uit.edu.vn', '0523456783', '156 Đường Lý Thường Kiệt, Phường 8'),
  ('SV0248', 'Nguyễn Ngọc Cường', '2000-03-14', 'Nữ', 'Tỉnh Cà Mau', '030', 'UT02', 'KHMT', 'SV0248@gm.uit.edu.vn', '0634567894', '91 Đường Võ Văn Kiệt, Phường 6'),
  ('SV0249', 'Hoàng Anh Bình', '2004-11-24', 'Nữ', 'Tỉnh Đồng Nai', '017', 'UT02', 'HTTT', 'SV0249@gm.uit.edu.vn', '0745678915', '33 Đường Quang Trung, Phường 9'),
  ('SV0250', 'Vũ Huy Khánh', '2005-08-31', 'Nữ', 'Tỉnh Hà Nam', '044', 'UT01', 'KTMT', 'SV0250@gm.uit.edu.vn', '0856789126', '147 Đường Ngô Quyền, Phường 10'),  ('SV0251', 'Võ Văn Hùng', '2001-10-08', 'Nam', 'Tỉnh Hải Dương', '006', 'UT01', 'KHMT', 'SV0251@gm.uit.edu.vn', '0967891237', '258 Đường Lê Duẩn, Phường 11'),
  ('SV0252', 'Hoàng Văn Hùng', '2002-09-16', 'Nữ', 'Tỉnh Khánh Hòa', '021', 'UT02', 'KHMT', 'SV0252@gm.uit.edu.vn', '0178912348', '72 Đường Trường Chinh, Phường 12'),
  ('SV0253', 'Phạm Ngọc Bình', '2005-09-28', 'Nữ', 'Tỉnh Nam Định', '009', 'UT01', 'VMC', 'SV0253@gm.uit.edu.vn', '0289123459', '195 Đường Hoàng Văn Thụ, Phường 13'),
  ('SV0254', 'Nguyễn Thanh Dũng', '2005-03-30', 'Nam', 'Tỉnh Phú Thọ', '047', 'UT01', 'TMDT', 'SV0254@gm.uit.edu.vn', '0391234572', '84 Đường Nguyễn Thái Học, Phường 14'),
  ('SV0255', 'Đặng Hữu Hoa', '2002-07-13', 'Nữ', 'Tỉnh Quảng Bình', '026', 'UT02', 'TTNT', 'SV0255@gm.uit.edu.vn', '0412345683', '36 Đường Bạch Đằng, Phường 15'),
  ('SV0256', 'Lê Minh Khánh', '2003-12-14', 'Nữ', 'Tỉnh Sóc Trăng', '032', 'UT01', 'HTTT', 'SV0256@gm.uit.edu.vn', '0523456784', '119 Đường Cách Mạng Tháng 8, Phường 16'),
  ('SV0257', 'Phan Thanh Mai', '2000-01-03', 'Nữ', 'Tỉnh Thái Bình', '010', 'UT02', 'ATTT', 'SV0257@gm.uit.edu.vn', '0634567895', '273 Đường Phan Đình Phùng, Phường 17'),
  ('SV0258', 'Phạm Thị Dũng', '2005-11-30', 'Nam', 'Tỉnh Tuyên Quang', '014', 'UT01', 'KTPM', 'SV0258@gm.uit.edu.vn', '0745678916', '48 Đường Lê Thánh Tôn, Phường 18'),
  ('SV0259', 'Lê Thanh Cường', '2005-03-17', 'Nữ', 'Tỉnh Vĩnh Long', '033', 'UT02', 'KHLDL', 'SV0259@gm.uit.edu.vn', '0856789127', '161 Đường Pasteur, Phường 19'),
  ('SV0260', 'Đặng Quang Mai', '2001-04-11', 'Nữ', 'Tỉnh Yên Bái', '016', 'UT02', 'KHMT', 'SV0260@gm.uit.edu.vn', '0967891238', '95 Đường Yersin, Phường 20'),  ('SV0261', 'Hoàng Hữu Linh', '2001-05-20', 'Nam', 'Tỉnh Bắc Giang', '003', 'UT02', 'HTTT', 'SV0261@gm.uit.edu.vn', '0178912349', '217 Đường Nguyễn Công Trứ, Phường 21'),
  ('SV0262', 'Phạm Hữu Cường', '2005-04-08', 'Nam', 'Tỉnh Đăk Nông', '024', 'UT02', 'TTNT', 'SV0262@gm.uit.edu.vn', '0289123461', '63 Đường Lê Văn Duyệt, Phường 22'),
  ('SV0263', 'Nguyễn Minh Mai', '2000-12-06', 'Nam', 'Tỉnh Hà Tĩnh', '011', 'UT01', 'ATTT', 'SV0263@gm.uit.edu.vn', '0391234573', '184 Đường Tôn Đức Thắng, Phường 23'),
  ('SV0264', 'Phan Anh Mai', '2000-01-07', 'Nữ', 'Tỉnh Hưng Yên', '012', 'UT01', 'HTTT', 'SV0264@gm.uit.edu.vn', '0412345684', '76 Đường Hàm Nghi, Phường 24'),
  ('SV0265', 'Đặng Minh Long', '2005-02-20', 'Nữ', 'Tỉnh Lạng Sơn', '019', 'UT02', 'TMDT', 'SV0265@gm.uit.edu.vn', '0523456785', '129 Đường Võ Thị Sáu, Phường 25'),
  ('SV0266', 'Trần Văn Hà', '2004-03-19', 'Nữ', 'Tỉnh Phú Yên', '023', 'UT01', 'VMC', 'SV0266@gm.uit.edu.vn', '0634567896', '251 Đường Đinh Tiên Hoàng, Phường 26'),
  ('SV0267', 'Vũ Huy Dũng', '2005-04-29', 'Nam', 'Tỉnh Quảng Nam', '027', 'UT02', 'HTTT', 'SV0267@gm.uit.edu.vn', '0745678917', '87 Đường Lý Tự Trọng, Phường 27'),
  ('SV0268', 'Võ Quang Khánh', '2003-04-11', 'Nam', 'Tỉnh Quảng Ngãi', '028', 'UT02', 'TTMT', 'SV0268@gm.uit.edu.vn', '0856789128', '143 Đường Trần Hưng Đạo, Phường 28'),
  ('SV0269', 'Phan Ngọc Long', '2000-01-16', 'Nữ', 'Tỉnh Quảng Trị', '029', 'UT01', 'TTNT', 'SV0269@gm.uit.edu.vn', '0967891239', '209 Đường Nguyễn Du, Phường 29'),
  ('SV0270', 'Lê Minh Mai', '2003-11-07', 'Nữ', 'Tỉnh Thừa Thiên Huế', '031', 'UT02', 'TTNT', 'SV0270@gm.uit.edu.vn', '0178912351', '55 Đường Bùi Thị Xuân, Phường 30'),  ('SV0271', 'Đặng Minh Long', '2005-09-30', 'Nam', 'Tỉnh Vĩnh Phúc', '035', 'UT02', 'KTPM', 'SV0271@gm.uit.edu.vn', '0289123462', '178 Đường Nguyễn Trãi, Phường 31'),
  ('SV0272', 'Nguyễn Quang Linh', '2004-03-16', 'Nam', 'Tỉnh Bạc Liêu', '036', 'UT02', 'TMDT', 'SV0272@gm.uit.edu.vn', '0391234574', '92 Đường Lê Hồng Phong, Phường 32'),
  ('SV0273', 'Trần Thị Linh', '2005-08-10', 'Nam', 'Tỉnh Bến Tre', '037', 'UT01', 'TTMT', 'SV0273@gm.uit.edu.vn', '0412345685', '236 Đường Trần Quang Khải, Phường 33'),
  ('SV0274', 'Võ Thị Hoa', '2002-10-10', 'Nam', 'Tỉnh Kiên Giang', '038', 'UT02', 'KTPM', 'SV0274@gm.uit.edu.vn', '0523456786', '69 Đường Cao Thắng, Phường 34'),
  ('SV0275', 'Đặng Minh Long', '2005-08-12', 'Nam', 'Tỉnh Long An', '039', 'UT02', 'ATTT', 'SV0275@gm.uit.edu.vn', '0634567897', '153 Đường Nguyễn Thị Minh Khai, Phường 35'),
  ('SV0276', 'Trần Mai Dũng', '2003-09-20', 'Nữ', 'Tỉnh Tiền Giang', '040', 'UT02', 'KHLDL', 'SV0276@gm.uit.edu.vn', '0745678918', '275 Đường Hoàng Diệu, Phường 36'),
  ('SV0277', 'Phan Huy Khánh', '2002-02-15', 'Nữ', 'Tỉnh Bắc Kạn', '041', 'UT01', 'TTNT', 'SV0277@gm.uit.edu.vn', '0856789129', '81 Đường Võ Văn Tần, Phường 37'),
  ('SV0278', 'Nguyễn Thị Hùng', '2000-04-21', 'Nữ', 'Tỉnh Bắc Ninh', '042', 'UT02', 'KHMT', 'SV0278@gm.uit.edu.vn', '0967891241', '127 Đường Nguyễn Văn Cừ, Phường 38'),
  ('SV0279', 'Hoàng Văn Hùng', '2000-10-10', 'Nữ', 'Tỉnh Cao Bằng', '043', 'UT01', 'KTPM', 'SV0279@gm.uit.edu.vn', '0178912352', '204 Đường Phan Xích Long, Phường 39'),
  ('SV0280', 'Vũ Mai Dũng', '2001-10-22', 'Nữ', 'Tỉnh Hà Giang', '001', 'UT02', 'HTTT', 'SV0280@gm.uit.edu.vn', '0289123463', '58 Đường Cộng Hòa, Phường 40'),  ('SV0281', 'Huỳnh Huy Mai', '2003-09-24', 'Nữ', 'Tỉnh Hòa Bình', '002', 'UT01', 'TMDT', 'SV0281@gm.uit.edu.vn', '0391234575', '165 Đường Bùi Viện, Phường 41'),
  ('SV0282', 'Nguyễn Quang Mai', '2000-02-10', 'Nam', 'Tỉnh Lai Châu', '003', 'UT01', 'KTMT', 'SV0282@gm.uit.edu.vn', '0412345686', '97 Đường Nguyễn Văn Linh, Phường 42'),
  ('SV0283', 'Huỳnh Mai Linh', '2000-06-18', 'Nam', 'Tỉnh Sơn La', '004', 'UT01', 'CNTT_Nhat', 'SV0283@gm.uit.edu.vn', '0523456787', '221 Đường Lê Lai, Phường 43'),
  ('SV0284', 'Phạm Quang Hoa', '2002-06-10', 'Nữ', 'Tỉnh Điện Biên', '005', 'UT01', 'CNTT', 'SV0284@gm.uit.edu.vn', '0634567898', '74 Đường Nguyễn Hữu Cảnh, Phường 44'),
  ('SV0285', 'Huỳnh Thanh Hùng', '2005-07-30', 'Nữ', 'Tỉnh Lào Cai', '006', 'UT02', 'CNTT_Nhat', 'SV0285@gm.uit.edu.vn', '0745678919', '138 Đường Tô Hiến Thành, Phường 45'),
  ('SV0286', 'Vũ Mai Dũng', '2000-07-05', 'Nam', 'Tỉnh Hà Nội', '007', 'UT02', 'HTTT', 'SV0286@gm.uit.edu.vn', '0856789131', '262 Đường Nguyễn Đình Chiểu, Phường 46'),
  ('SV0287', 'Phan Huy Khánh', '2003-12-28', 'Nam', 'Tỉnh Hải Phòng', '008', 'UT01', 'KHLDL', 'SV0287@gm.uit.edu.vn', '0967891242', '85 Đường Lý Thái Tổ, Phường 47'),
  ('SV0288', 'Phan Thị Cường', '2003-06-15', 'Nam', 'Tỉnh Quảng Ninh', '009', 'UT01', 'CNTT', 'SV0288@gm.uit.edu.vn', '0178912353', '149 Đường Trần Não, Phường 48'),
  ('SV0289', 'Trần Văn Khánh', '2003-05-17', 'Nữ', 'Tỉnh Nam Định', '010', 'UT01', 'KTPM', 'SV0289@gm.uit.edu.vn', '0289123464', '213 Đường Võ Văn Ngân, Phường 49'),
  ('SV0290', 'Lê Minh An', '2002-04-26', 'Nam', 'Tỉnh Thái Bình', '011', 'UT01', 'CNTT_Nhat', 'SV0290@gm.uit.edu.vn', '0391234576', '67 Đường Lê Quang Định, Phường 50'),  ('SV0291', 'Huỳnh Anh Hùng', '2002-08-21', 'Nam', 'Tỉnh Hưng Yên', '012', 'UT02', 'VMC', 'SV0291@gm.uit.edu.vn', '0412345687', '129 Đường Nguyễn Cư Trinh, Phường 51'),
  ('SV0292', 'Nguyễn Huy Cường', '2004-04-03', 'Nam', 'Tỉnh Hà Tĩnh', '013', 'UT01', 'KHMT', 'SV0292@gm.uit.edu.vn', '0523456788', '183 Đường Điện Biên Phủ, Phường 52'),
  ('SV0293', 'Võ Mai Hùng', '2003-05-03', 'Nam', 'Tỉnh Nghệ An', '014', 'UT02', 'KHMT', 'SV0293@gm.uit.edu.vn', '0634567899', '247 Đường Lê Văn Sỹ, Phường 53'),
  ('SV0294', 'Nguyễn Thanh Hoa', '2001-08-20', 'Nam', 'Tỉnh Thanh Hóa', '015', 'UT01', 'TMDT', 'SV0294@gm.uit.edu.vn', '0745678921', '71 Đường Trần Huy Liệu, Phường 54'),
  ('SV0295', 'Huỳnh Minh Mai', '2002-11-29', 'Nữ', 'Tỉnh Tuyên Quang', '016', 'UT02', 'CNTT', 'SV0295@gm.uit.edu.vn', '0856789132', '135 Đường Nguyễn Thông, Phường 55'),
  ('SV0296', 'Hoàng Minh Hà', '2000-12-25', 'Nữ', 'Tỉnh Yên Bái', '017', 'UT01', 'CNTT_Nhat', 'SV0296@gm.uit.edu.vn', '0967891243', '199 Đường Bạch Đằng, Phường 56'),
  ('SV0297', 'Võ Ngọc Mai', '2002-05-20', 'Nữ', 'Tỉnh Lạng Sơn', '018', 'UT01', 'KTPM', 'SV0297@gm.uit.edu.vn', '0178912354', '93 Đường Nguyễn Bỉnh Khiêm, Phường 57'),
  ('SV0298', 'Hoàng Hữu Long', '2004-12-09', 'Nam', 'Tỉnh Cao Bằng', '048', 'UT02', 'KHLDL', 'SV0298@gm.uit.edu.vn', '0289123465', '157 Đường Cao Bá Quát, Phường 58'),
  ('SV0299', 'Hoàng Văn Hùng', '2004-09-14', 'Nữ', 'Tỉnh Hà Giang', '047', 'UT02', 'KTMT', 'SV0299@gm.uit.edu.vn', '0391234577', '221 Đường Hai Bà Trưng, Phường 59'),
  ('SV0300', 'Phan Quang Khánh', '2002-03-05', 'Nam', 'Tỉnh Bắc Kạn', '046', 'UT02', 'ATTT', 'SV0300@gm.uit.edu.vn', '0412345688', '85 Đường Trương Định, Phường 60');
INSERT INTO SINHVIEN (MaSoSinhVien, HoTen, NgaySinh, GioiTinh, QueQuan, MaHuyen, MaDoiTuongUT, MaNganh, Email, SoDienThoai, DiaChi) VALUES  
  ('SV0301', 'Phạm Thị Hoa', '2004-03-11', 'Nam', 'Tỉnh Bình Định', '019', 'UT02', 'ATTT', 'SV0301@gm.uit.edu.vn', '0523456789', '149 Đường Nguyễn Văn Cừ, Phường 61'),
  ('SV0302', 'Hoàng Anh Hoa', '2005-06-25', 'Nữ', 'Tỉnh Bình Phước', '020', 'UT01', 'HTTT', 'SV0302@gm.uit.edu.vn', '0634567891', '273 Đường Lê Duẩn, Phường 62'),
  ('SV0303', 'Phan Thanh Long', '2004-11-25', 'Nữ', 'Tỉnh Khánh Hòa', '021', 'UT01', 'ATTT', 'SV0303@gm.uit.edu.vn', '0745678912', '97 Đường Hai Bà Trưng, Phường 63'),
  ('SV0304', 'Phạm Thị Long', '2003-09-17', 'Nam', 'Tỉnh Đắk Lắk', '022', 'UT01', 'TMDT', 'SV0304@gm.uit.edu.vn', '0856789123', '161 Đường Trần Phú, Phường 64'),
  ('SV0305', 'Phan Mai Cường', '2001-03-25', 'Nữ', 'Tỉnh Phú Yên', '023', 'UT02', 'CNTT_Nhat', 'SV0305@gm.uit.edu.vn', '0967891234', '285 Đường Điện Biên Phủ, Phường 65'),
  ('SV0306', 'Phan Ngọc Hà', '2002-01-12', 'Nữ', 'Tỉnh Đắk Nông', '024', 'UT01', 'CNTT_Nhat', 'SV0306@gm.uit.edu.vn', '0178912345', '43 Đường Phan Chu Trinh, Phường 66'),
  ('SV0307', 'Đặng Hữu Hà', '2000-06-06', 'Nam', 'Tỉnh Bình Dương', '025', 'UT02', 'HTTT', 'SV0307@gm.uit.edu.vn', '0289123456', '187 Đường Lý Thường Kiệt, Phường 67'),
  ('SV0308', 'Vũ.Huy Linh', '2001-03-20', 'Nam', 'Tỉnh Quảng Bình', '026', 'UT02', 'TMDT', 'SV0308@gm.uit.edu.vn', '0391234567', '251 Đường Võ Văn Kiệt, Phường 68'),
  ('SV0309', 'Phan Mai Linh', '2005-10-13', 'Nữ', 'Tỉnh Quảng Nam', '027', 'UT01', 'HTTT', 'SV0309@gm.uit.edu.vn', '0412345678', '79 Đường Quang Trung, Phường 69'),
  ('SV0310', 'Nguyễn Văn Hùng', '2002-05-09', 'Nam', 'Tỉnh Quảng Ngãi', '028', 'UT01', 'KHLDL', 'SV0310@gm.uit.edu.vn', '0523456781', '143 Đường Ngô Quyền, Phường 70'),  ('SV0311', 'Nguyễn Mai Khánh', '2000-04-10', 'Nữ', 'Tỉnh Quảng Trị', '029', 'UT02', 'KHLDL', 'SV0311@gm.uit.edu.vn', '0634567892', '217 Đường Trần Khánh Dư, Phường 71'),
  ('SV0312', 'Võ Hữu Long', '2003-10-11', 'Nam', 'Tỉnh Cà Mau', '030', 'UT01', 'KTPM', 'SV0312@gm.uit.edu.vn', '0745678913', '95 Đường Lê Lợi, Phường 72'),
  ('SV0313', 'Võ Minh Khánh', '2002-08-28', 'Nam', 'Tỉnh Thừa Thiên Huế', '031', 'UT02', 'TMDT', 'SV0313@gm.uit.edu.vn', '0856789124', '159 Đường Nguyễn Huệ, Phường 73'),
  ('SV0314', 'Hoàng Mai Hà', '2005-09-11', 'Nữ', 'Tỉnh Sóc Trăng', '032', 'UT02', 'ATTT', 'SV0314@gm.uit.edu.vn', '0967891235', '283 Đường Hai Bà Trưng, Phường 74'),
  ('SV0315', 'Trần Anh Linh', '2000-02-20', 'Nam', 'Tỉnh Vĩnh Long', '033', 'UT01', 'KHLDL', 'SV0315@gm.uit.edu.vn', '0178912346', '47 Đường Trần Phú, Phường 75'),
  ('SV0316', 'Nguyễn Minh Mai', '2003-02-28', 'Nam', 'Tỉnh Gia Lai', '034', 'UT02', 'ATTT', 'SV0316@gm.uit.edu.vn', '0289123457', '111 Đường Điện Biên Phủ, Phường 76'),
  ('SV0317', 'Huỳnh Mai Long', '2001-07-06', 'Nữ', 'Tỉnh Vĩnh Phúc', '035', 'UT02', 'CNTT_Nhat', 'SV0317@gm.uit.edu.vn', '0391234568', '235 Đường Phan Chu Trinh, Phường 77'),
  ('SV0318', 'Phạm Huy Hùng', '2002-05-20', 'Nam', 'Tỉnh Bạc Liêu', '036', 'UT01', 'HTTT', 'SV0318@gm.uit.edu.vn', '0412345679', '83 Đường Lý Thường Kiệt, Phường 78'),
  ('SV0319', 'Hoàng Thanh An', '2004-07-21', 'Nam', 'Tỉnh Bến Tre', '037', 'UT02', 'TMDT', 'SV0319@gm.uit.edu.vn', '0523456782', '147 Đường Võ Văn Kiệt, Phường 79'),
  ('SV0320', 'Lê Mai An', '2000-04-07', 'Nam', 'Tỉnh Kiên Giang', '038', 'UT02', 'KHMT', 'SV0320@gm.uit.edu.vn', '0634567893', '271 Đường Quang Trung, Phường 80'),  ('SV0321', 'Lê Minh Hà', '2000-03-29', 'Nữ', 'Tỉnh Long An', '039', 'UT01', 'CNTT', 'SV0321@gm.uit.edu.vn', '0745678914', '59 Đường Ngô Quyền, Phường 81'),
  ('SV0322', 'Đặng Thanh Mai', '2005-08-16', 'Nam', 'Tỉnh Tiền Giang', '040', 'UT02', 'KHMT', 'SV0322@gm.uit.edu.vn', '0856789125', '123 Đường Trần Khánh Dư, Phường 82'),
  ('SV0323', 'Đặng Văn An', '2001-12-08', 'Nam', 'Tỉnh Bắc Kạn', '041', 'UT01', 'CNTT_Nhat', 'SV0323@gm.uit.edu.vn', '0967891236', '187 Đường Lê Lợi, Phường 83'),
  ('SV0324', 'Vũ Minh Hà', '2000-10-07', 'Nữ', 'Tỉnh Bắc Ninh', '042', 'UT01', 'TMDT', 'SV0324@gm.uit.edu.vn', '0178912347', '251 Đường Nguyễn Huệ, Phường 84'),
  ('SV0325', 'Trần Thanh Cường', '2004-04-13', 'Nữ', 'Tỉnh Cao Bằng', '043', 'UT01', 'KTMT', 'SV0325@gm.uit.edu.vn', '0289123458', '75 Đường Hai Bà Trưng, Phường 85'),
  ('SV0326', 'Nguyễn Anh Khánh', '2004-08-04', 'Nữ', 'Tỉnh Hà Nam', '044', 'UT02', 'TMDT', 'SV0326@gm.uit.edu.vn', '0391234569', '139 Đường Trần Phú, Phường 86'),
  ('SV0327', 'Võ Văn Dũng', '2004-09-25', 'Nam', 'Tỉnh Hưng Yên', '045', 'UT01', 'CNTT_Nhat', 'SV0327@gm.uit.edu.vn', '0412345681', '203 Đường Điện Biên Phủ, Phường 87'),
  ('SV0328', 'Vũ Minh Long', '2001-06-19', 'Nam', 'Tỉnh Bắc Kạn', '046', 'UT01', 'CNTT', 'SV0328@gm.uit.edu.vn', '0523456783', '67 Đường Phan Chu Trinh, Phường 88'),
  ('SV0329', 'Vũ Văn Long', '2000-08-31', 'Nữ', 'Tỉnh Hà Giang', '047', 'UT02', 'CNTT', 'SV0329@gm.uit.edu.vn', '0634567894', '131 Đường Lý Thường Kiệt, Phường 89'),
  ('SV0330', 'Phạm Thanh Hà', '2002-08-03', 'Nữ', 'Tỉnh Cao Bằng', '048', 'UT02', 'KHLDL', 'SV0330@gm.uit.edu.vn', '0745678915', '295 Đường Võ Văn Kiệt, Phường 90'),  ('SV0331', 'Trần Quang Bình', '2003-09-20', 'Nam', 'Tỉnh Hà Nội', '001', 'UT02', 'VMC', 'SV0331@gm.uit.edu.vn', '0856789126', '93 Đường Quang Trung, Phường 91'),
  ('SV0332', 'Hoàng Ngọc Khánh', '2003-07-26', 'Nữ', 'Tỉnh Hải Phòng', '002', 'UT02', 'KHLDL', 'SV0332@gm.uit.edu.vn', '0967891237', '157 Đường Ngô Quyền, Phường 92'),
  ('SV0333', 'Phạm Văn Cường', '2001-04-18', 'Nữ', 'Tỉnh Bắc Giang', '003', 'UT01', 'TTMT', 'SV0333@gm.uit.edu.vn', '0178912348', '221 Đường Trần Khánh Dư, Phường 93'),
  ('SV0334', 'Hoàng Huy Hùng', '2003-06-12', 'Nam', 'Tỉnh Hòa Bình', '004', 'UT01', 'CNTT_Nhat', 'SV0334@gm.uit.edu.vn', '0289123459', '85 Đường Lê Lợi, Phường 94'),
  ('SV0335', 'Võ Quang An', '2005-02-01', 'Nữ', 'Tỉnh Lai Châu', '005', 'UT02', 'CNTT', 'SV0335@gm.uit.edu.vn', '0391234571', '149 Đường Nguyễn Huệ, Phường 95'),
  ('SV0336', 'Phan Minh Hà', '2004-05-09', 'Nữ', 'Tỉnh Hải Dương', '006', 'UT01', 'TTNT', 'SV0336@gm.uit.edu.vn', '0412345682', '273 Đường Hai Bà Trưng, Phường 96'),
  ('SV0337', 'Huỳnh Văn Hà', '2001-08-25', 'Nam', 'Tỉnh Ninh Bình', '007', 'UT01', 'VMC', 'SV0337@gm.uit.edu.vn', '0523456784', '37 Đường Trần Phú, Phường 97'),
  ('SV0338', 'Huỳnh Văn Khánh', '2004-09-21', 'Nam', 'Tỉnh Quảng Ninh', '008', 'UT01', 'KTPM', 'SV0338@gm.uit.edu.vn', '0634567895', '101 Đường Điện Biên Phủ, Phường 98'),
  ('SV0339', 'Huỳnh Văn Hà', '2000-06-25', 'Nam', 'Tỉnh Nam Định', '009', 'UT02', 'KHLDL', 'SV0339@gm.uit.edu.vn', '0745678916', '225 Đường Phan Chu Trinh, Phường 99'),
  ('SV0340', 'Huỳnh Huy Khánh', '2003-08-20', 'Nam', 'Tỉnh Thái Bình', '010', 'UT01', 'KTPM', 'SV0340@gm.uit.edu.vn', '0856789127', '89 Đường Lý Thường Kiệt, Phường 100'),  ('SV0341', 'Hoàng Ngọc Linh', '2005-09-01', 'Nữ', 'Tỉnh Hà Tĩnh', '011', 'UT02', 'KHLDL', 'SV0341@gm.uit.edu.vn', '0967891238', '153 Đường Võ Văn Kiệt, Phường 101'),
  ('SV0342', 'Đặng Anh Hoa', '2003-05-28', 'Nữ', 'Tỉnh Hưng Yên', '012', 'UT02', 'VMC', 'SV0342@gm.uit.edu.vn', '0178912349', '217 Đường Quang Trung, Phường 102'),
  ('SV0343', 'Đặng Thanh Bình', '2000-01-18', 'Nam', 'Tỉnh Bà Rịa - Vũng Tàu', '013', 'UT02', 'KTMT', 'SV0343@gm.uit.edu.vn', '0289123461', '81 Đường Ngô Quyền, Phường 103'),
  ('SV0344', 'Phạm Hữu Mai', '2004-04-05', 'Nam', 'Tỉnh Tuyên Quang', '014', 'UT01', 'ATTT', 'SV0344@gm.uit.edu.vn', '0391234572', '145 Đường Trần Khánh Dư, Phường 104'),
  ('SV0345', 'Đặng Thanh Hoa', '2000-02-25', 'Nữ', 'Tỉnh Thanh Hóa', '015', 'UT02', 'VMC', 'SV0345@gm.uit.edu.vn', '0412345683', '269 Đường Lê Lợi, Phường 105'),
  ('SV0346', 'Vũ Ngọc Bình', '2004-05-26', 'Nữ', 'Tỉnh Yên Bái', '016', 'UT01', 'CNTT', 'SV0346@gm.uit.edu.vn', '0523456785', '33 Đường Nguyễn Huệ, Phường 106'),
  ('SV0347', 'Trần Minh Hùng', '2002-12-14', 'Nữ', 'Tỉnh Đồng Nai', '017', 'UT01', 'HTTT', 'SV0347@gm.uit.edu.vn', '0634567896', '197 Đường Hai Bà Trưng, Phường 107'),
  ('SV0348', 'Trần Minh Linh', '2002-02-26', 'Nữ', 'Tỉnh Cao Bằng', '018', 'UT02', 'TMDT', 'SV0348@gm.uit.edu.vn', '0745678917', '61 Đường Trần Phú, Phường 108'),
  ('SV0349', 'Huỳnh Thanh Cường', '2000-03-09', 'Nam', 'Tỉnh Bình Định', '019', 'UT02', 'HTTT', 'SV0349@gm.uit.edu.vn', '0856789128', '125 Đường Điện Biên Phủ, Phường 109'),
  ('SV0350', 'Lê Thanh An', '2004-09-09', 'Nam', 'Tỉnh Bình Phước', '020', 'UT02', 'HTTT', 'SV0350@gm.uit.edu.vn', '0967891239', '289 Đường Phan Chu Trinh, Phường 110');
INSERT INTO SINHVIEN (MaSoSinhVien, HoTen, NgaySinh, GioiTinh, QueQuan, MaHuyen, MaDoiTuongUT, MaNganh, Email, SoDienThoai, DiaChi) VALUES   ('SV0351', 'Võ Thanh Bình', '2005-04-29', 'Nam', 'Tỉnh Khánh Hòa', '021', 'UT02', 'KHMT', 'SV0351@gm.uit.edu.vn', '0178912351', '53 Đường Lý Thường Kiệt, Phường 111'),
  ('SV0352', 'Phạm Thị An', '2003-04-25', 'Nữ', 'Tỉnh Đắk Lắk', '022', 'UT01', 'KHLDL', 'SV0352@gm.uit.edu.vn', '0289123462', '117 Đường Võ Văn Kiệt, Phường 112'),
  ('SV0353', 'Võ Thị Mai', '2002-04-06', 'Nữ', 'Tỉnh Phú Yên', '023', 'UT02', 'HTTT', 'SV0353@gm.uit.edu.vn', '0391234573', '181 Đường Quang Trung, Phường 113'),
  ('SV0354', 'Vũ Anh Dũng', '2001-05-11', 'Nữ', 'Tỉnh Đắk Nông', '024', 'UT02', 'VMC', 'SV0354@gm.uit.edu.vn', '0412345684', '245 Đường Ngô Quyền, Phường 114'),
  ('SV0355', 'Nguyễn Thanh Hà', '2005-07-01', 'Nam', 'Tỉnh Bình Dương', '025', 'UT01', 'TTNT', 'SV0355@gm.uit.edu.vn', '0523456786', '69 Đường Trần Khánh Dư, Phường 115'),
  ('SV0356', 'Nguyễn Hữu Linh', '2004-04-20', 'Nam', 'Tỉnh Quảng Bình', '026', 'UT01', 'VMC', 'SV0356@gm.uit.edu.vn', '0634567897', '133 Đường Lê Lợi, Phường 116'),
  ('SV0357', 'Huỳnh Huy Khánh', '2001-03-23', 'Nam', 'Tỉnh Quảng Nam', '027', 'UT01', 'CNTT_Nhat', 'SV0357@gm.uit.edu.vn', '0745678918', '197 Đường Nguyễn Huệ, Phường 117'),
  ('SV0358', 'Đặng Mai Hùng', '2003-05-06', 'Nữ', 'Tỉnh Quảng Ngãi', '028', 'UT02', 'ATTT', 'SV0358@gm.uit.edu.vn', '0856789129', '261 Đường Hai Bà Trưng, Phường 118'),
  ('SV0359', 'Hoàng Mai Bình', '2005-11-01', 'Nam', 'Tỉnh Quảng Trị', '029', 'UT01', 'KTPM', 'SV0359@gm.uit.edu.vn', '0967891241', '25 Đường Trần Phú, Phường 119'),
  ('SV0360', 'Phạm Văn Mai', '2005-02-03', 'Nữ', 'Tỉnh Cà Mau', '030', 'UT02', 'CNTT', 'SV0360@gm.uit.edu.vn', '0178912352', '89 Đường Điện Biên Phủ, Phường 120'),  ('SV0361', 'Trần Quang Linh', '2003-09-30', 'Nữ', 'Tỉnh Thừa Thiên Huế', '031', 'UT02', 'TMDT', 'SV0361@gm.uit.edu.vn', '0289123463', '153 Đường Phan Chu Trinh, Phường 121'),
  ('SV0362', 'Võ Minh Mai', '2002-02-14', 'Nam', 'Tỉnh Sóc Trăng', '032', 'UT02', 'HTTT', 'SV0362@gm.uit.edu.vn', '0391234574', '217 Đường Lý Thường Kiệt, Phường 122'),
  ('SV0363', 'Võ Huy Dũng', '2001-06-22', 'Nữ', 'Tỉnh Vĩnh Long', '033', 'UT01', 'HTTT', 'SV0363@gm.uit.edu.vn', '0412345685', '281 Đường Võ Văn Kiệt, Phường 123'),
  ('SV0364', 'Huỳnh Anh Linh', '2002-12-26', 'Nam', 'Tỉnh Gia Lai', '034', 'UT01', 'HTTT', 'SV0364@gm.uit.edu.vn', '0523456787', '45 Đường Quang Trung, Phường 124'),
  ('SV0365', 'Phan Mai Hoa', '2000-06-30', 'Nam', 'Tỉnh Vĩnh Phúc', '035', 'UT01', 'VMC', 'SV0365@gm.uit.edu.vn', '0634567898', '109 Đường Ngô Quyền, Phường 125'),
  ('SV0366', 'Nguyễn Mai An', '2005-03-25', 'Nam', 'Tỉnh Bạc Liêu', '036', 'UT02', 'CNTT', 'SV0366@gm.uit.edu.vn', '0745678919', '173 Đường Trần Khánh Dư, Phường 126'),
  ('SV0367', 'Võ Mai Bình', '2003-02-12', 'Nam', 'Tỉnh Bến Tre', '037', 'UT02', 'CNTT_Nhat', 'SV0367@gm.uit.edu.vn', '0856789131', '237 Đường Lê Lợi, Phường 127'),
  ('SV0368', 'Võ Huy An', '2005-08-25', 'Nam', 'Tỉnh Kiên Giang', '038', 'UT01', 'ATTT', 'SV0368@gm.uit.edu.vn', '0967891242', '61 Đường Nguyễn Huệ, Phường 128'),
  ('SV0369', 'Hoàng Quang Hùng', '2002-11-21', 'Nam', 'Tỉnh Long An', '039', 'UT02', 'CNTT_Nhat', 'SV0369@gm.uit.edu.vn', '0178912353', '125 Đường Hai Bà Trưng, Phường 129'),
  ('SV0370', 'Hoàng Quang Hoa', '2005-08-16', 'Nam', 'Tỉnh Tiền Giang', '040', 'UT02', 'CNTT_Nhat', 'SV0370@gm.uit.edu.vn', '0289123464', '189 Đường Trần Phú, Phường 130'),  ('SV0371', 'Đặng Mai Hoa', '2005-08-31', 'Nam', 'Tỉnh Bắc Kạn', '041', 'UT02', 'TMDT', 'SV0371@gm.uit.edu.vn', '0391234575', '253 Đường Điện Biên Phủ, Phường 131'),
  ('SV0372', 'Trần Anh An', '2002-07-16', 'Nam', 'Tỉnh Bắc Ninh', '042', 'UT02', 'CNTT_Nhat', 'SV0372@gm.uit.edu.vn', '0412345686', '77 Đường Phan Chu Trinh, Phường 132'),
  ('SV0373', 'Hoàng Anh Bình', '2001-06-28', 'Nữ', 'Tỉnh Cao Bằng', '043', 'UT01', 'KHLDL', 'SV0373@gm.uit.edu.vn', '0523456788', '141 Đường Lý Thường Kiệt, Phường 133'),
  ('SV0374', 'Trần Minh Hùng', '2003-01-13', 'Nam', 'Tỉnh Hà Nam', '044', 'UT02', 'VMC', 'SV0374@gm.uit.edu.vn', '0634567899', '205 Đường Võ Văn Kiệt, Phường 134'),
  ('SV0375', 'Nguyễn Ngọc Mai', '2001-04-09', 'Nữ', 'Tỉnh Hưng Yên', '045', 'UT02', 'KHLDL', 'SV0375@gm.uit.edu.vn', '0745678921', '269 Đường Quang Trung, Phường 135'),
  ('SV0376', 'Hoàng Thị Linh', '2003-10-24', 'Nam', 'Tỉnh Bắc Kạn', '046', 'UT01', 'ATTT', 'SV0376@gm.uit.edu.vn', '0856789132', '93 Đường Ngô Quyền, Phường 136'),
  ('SV0377', 'Hoàng Văn An', '2002-10-06', 'Nam', 'Tỉnh Hà Giang', '047', 'UT01', 'KTPM', 'SV0377@gm.uit.edu.vn', '0967891243', '157 Đường Trần Khánh Dư, Phường 137'),
  ('SV0378', 'Nguyễn Mai Long', '2002-05-18', 'Nữ', 'Tỉnh Cao Bằng', '048', 'UT02', 'KHMT', 'SV0378@gm.uit.edu.vn', '0178912354', '221 Đường Lê Lợi, Phường 138'),
  ('SV0379', 'Đặng Huy Linh', '2004-09-06', 'Nữ', 'Tỉnh Hà Nội', '001', 'UT01', 'KTMT', 'SV0379@gm.uit.edu.vn', '0289123465', '85 Đường Nguyễn Huệ, Phường 139'),
  ('SV0380', 'Lê Ngọc Linh', '2004-10-20', 'Nam', 'Tỉnh Hải Phòng', '002', 'UT02', 'KHLDL', 'SV0380@gm.uit.edu.vn', '0391234576', '149 Đường Hai Bà Trưng, Phường 140'),  ('SV0381', 'Huỳnh Thanh Cường', '2003-09-03', 'Nữ', 'Tỉnh Bắc Giang', '003', 'UT02', 'TTMT', 'SV0381@gm.uit.edu.vn', '0412345687', '213 Đường Trần Phú, Phường 141'),
  ('SV0382', 'Trần Anh An', '2002-04-01', 'Nam', 'Tỉnh Hòa Bình', '004', 'UT02', 'TMDT', 'SV0382@gm.uit.edu.vn', '0523456789', '277 Đường Điện Biên Phủ, Phường 142'),
  ('SV0383', 'Phạm Mai Bình', '2005-04-10', 'Nữ', 'Tỉnh Lai Châu', '005', 'UT02', 'TTMT', 'SV0383@gm.uit.edu.vn', '0634567891', '41 Đường Phan Chu Trinh, Phường 143'),
  ('SV0384', 'Phạm Thanh Dũng', '2005-11-02', 'Nam', 'Tỉnh Hải Dương', '006', 'UT01', 'KTMT', 'SV0384@gm.uit.edu.vn', '0745678912', '105 Đường Lý Thường Kiệt, Phường 144'),
  ('SV0385', 'Phan Thanh An', '2005-07-10', 'Nam', 'Tỉnh Ninh Bình', '007', 'UT02', 'TMDT', 'SV0385@gm.uit.edu.vn', '0856789123', '169 Đường Võ Văn Kiệt, Phường 145'),
  ('SV0386', 'Trần Anh Mai', '2004-07-21', 'Nữ', 'Tỉnh Quảng Ninh', '008', 'UT02', 'TTNT', 'SV0386@gm.uit.edu.vn', '0967891234', '233 Đường Quang Trung, Phường 146'),
  ('SV0387', 'Phan Thị Cường', '2003-09-01', 'Nữ', 'Tỉnh Nam Định', '009', 'UT02', 'KHLDL', 'SV0387@gm.uit.edu.vn', '0178912345', '57 Đường Ngô Quyền, Phường 147'),
  ('SV0388', 'Hoàng Minh An', '2003-12-21', 'Nữ', 'Tỉnh Thái Bình', '010', 'UT02', 'KTPM', 'SV0388@gm.uit.edu.vn', '0289123456', '121 Đường Trần Khánh Dư, Phường 148'),
  ('SV0389', 'Vũ Anh Hoa', '2004-07-02', 'Nam', 'Tỉnh Hà Tĩnh', '011', 'UT01', 'TTMT', 'SV0389@gm.uit.edu.vn', '0391234567', '185 Đường Lê Lợi, Phường 149'),
  ('SV0390', 'Trần Thị Hoa', '2004-06-08', 'Nữ', 'Tỉnh Hưng Yên', '012', 'UT02', 'KTPM', 'SV0390@gm.uit.edu.vn', '0412345678', '249 Đường Nguyễn Huệ, Phường 150'),  ('SV0391', 'Võ Minh Long', '2005-12-08', 'Nam', 'Tỉnh Bà Rịa - Vũng Tàu', '013', 'UT02', 'TTMT', 'SV0391@gm.uit.edu.vn', '0523456781', '73 Đường Hai Bà Trưng, Phường 151'),
  ('SV0392', 'Phan Văn Linh', '2004-12-05', 'Nữ', 'Tỉnh Tuyên Quang', '014', 'UT02', 'HTTT', 'SV0392@gm.uit.edu.vn', '0634567892', '137 Đường Trần Phú, Phường 152'),
  ('SV0393', 'Hoàng Quang Hoa', '2001-06-26', 'Nữ', 'Tỉnh Thanh Hóa', '015', 'UT01', 'KTMT', 'SV0393@gm.uit.edu.vn', '0745678913', '201 Đường Điện Biên Phủ, Phường 153'),
  ('SV0394', 'Nguyễn Quang Hà', '2004-08-07', 'Nam', 'Tỉnh Yên Bái', '016', 'UT02', 'VMC', 'SV0394@gm.uit.edu.vn', '0856789124', '265 Đường Phan Chu Trinh, Phường 154'),
  ('SV0395', 'Nguyễn Văn Hà', '2005-09-23', 'Nữ', 'Tỉnh Đồng Nai', '017', 'UT02', 'ATTT', 'SV0395@gm.uit.edu.vn', '0967891235', '29 Đường Lý Thường Kiệt, Phường 155'),
  ('SV0396', 'Vũ Thanh Long', '2002-09-06', 'Nam', 'Tỉnh Cao Bằng', '018', 'UT02', 'CNTT_Nhat', 'SV0396@gm.uit.edu.vn', '0178912346', '93 Đường Võ Văn Kiệt, Phường 156'),
  ('SV0397', 'Huỳnh Ngọc Dũng', '2005-08-24', 'Nam', 'Tỉnh Bình Định', '019', 'UT02', 'KHMT', 'SV0397@gm.uit.edu.vn', '0289123457', '157 Đường Quang Trung, Phường 157'),
  ('SV0398', 'Phạm Hữu Mai', '2005-02-18', 'Nữ', 'Tỉnh Bình Phước', '020', 'UT02', 'TTNT', 'SV0398@gm.uit.edu.vn', '0391234568', '221 Đường Ngô Quyền, Phường 158'),
  ('SV0399', 'Trần Huy Khánh', '2000-11-08', 'Nam', 'Tỉnh Khánh Hòa', '021', 'UT02', 'KHLDL', 'SV0399@gm.uit.edu.vn', '0412345679', '85 Đường Trần Khánh Dư, Phường 159'),
  ('SV0400', 'Trần Văn Cường', '2000-02-08', 'Nữ', 'Tỉnh Đắk Lắk', '022', 'UT02', 'TMDT', 'SV0400@gm.uit.edu.vn', '0523456782', '149 Đường Lê Lợi, Phường 160');
INSERT INTO SINHVIEN (MaSoSinhVien, HoTen, NgaySinh, GioiTinh, QueQuan, MaHuyen, MaDoiTuongUT, MaNganh, Email, SoDienThoai, DiaChi) VALUES  
  ('SV0401', 'Võ Huy Linh', '2002-05-07', 'Nữ', 'Tỉnh Phú Yên', '023', 'UT02', 'CNTT', 'SV0401@gm.uit.edu.vn', '0634567891', '213 Đường Nguyễn Huệ, Phường 161'),
  ('SV0402', 'Vũ Huy An', '2003-09-07', 'Nam', 'Tỉnh Đắk Nông', '024', 'UT02', 'CNTT', 'SV0402@gm.uit.edu.vn', '0745678912', '77 Đường Hai Bà Trưng, Phường 162'),
  ('SV0403', 'Lê Quang An', '2001-07-08', 'Nam', 'Tỉnh Bình Dương', '025', 'UT02', 'ATTT', 'SV0403@gm.uit.edu.vn', '0856789123', '141 Đường Trần Phú, Phường 163'),
  ('SV0404', 'Vũ Thanh Mai', '2003-05-30', 'Nam', 'Tỉnh Quảng Bình', '026', 'UT02', 'KTPM', 'SV0404@gm.uit.edu.vn', '0967891234', '205 Đường Điện Biên Phủ, Phường 164'),
  ('SV0405', 'Trần Văn Hà', '2002-08-29', 'Nữ', 'Tỉnh Quảng Nam', '027', 'UT02', 'CNTT', 'SV0405@gm.uit.edu.vn', '0178912345', '269 Đường Phan Chu Trinh, Phường 165'),
  ('SV0406', 'Phan Mai Hoa', '2000-10-03', 'Nữ', 'Tỉnh Quảng Ngãi', '028', 'UT02', 'CNTT_Nhat', 'SV0406@gm.uit.edu.vn', '0289123456', '33 Đường Lý Thường Kiệt, Phường 166'),
  ('SV0407', 'Huỳnh Minh Mai', '2005-07-07', 'Nữ', 'Tỉnh Quảng Trị', '029', 'UT01', 'KHMT', 'SV0407@gm.uit.edu.vn', '0391234567', '97 Đường Võ Văn Kiệt, Phường 167'),  ('SV0408', 'Đặng Huy Khánh', '2001-04-22', 'Nữ', 'Tỉnh Cà Mau', '030', 'UT01', 'TMDT', 'SV0408@gm.uit.edu.vn', '0412345678', '161 Đường Quang Trung, Phường 168'),
  ('SV0409', 'Phạm Huy Long', '2001-02-03', 'Nữ', 'Tỉnh Thừa Thiên Huế', '031', 'UT01', 'TTNT', 'SV0409@gm.uit.edu.vn', '0523456789', '225 Đường Ngô Quyền, Phường 169'),
  ('SV0410', 'Võ Huy Mai', '2004-07-26', 'Nữ', 'Tỉnh Sóc Trăng', '032', 'UT01', 'KHMT', 'SV0410@gm.uit.edu.vn', '0634567892', '89 Đường Trần Khánh Dư, Phường 170'),  ('SV0411', 'Đặng Thị Dũng', '2002-09-06', 'Nam', 'Tỉnh Vĩnh Long', '033', 'UT02', 'HTTT', 'SV0411@gm.uit.edu.vn', '0745678913', '153 Đường Lê Lợi, Phường 171'),
  ('SV0412', 'Lê Anh Khánh', '2005-02-25', 'Nữ', 'Tỉnh Gia Lai', '034', 'UT01', 'TMDT', 'SV0412@gm.uit.edu.vn', '0856789124', '217 Đường Nguyễn Huệ, Phường 172'),
  ('SV0413', 'Huỳnh Văn An', '2000-01-19', 'Nam', 'Tỉnh Vĩnh Phúc', '035', 'UT02', 'ATTT', 'SV0413@gm.uit.edu.vn', '0967891235', '281 Đường Hai Bà Trưng, Phường 173'),
  ('SV0414', 'Huỳnh Thị Long', '2002-01-24', 'Nam', 'Tỉnh Bạc Liêu', '036', 'UT02', 'KHMT', 'SV0414@gm.uit.edu.vn', '0178912346', '45 Đường Trần Phú, Phường 174'),
  ('SV0415', 'Hoàng Thị Hoa', '2005-09-29', 'Nam', 'Tỉnh Bến Tre', '037', 'UT02', 'KHMT', 'SV0415@gm.uit.edu.vn', '0289123457', '109 Đường Điện Biên Phủ, Phường 175'),
  ('SV0416', 'Hoàng Thanh Cường', '2000-10-19', 'Nữ', 'Tỉnh Kiên Giang', '038', 'UT02', 'CNTT_Nhat', 'SV0416@gm.uit.edu.vn', '0391234568', '173 Đường Phan Chu Trinh, Phường 176'),
  ('SV0417', 'Nguyễn Hữu Hà', '2002-01-18', 'Nam', 'Tỉnh Long An', '039', 'UT01', 'KHMT', 'SV0417@gm.uit.edu.vn', '0412345679', '237 Đường Lý Thường Kiệt, Phường 177'),
  ('SV0418', 'Phan Ngọc Linh', '2001-08-11', 'Nam', 'Tỉnh Tiền Giang', '040', 'UT02', 'TTMT', 'SV0418@gm.uit.edu.vn', '0523456781', '61 Đường Võ Văn Kiệt, Phường 178'),
  ('SV0419', 'Nguyễn Ngọc Long', '2000-02-06', 'Nữ', 'Tỉnh Bắc Kạn', '041', 'UT01', 'TTMT', 'SV0419@gm.uit.edu.vn', '0634567893', '125 Đường Quang Trung, Phường 179'),
  ('SV0420', 'Võ Hữu Long', '2005-06-15', 'Nữ', 'Tỉnh Bắc Ninh', '042', 'UT01', 'KTMT', 'SV0420@gm.uit.edu.vn', '0745678914', '189 Đường Ngô Quyền, Phường 180'),  ('SV0421', 'Vũ Ngọc Mai', '2001-12-30', 'Nam', 'Tỉnh Cao Bằng', '043', 'UT01', 'CNTT', 'SV0421@gm.uit.edu.vn', '0856789125', '253 Đường Trần Khánh Dư, Phường 181'),
  ('SV0422', 'Phạm Thị Mai', '2002-08-18', 'Nữ', 'Tỉnh Hà Nam', '044', 'UT01', 'HTTT', 'SV0422@gm.uit.edu.vn', '0967891236', '77 Đường Lê Lợi, Phường 182'),
  ('SV0423', 'Đặng Huy Hùng', '2001-09-17', 'Nam', 'Tỉnh Hưng Yên', '045', 'UT02', 'TTMT', 'SV0423@gm.uit.edu.vn', '0178912347', '141 Đường Nguyễn Huệ, Phường 183'),
  ('SV0424', 'Lê Quang Hà', '2003-11-01', 'Nam', 'Tỉnh Bắc Kạn', '046', 'UT02', 'KTMT', 'SV0424@gm.uit.edu.vn', '0289123458', '205 Đường Hai Bà Trưng, Phường 184'),
  ('SV0425', 'Lê Thị Linh', '2001-02-17', 'Nữ', 'Tỉnh Hà Giang', '047', 'UT01', 'TTNT', 'SV0425@gm.uit.edu.vn', '0391234569', '269 Đường Trần Phú, Phường 185'),
  ('SV0426', 'Nguyễn Minh Long', '2002-01-17', 'Nam', 'Tỉnh Cao Bằng', '048', 'UT02', 'CNTT', 'SV0426@gm.uit.edu.vn', '0412345681', '93 Đường Điện Biên Phủ, Phường 186'),
  ('SV0427', 'Huỳnh Mai Hoa', '2004-07-10', 'Nữ', 'Tỉnh Hà Nội', '001', 'UT01', 'HTTT', 'SV0427@gm.uit.edu.vn', '0523456782', '157 Đường Phan Chu Trinh, Phường 187'),
  ('SV0428', 'Võ Mai Long', '2000-07-03', 'Nữ', 'Tỉnh Hải Phòng', '002', 'UT01', 'VMC', 'SV0428@gm.uit.edu.vn', '0634567894', '221 Đường Lý Thường Kiệt, Phường 188'),
  ('SV0429', 'Trần Quang Cường', '2004-07-27', 'Nam', 'Tỉnh Bắc Giang', '003', 'UT01', 'VMC', 'SV0429@gm.uit.edu.vn', '0745678915', '85 Đường Võ Văn Kiệt, Phường 189'),
  ('SV0430', 'Phạm Hữu Bình', '2005-05-22', 'Nam', 'Tỉnh Hòa Bình', '004', 'UT01', 'KHMT', 'SV0430@gm.uit.edu.vn', '0856789126', '149 Đường Quang Trung, Phường 190'),  ('SV0431', 'Phan Ngọc Hùng', '2001-07-23', 'Nữ', 'Tỉnh Lai Châu', '005', 'UT01', 'TTNT', 'SV0431@gm.uit.edu.vn', '0967891237', '213 Đường Ngô Quyền, Phường 191'),
  ('SV0432', 'Nguyễn Anh Bình', '2005-10-02', 'Nam', 'Tỉnh Hải Dương', '006', 'UT01', 'ATTT', 'SV0432@gm.uit.edu.vn', '0178912348', '277 Đường Trần Khánh Dư, Phường 192'),
  ('SV0433', 'Võ Ngọc Long', '2000-11-05', 'Nam', 'Tỉnh Ninh Bình', '007', 'UT02', 'HTTT', 'SV0433@gm.uit.edu.vn', '0289123459', '41 Đường Lê Lợi, Phường 193'),
  ('SV0434', 'Võ Minh Khánh', '2003-01-22', 'Nam', 'Tỉnh Quảng Ninh', '008', 'UT01', 'CNTT', 'SV0434@gm.uit.edu.vn', '0391234571', '105 Đường Nguyễn Huệ, Phường 194'),
  ('SV0435', 'Phạm Thanh Hùng', '2001-01-13', 'Nam', 'Tỉnh Nam Định', '009', 'UT02', 'KHLDL', 'SV0435@gm.uit.edu.vn', '0412345682', '169 Đường Hai Bà Trưng, Phường 195'),
  ('SV0436', 'Phạm Anh Hùng', '2000-05-10', 'Nam', 'Tỉnh Thái Bình', '010', 'UT02', 'TMDT', 'SV0436@gm.uit.edu.vn', '0523456783', '233 Đường Trần Phú, Phường 196'),
  ('SV0437', 'Phan Ngọc An', '2002-09-23', 'Nam', 'Tỉnh Hà Tĩnh', '011', 'UT01', 'TMDT', 'SV0437@gm.uit.edu.vn', '0634567895', '57 Đường Điện Biên Phủ, Phường 197'),
  ('SV0438', 'Trần Thanh Hoa', '2004-01-14', 'Nữ', 'Tỉnh Hưng Yên', '012', 'UT02', 'TTMT', 'SV0438@gm.uit.edu.vn', '0745678916', '121 Đường Phan Chu Trinh, Phường 198'),
  ('SV0439', 'Đặng Mai Khánh', '2002-03-09', 'Nữ', 'Tỉnh Bà Rịa - Vũng Tàu', '013', 'UT02', 'CNTT_Nhat', 'SV0439@gm.uit.edu.vn', '0856789127', '185 Đường Lý Thường Kiệt, Phường 199'),
  ('SV0440', 'Vũ Ngọc Long', '2000-01-02', 'Nữ', 'Tỉnh Tuyên Quang', '014', 'UT02', 'ATTT', 'SV0440@gm.uit.edu.vn', '0967891238', '249 Đường Võ Văn Kiệt, Phường 200'),  ('SV0441', 'Lê Quang Linh', '2005-08-20', 'Nam', 'Tỉnh Thanh Hóa', '015', 'UT01', 'KTMT', 'SV0441@gm.uit.edu.vn', '0178912349', '73 Đường Quang Trung, Phường 201'),
  ('SV0442', 'Vũ Văn Hoa', '2000-06-27', 'Nữ', 'Tỉnh Yên Bái', '016', 'UT01', 'KTMT', 'SV0442@gm.uit.edu.vn', '0289123461', '137 Đường Ngô Quyền, Phường 202'),
  ('SV0443', 'Phạm Thanh Hoa', '2002-02-15', 'Nữ', 'Tỉnh Đồng Nai', '017', 'UT01', 'ATTT', 'SV0443@gm.uit.edu.vn', '0391234572', '201 Đường Trần Khánh Dư, Phường 203'),
  ('SV0444', 'Đặng Thị Linh', '2000-08-14', 'Nam', 'Tỉnh Cao Bằng', '018', 'UT01', 'ATTT', 'SV0444@gm.uit.edu.vn', '0412345683', '265 Đường Lê Lợi, Phường 204'),
  ('SV0445', 'Lê Minh Hà', '2005-08-22', 'Nam', 'Tỉnh Bình Định', '019', 'UT02', 'KHLDL', 'SV0445@gm.uit.edu.vn', '0523456784', '29 Đường Nguyễn Huệ, Phường 205'),
  ('SV0446', 'Võ Mai Hoa', '2001-01-28', 'Nam', 'Tỉnh Bình Phước', '020', 'UT01', 'CNTT', 'SV0446@gm.uit.edu.vn', '0634567896', '93 Đường Hai Bà Trưng, Phường 206'),
  ('SV0447', 'Trần Mai An', '2004-09-04', 'Nam', 'Tỉnh Khánh Hòa', '021', 'UT02', 'TTNT', 'SV0447@gm.uit.edu.vn', '0745678917', '157 Đường Trần Phú, Phường 207'),
  ('SV0448', 'Phạm Hữu Mai', '2003-05-16', 'Nữ', 'Tỉnh Đắk Lắk', '022', 'UT02', 'KHMT', 'SV0448@gm.uit.edu.vn', '0856789128', '221 Đường Điện Biên Phủ, Phường 208'),
  ('SV0449', 'Nguyễn Văn Dũng', '2005-12-24', 'Nam', 'Tỉnh Phú Yên', '023', 'UT02', 'HTTT', 'SV0449@gm.uit.edu.vn', '0967891239', '85 Đường Phan Chu Trinh, Phường 209'),
  ('SV0450', 'Huỳnh Quang Long', '2003-04-30', 'Nữ', 'Tỉnh Đắk Nông', '024', 'UT02', 'KTMT', 'SV0450@gm.uit.edu.vn', '0178912351', '149 Đường Lý Thường Kiệt, Phường 210'),  ('SV0451', 'Hoàng Anh Khánh', '2005-08-06', 'Nam', 'Tỉnh Bình Dương', '025', 'UT01', 'CNTT', 'SV0451@gm.uit.edu.vn', '0289123462', '213 Đường Võ Văn Kiệt, Phường 211'),
  ('SV0452', 'Hoàng Minh Bình', '2005-03-03', 'Nam', 'Tỉnh Quảng Bình', '026', 'UT01', 'KTMT', 'SV0452@gm.uit.edu.vn', '0391234573', '277 Đường Quang Trung, Phường 212'),
  ('SV0453', 'Vũ Văn Cường', '2002-08-07', 'Nam', 'Tỉnh Quảng Nam', '027', 'UT02', 'TTMT', 'SV0453@gm.uit.edu.vn', '0412345684', '41 Đường Ngô Quyền, Phường 213'),
  ('SV0454', 'Võ Minh Hà', '2005-04-01', 'Nữ', 'Tỉnh Quảng Ngãi', '028', 'UT02', 'VMC', 'SV0454@gm.uit.edu.vn', '0523456785', '105 Đường Trần Khánh Dư, Phường 214'),
  ('SV0455', 'Phan Huy Hà', '2002-03-10', 'Nữ', 'Tỉnh Quảng Trị', '029', 'UT02', 'CNTT', 'SV0455@gm.uit.edu.vn', '0634567897', '169 Đường Lê Lợi, Phường 215'),
  ('SV0456', 'Lê Quang Hoa', '2002-08-05', 'Nam', 'Tỉnh Cà Mau', '030', 'UT01', 'KTMT', 'SV0456@gm.uit.edu.vn', '0745678918', '233 Đường Nguyễn Huệ, Phường 216'),
  ('SV0457', 'Nguyễn Văn Cường', '2001-07-31', 'Nam', 'Tỉnh Thừa Thiên Huế', '031', 'UT02', 'VMC', 'SV0457@gm.uit.edu.vn', '0856789129', '57 Đường Hai Bà Trưng, Phường 217'),
  ('SV0458', 'Lê Quang Bình', '2001-03-21', 'Nữ', 'Tỉnh Sóc Trăng', '032', 'UT02', 'KTMT', 'SV0458@gm.uit.edu.vn', '0967891241', '121 Đường Trần Phú, Phường 218'),
  ('SV0459', 'Nguyễn Ngọc Mai', '2005-03-27', 'Nữ', 'Tỉnh Vĩnh Long', '033', 'UT01', 'KTPM', 'SV0459@gm.uit.edu.vn', '0178912352', '185 Đường Điện Biên Phủ, Phường 219'),
  ('SV0460', 'Huỳnh Mai Linh', '2003-04-29', 'Nữ', 'Tỉnh Gia Lai', '034', 'UT01', 'CNTT', 'SV0460@gm.uit.edu.vn', '0289123463', '249 Đường Phan Chu Trinh, Phường 220'),  ('SV0461', 'Lê Anh Cường', '2002-10-10', 'Nữ', 'Tỉnh Vĩnh Phúc', '035', 'UT01', 'KTMT', 'SV0461@gm.uit.edu.vn', '0391234574', '73 Đường Lý Thường Kiệt, Phường 221'),
  ('SV0462', 'Lê Anh Cường', '2005-08-21', 'Nam', 'Tỉnh Bạc Liêu', '036', 'UT02', 'CNTT', 'SV0462@gm.uit.edu.vn', '0412345685', '137 Đường Võ Văn Kiệt, Phường 222'),
  ('SV0463', 'Lê Anh An', '2000-02-15', 'Nam', 'Tỉnh Bến Tre', '037', 'UT01', 'KTPM', 'SV0463@gm.uit.edu.vn', '0523456786', '201 Đường Quang Trung, Phường 223'),
  ('SV0464', 'Hoàng Văn Dũng', '2005-10-20', 'Nam', 'Tỉnh Kiên Giang', '038', 'UT02', 'CNTT', 'SV0464@gm.uit.edu.vn', '0634567898', '265 Đường Ngô Quyền, Phường 224'),
  ('SV0465', 'Võ Thị Linh', '2005-03-16', 'Nữ', 'Tỉnh Long An', '039', 'UT02', 'TTNT', 'SV0465@gm.uit.edu.vn', '0745678919', '29 Đường Trần Khánh Dư, Phường 225'),
  ('SV0466', 'Vũ Huy Mai', '2002-09-06', 'Nam', 'Tỉnh Tiền Giang', '040', 'UT01', 'CNTT', 'SV0466@gm.uit.edu.vn', '0856789131', '93 Đường Lê Lợi, Phường 226'),
  ('SV0467', 'Phan Thị Khánh', '2002-08-08', 'Nam', 'Tỉnh Bắc Kạn', '041', 'UT02', 'VMC', 'SV0467@gm.uit.edu.vn', '0967891242', '157 Đường Nguyễn Huệ, Phường 227'),
  ('SV0468', 'Phạm Thị Hà', '2005-01-16', 'Nam', 'Tỉnh Bắc Ninh', '042', 'UT02', 'TTMT', 'SV0468@gm.uit.edu.vn', '0178912353', '221 Đường Hai Bà Trưng, Phường 228'),
  ('SV0469', 'Huỳnh Ngọc An', '2000-10-02', 'Nam', 'Tỉnh Cao Bằng', '043', 'UT01', 'TMDT', 'SV0469@gm.uit.edu.vn', '0289123464', '85 Đường Trần Phú, Phường 229'),
  ('SV0470', 'Lê Minh Mai', '2004-08-06', 'Nữ', 'Tỉnh Hà Nam', '044', 'UT02', 'KHLDL', 'SV0470@gm.uit.edu.vn', '0391234575', '149 Đường Điện Biên Phủ, Phường 230'),  ('SV0471', 'Lê Mai Cường', '2002-10-01', 'Nữ', 'Tỉnh Hưng Yên', '045', 'UT01', 'TTNT', 'SV0471@gm.uit.edu.vn', '0412345686', '213 Đường Phan Chu Trinh, Phường 231'),
  ('SV0472', 'Hoàng Văn Dũng', '2005-07-02', 'Nam', 'Tỉnh Bắc Kạn', '046', 'UT02', 'KHLDL', 'SV0472@gm.uit.edu.vn', '0523456787', '277 Đường Lý Thường Kiệt, Phường 232'),
  ('SV0473', 'Huỳnh Thanh Dũng', '2001-02-22', 'Nữ', 'Tỉnh Hà Giang', '047', 'UT01', 'HTTT', 'SV0473@gm.uit.edu.vn', '0634567899', '41 Đường Võ Văn Kiệt, Phường 233'),
  ('SV0474', 'Trần Hữu An', '2005-04-05', 'Nam', 'Tỉnh Cao Bằng', '048', 'UT02', 'TTMT', 'SV0474@gm.uit.edu.vn', '0745678921', '105 Đường Quang Trung, Phường 234'),  ('SV0475', 'Hoàng Huy Linh', '2005-10-26', 'Nam', 'Tỉnh Hà Nội', '001', 'UT01', 'ATTT', 'SV0475@gm.uit.edu.vn', '0856789132', '169 Đường Ngô Quyền, Phường 235'),
  ('SV0476', 'Lê Hữu Hoa', '2002-02-25', 'Nam', 'Tỉnh Hải Phòng', '002', 'UT02', 'TMDT', 'SV0476@gm.uit.edu.vn', '0967891243', '233 Đường Trần Khánh Dư, Phường 236'),
  ('SV0477', 'Trần Mai An', '2002-07-09', 'Nam', 'Tỉnh Bắc Giang', '003', 'UT01', 'HTTT', 'SV0477@gm.uit.edu.vn', '0178912354', '57 Đường Lê Lợi, Phường 237'),
  ('SV0478', 'Võ Minh Linh', '2003-04-17', 'Nam', 'Tỉnh Hòa Bình', '004', 'UT01', 'KHMT', 'SV0478@gm.uit.edu.vn', '0289123465', '121 Đường Nguyễn Huệ, Phường 238'),
  ('SV0479', 'Lê Mai Cường', '2003-12-22', 'Nữ', 'Tỉnh Lai Châu', '005', 'UT01', 'TTNT', 'SV0479@gm.uit.edu.vn', '0391234576', '185 Đường Hai Bà Trưng, Phường 239'),
  ('SV0480', 'Vũ Huy Khánh', '2003-06-21', 'Nữ', 'Tỉnh Hải Dương', '006', 'UT02', 'KTMT', 'SV0480@gm.uit.edu.vn', '0412345687', '249 Đường Trần Phú, Phường 240'),  ('SV0481', 'Huỳnh Huy Cường', '2000-12-19', 'Nữ', 'Tỉnh Ninh Bình', '007', 'UT01', 'CNTT', 'SV0481@gm.uit.edu.vn', '0523456788', '73 Đường Điện Biên Phủ, Phường 241'),
  ('SV0482', 'Trần Thanh An', '2003-03-08', 'Nam', 'Tỉnh Quảng Ninh', '008', 'UT02', 'ATTT', 'SV0482@gm.uit.edu.vn', '0634567891', '137 Đường Phan Chu Trinh, Phường 242'),
  ('SV0483', 'Vũ Văn An', '2002-02-26', 'Nữ', 'Tỉnh Nam Định', '009', 'UT01', 'KHMT', 'SV0483@gm.uit.edu.vn', '0745678912', '201 Đường Lý Thường Kiệt, Phường 243'),
  ('SV0484', 'Lê Huy Bình', '2004-04-18', 'Nữ', 'Tỉnh Thái Bình', '010', 'UT02', 'HTTT', 'SV0484@gm.uit.edu.vn', '0856789123', '265 Đường Võ Văn Kiệt, Phường 244'),
  ('SV0485', 'Phạm Quang Cường', '2005-11-22', 'Nam', 'Tỉnh Hà Tĩnh', '011', 'UT02', 'TTMT', 'SV0485@gm.uit.edu.vn', '0967891234', '29 Đường Quang Trung, Phường 245'),
  ('SV0486', 'Lê Hữu Hùng', '2001-11-15', 'Nam', 'Tỉnh Hưng Yên', '012', 'UT01', 'TTNT', 'SV0486@gm.uit.edu.vn', '0178912345', '93 Đường Ngô Quyền, Phường 246'),
  ('SV0487', 'Đặng Huy Bình', '2001-02-14', 'Nữ', 'Tỉnh Bà Rịa - Vũng Tàu', '013', 'UT01', 'KTPM', 'SV0487@gm.uit.edu.vn', '0289123456', '157 Đường Trần Khánh Dư, Phường 247'),
  ('SV0488', 'Hoàng Mai An', '2004-02-12', 'Nam', 'Tỉnh Tuyên Quang', '014', 'UT01', 'CNTT', 'SV0488@gm.uit.edu.vn', '0391234567', '221 Đường Lê Lợi, Phường 248'),
  ('SV0489', 'Phan Huy Bình', '2004-08-08', 'Nữ', 'Tỉnh Thanh Hóa', '015', 'UT02', 'ATTT', 'SV0489@gm.uit.edu.vn', '0412345678', '85 Đường Nguyễn Huệ, Phường 249'),
  ('SV0490', 'Nguyễn Văn Mai', '2005-04-06', 'Nam', 'Tỉnh Yên Bái', '016', 'UT01', 'TTMT', 'SV0490@gm.uit.edu.vn', '0523456789', '149 Đường Hai Bà Trưng, Phường 250'),  ('SV0491', 'Phạm Ngọc Linh', '2002-04-19', 'Nữ', 'Tỉnh Đồng Nai', '017', 'UT02', 'TTNT', 'SV0491@gm.uit.edu.vn', '0634567892', '213 Đường Trần Phú, Phường 251'),
  ('SV0492', 'Đặng Thanh Long', '2002-12-21', 'Nữ', 'Tỉnh Cao Bằng', '018', 'UT02', 'KHMT', 'SV0492@gm.uit.edu.vn', '0745678913', '277 Đường Điện Biên Phủ, Phường 252'),
  ('SV0493', 'Hoàng Văn An', '2004-11-19', 'Nam', 'Tỉnh Bình Định', '019', 'UT01', 'TMDT', 'SV0493@gm.uit.edu.vn', '0856789124', '41 Đường Phan Chu Trinh, Phường 253'),
  ('SV0494', 'Phan Huy An', '2001-06-24', 'Nữ', 'Tỉnh Bình Phước', '020', 'UT01', 'TMDT', 'SV0494@gm.uit.edu.vn', '0967891235', '105 Đường Lý Thường Kiệt, Phường 254'),
  ('SV0495', 'Huỳnh Huy Cường', '2001-10-19', 'Nam', 'Tỉnh Khánh Hòa', '021', 'UT01', 'TTMT', 'SV0495@gm.uit.edu.vn', '0178912346', '169 Đường Võ Văn Kiệt, Phường 255'),
  ('SV0496', 'Đặng Minh Dũng', '2001-05-23', 'Nam', 'Tỉnh Đắk Lắk', '022', 'UT02', 'CNTT', 'SV0496@gm.uit.edu.vn', '0289123457', '233 Đường Quang Trung, Phường 256'),
  ('SV0497', 'Phan Quang Khánh', '2001-07-29', 'Nữ', 'Tỉnh Phú Yên', '023', 'UT01', 'KHMT', 'SV0497@gm.uit.edu.vn', '0391234568', '57 Đường Ngô Quyền, Phường 257'),
  ('SV0498', 'Phan Văn Cường', '2003-08-13', 'Nam', 'Tỉnh Đắk Nông', '024', 'UT02', 'HTTT', 'SV0498@gm.uit.edu.vn', '0412345679', '121 Đường Trần Khánh Dư, Phường 258'),
  ('SV0499', 'Vũ Hữu An', '2000-03-13', 'Nữ', 'Tỉnh Bình Dương', '025', 'UT02', 'KTMT', 'SV0499@gm.uit.edu.vn', '0523456781', '185 Đường Lê Lợi, Phường 259'),
  ('SV0500', 'Vũ Văn Cường', '2005-10-06', 'Nam', 'Tỉnh Quảng Bình', '026', 'UT02', 'TTMT', 'SV0500@gm.uit.edu.vn', '0634567893', '249 Đường Nguyễn Huệ, Phường 260');

INSERT INTO SINHVIEN (MaSoSinhVien, HoTen, NgaySinh, GioiTinh, QueQuan, MaHuyen, MaDoiTuongUT, MaNganh, Email, SoDienThoai, DiaChi) VALUES  
  ('SV0501', 'Phạm Anh Hùng', '2003-08-02', 'Nữ', 'Tỉnh Quảng Nam', '027', 'UT01', 'KTMT', 'SV0501@gm.uit.edu.vn', '0734567894', '73 Đường Hai Bà Trưng, Phường 261'),
  ('SV0502', 'Đặng Văn Hùng', '2001-11-23', 'Nữ', 'Tỉnh Quảng Ngãi', '028', 'UT01', 'VMC', 'SV0502@gm.uit.edu.vn', '0845678905', '137 Đường Trần Phú, Phường 262'),
  ('SV0503', 'Võ Ngọc Linh', '2005-05-29', 'Nam', 'Tỉnh Quảng Trị', '029', 'UT01', 'KHLDL', 'SV0503@gm.uit.edu.vn', '0956789016', '201 Đường Điện Biên Phủ, Phường 263'),
  ('SV0504', 'Đặng Văn An', '2004-09-10', 'Nữ', 'Tỉnh Cà Mau', '030', 'UT01', 'KHMT', 'SV0504@gm.uit.edu.vn', '0167890127', '265 Đường Phan Chu Trinh, Phường 264'),
  ('SV0505', 'Phạm Thanh Khánh', '2000-03-01', 'Nữ', 'Tỉnh Thừa Thiên Huế', '031', 'UT02', 'HTTT', 'SV0505@gm.uit.edu.vn', '0278901238', '29 Đường Lý Thường Kiệt, Phường 265'),
  ('SV0506', 'Phan Huy Hoa', '2000-03-19', 'Nam', 'Tỉnh Sóc Trăng', '032', 'UT02', 'KTPM', 'SV0506@gm.uit.edu.vn', '0389012349', '93 Đường Võ Văn Kiệt, Phường 266'),
  ('SV0507', 'Phan Huy An', '2001-01-11', 'Nam', 'Tỉnh Vĩnh Long', '033', 'UT01', 'TTMT', 'SV0507@gm.uit.edu.vn', '0490123450', '157 Đường Quang Trung, Phường 267'),
  ('SV0508', 'Hoàng Anh Dũng', '2005-03-31', 'Nữ', 'Tỉnh Gia Lai', '034', 'UT02', 'KHLDL', 'SV0508@gm.uit.edu.vn', '0501234561', '221 Đường Ngô Quyền, Phường 268'),
  ('SV0509', 'Đặng Quang Cường', '2003-01-26', 'Nữ', 'Tỉnh Vĩnh Phúc', '035', 'UT02', 'VMC', 'SV0509@gm.uit.edu.vn', '0612345672', '85 Đường Trần Khánh Dư, Phường 269'),
  ('SV0510', 'Nguyễn Minh Hoa', '2004-05-10', 'Nữ', 'Tỉnh Bạc Liêu', '036', 'UT02', 'HTTT', 'SV0510@gm.uit.edu.vn', '0723456783', '149 Đường Lê Lợi, Phường 270'),('SV0511', 'Nguyễn Anh Linh', '2001-12-14', 'Nam', 'Tỉnh Hòa Bình', '037', 'UT02', 'KTMT', 'SV0511@gm.uit.edu.vn', '0834567894', '213 Đường Trần Hưng Đạo, Phường 271'),
  ('SV0512', 'Võ Văn Bình', '2005-08-19', 'Nam', 'Tỉnh Lai Châu', '038', 'UT01', 'KHMT', 'SV0512@gm.uit.edu.vn', '0945678905', '77 Đường Lê Duẩn, Phường 272'),
  ('SV0513', 'Võ Anh Long', '2000-09-08', 'Nữ', 'Tỉnh Sơn La', '039', 'UT02', 'TTMT', 'SV0513@gm.uit.edu.vn', '0156789016', '141 Đường Hùng Vương, Phường 273'),
  ('SV0514', 'Hoàng Anh Bình', '2000-12-18', 'Nam', 'Tỉnh Điện Biên', '040', 'UT01', 'KHLDL', 'SV0514@gm.uit.edu.vn', '0267890127', '205 Đường Nguyễn Thái Học, Phường 274'),
  ('SV0515', 'Nguyễn Minh Mai', '2001-04-19', 'Nữ', 'Tỉnh Yên Bái', '041', 'UT02', 'TTNT', 'SV0515@gm.uit.edu.vn', '0378901238', '69 Đường Phan Bội Châu, Phường 275'),
  ('SV0516', 'Lê Hữu Mai', '2000-12-13', 'Nam', 'Tỉnh Tuyên Quang', '042', 'UT02', 'ATTT', 'SV0516@gm.uit.edu.vn', '0489012349', '133 Đường Lê Thánh Tông, Phường 276'),
  ('SV0517', 'Vũ Văn Linh', '2002-12-14', 'Nữ', 'Tỉnh Hà Giang', '043', 'UT01', 'KHLDL', 'SV0517@gm.uit.edu.vn', '0590123450', '197 Đường Nguyễn Huệ, Phường 277'),
  ('SV0518', 'Huỳnh Thanh Long', '2001-07-25', 'Nữ', 'Tỉnh Cao Bằng', '044', 'UT01', 'KHMT', 'SV0518@gm.uit.edu.vn', '0601234561', '61 Đường Bà Triệu, Phường 278'),
  ('SV0519', 'Nguyễn Quang Hoa', '2002-05-30', 'Nam', 'Tỉnh Bắc Kạn', '045', 'UT02', 'TTNT', 'SV0519@gm.uit.edu.vn', '0712345672', '125 Đường Lê Lai, Phường 279'),
  ('SV0520', 'Hoàng Minh Hùng', '2000-01-04', 'Nam', 'Tỉnh Thái Nguyên', '046', 'UT01', 'TMDT', 'SV0520@gm.uit.edu.vn', '0823456783', '189 Đường Trần Phú, Phường 280'),('SV0521', 'Huỳnh Mai Dũng', '2002-06-20', 'Nam', 'Tỉnh Lạng Sơn', '047', 'UT02', 'KTPM', 'SV0521@gm.uit.edu.vn', '0934567894', '53 Đường Điện Biên Phủ, Phường 281'),
  ('SV0522', 'Trần Mai Dũng', '2001-06-10', 'Nữ', 'Tỉnh Quảng Ninh', '048', 'UT02', 'KTPM', 'SV0522@gm.uit.edu.vn', '0145678905', '117 Đường Hoàng Diệu, Phường 282'),
  ('SV0523', 'Lê Huy Long', '2002-01-15', 'Nam', 'Tỉnh Hà Nội', '001', 'UT02', 'TTMT', 'SV0523@gm.uit.edu.vn', '0256789016', '181 Đường Lý Tự Trọng, Phường 283'),
  ('SV0524', 'Hoàng Mai Khánh', '2001-02-26', 'Nam', 'Thành phố Hồ Chí Minh', '002', 'UT01', 'TTMT', 'SV0524@gm.uit.edu.vn', '0367890127', '45 Đường Nguyễn Trãi, Phường 284'),
  ('SV0525', 'Nguyễn Anh Linh', '2004-07-14', 'Nữ', 'Tỉnh Hải Phòng', '003', 'UT01', 'KTPM', 'SV0525@gm.uit.edu.vn', '0478901238', '109 Đường Hùng Vương, Phường 285'),
  ('SV0526', 'Trần Hữu Hà', '2002-03-07', 'Nam', 'Tỉnh Đà Nẵng', '004', 'UT02', 'KHMT', 'SV0526@gm.uit.edu.vn', '0589012349', '173 Đường Trần Khánh Dư, Phường 286'),
  ('SV0527', 'Trần Quang Cường', '2002-03-24', 'Nữ', 'Tỉnh Hà Giang', '005', 'UT02', 'TMDT', 'SV0527@gm.uit.edu.vn', '0690123450', '37 Đường Lê Lợi, Phường 287'),
  ('SV0528', 'Lê Anh Hoa', '2002-11-02', 'Nữ', 'Tỉnh Cao Bằng', '006', 'UT01', 'CNTT_Nhat', 'SV0528@gm.uit.edu.vn', '0701234561', '101 Đường Quang Trung, Phường 288'),
  ('SV0529', 'Trần Văn Mai', '2000-06-12', 'Nữ', 'Tỉnh Lai Châu', '007', 'UT01', 'CNTT', 'SV0529@gm.uit.edu.vn', '0812345672', '165 Đường Ngô Quyền, Phường 289'),
  ('SV0530', 'Vũ Mai Hùng', '2001-10-19', 'Nam', 'Tỉnh Lào Cai', '008', 'UT01', 'TTMT', 'SV0530@gm.uit.edu.vn', '0923456783', '229 Đường Võ Văn Kiệt, Phường 290'),('SV0531', 'Nguyễn Thị Hùng', '2004-10-10', 'Nữ', 'Tỉnh Tuyên Quang', '009', 'UT02', 'CNTT_Nhat', 'SV0531@gm.uit.edu.vn', '0134567894', '93 Đường Hai Bà Trưng, Phường 291'),
  ('SV0532', 'Võ Quang Dũng', '2003-06-24', 'Nữ', 'Tỉnh Lạng Sơn', '010', 'UT01', 'KTMT', 'SV0532@gm.uit.edu.vn', '0245678905', '157 Đường Trần Phú, Phường 292'),
  ('SV0533', 'Phan Văn An', '2001-07-23', 'Nữ', 'Tỉnh Quảng Ninh', '011', 'UT02', 'KTMT', 'SV0533@gm.uit.edu.vn', '0356789016', '221 Đường Điện Biên Phủ, Phường 293'),
  ('SV0534', 'Đặng Quang Long', '2002-02-26', 'Nữ', 'Tỉnh Thái Bình', '012', 'UT02', 'VMC', 'SV0534@gm.uit.edu.vn', '0467890127', '85 Đường Phan Chu Trinh, Phường 294'),
  ('SV0535', 'Huỳnh Quang Dũng', '2000-12-11', 'Nam', 'Tỉnh Nam Định', '013', 'UT02', 'TMDT', 'SV0535@gm.uit.edu.vn', '0578901238', '149 Đường Lý Thường Kiệt, Phường 295'),
  ('SV0536', 'Vũ Thị Hoa', '2002-03-30', 'Nữ', 'Tỉnh Ninh Bình', '014', 'UT02', 'TMDT', 'SV0536@gm.uit.edu.vn', '0689012349', '213 Đường Võ Văn Kiệt, Phường 296'),
  ('SV0537', 'Huỳnh Mai Dũng', '2000-10-28', 'Nam', 'Tỉnh Thanh Hóa', '015', 'UT01', 'CNTT', 'SV0537@gm.uit.edu.vn', '0790123450', '77 Đường Trần Hưng Đạo, Phường 297'),
  ('SV0538', 'Phạm Thanh Hùng', '2003-08-11', 'Nam', 'Tỉnh Nghệ An', '016', 'UT02', 'KTMT', 'SV0538@gm.uit.edu.vn', '0801234561', '141 Đường Lê Duẩn, Phường 298'),
  ('SV0539', 'Phạm Mai Long', '2000-09-21', 'Nam', 'Tỉnh Hà Tĩnh', '017', 'UT02', 'VMC', 'SV0539@gm.uit.edu.vn', '0912345672', '205 Đường Hùng Vương, Phường 299'),
  ('SV0540', 'Trần Quang Mai', '2005-11-05', 'Nữ', 'Tỉnh Quảng Bình', '001', 'UT02', 'KHLDL', 'SV0540@gm.uit.edu.vn', '0123456783', '69 Đường Nguyễn Thái Học, Phường 300'),('SV0541', 'Vũ Anh An', '2002-09-09', 'Nam', 'Tỉnh Quảng Trị', '002', 'UT01', 'KTPM', 'SV0541@gm.uit.edu.vn', '0234567894', '133 Đường Phan Bội Châu, Phường 301'),
  ('SV0542', 'Vũ Huy Hà', '2001-05-08', 'Nam', 'Tỉnh Thừa Thiên Huế', '003', 'UT01', 'KHLDL', 'SV0542@gm.uit.edu.vn', '0345678905', '197 Đường Lê Thánh Tông, Phường 302'),
  ('SV0543', 'Nguyễn Hữu Bình', '2004-05-28', 'Nam', 'Tỉnh Đà Nẵng', '004', 'UT02', 'VMC', 'SV0543@gm.uit.edu.vn', '0456789016', '61 Đường Nguyễn Huệ, Phường 303'),
  ('SV0544', 'Phạm Văn Hoa', '2000-06-27', 'Nữ', 'Tỉnh Quảng Nam', '005', 'UT02', 'TTMT', 'SV0544@gm.uit.edu.vn', '0567890127', '125 Đường Bà Triệu, Phường 304'),
  ('SV0545', 'Lê Anh Hoa', '2003-03-07', 'Nam', 'Tỉnh Quảng Ngãi', '006', 'UT02', 'VMC', 'SV0545@gm.uit.edu.vn', '0678901238', '189 Đường Lê Lai, Phường 305'),
  ('SV0546', 'Nguyễn Hữu Mai', '2002-12-03', 'Nam', 'Tỉnh Bình Định', '007', 'UT01', 'KTMT', 'SV0546@gm.uit.edu.vn', '0789012349', '253 Đường Trần Phú, Phường 306'),
  ('SV0547', 'Trần Thanh Hùng', '2002-11-12', 'Nữ', 'Tỉnh Phú Yên', '008', 'UT02', 'KHLDL', 'SV0547@gm.uit.edu.vn', '0890123450', '17 Đường Điện Biên Phủ, Phường 307'),
  ('SV0548', 'Hoàng Quang Long', '2000-04-25', 'Nam', 'Tỉnh Khánh Hòa', '009', 'UT01', 'KTPM', 'SV0548@gm.uit.edu.vn', '0901234561', '81 Đường Hoàng Diệu, Phường 308'),
  ('SV0549', 'Hoàng Văn Hoa', '2004-06-18', 'Nam', 'Tỉnh Ninh Thuận', '010', 'UT01', 'TTMT', 'SV0549@gm.uit.edu.vn', '0112345672', '145 Đường Lý Tự Trọng, Phường 309'),
  ('SV0550', 'Vũ Mai Bình', '2000-04-25', 'Nam', 'Tỉnh Bình Thuận', '011', 'UT01', 'TTNT', 'SV0550@gm.uit.edu.vn', '0223456783', '209 Đường Nguyễn Trãi, Phường 310'),
  ('SV0551', 'Trần Văn An', '2005-02-17', 'Nữ', 'Tỉnh Kon Tum', '012', 'UT02', 'HTTT', 'SV0551@gm.uit.edu.vn', '0334567894', '73 Đường Hùng Vương, Phường 311'),
  ('SV0552', 'Lê Ngọc Bình', '2005-07-16', 'Nam', 'Tỉnh Gia Lai', '013', 'UT02', 'HTTT', 'SV0552@gm.uit.edu.vn', '0445678905', '137 Đường Trần Khánh Dư, Phường 312'),
  ('SV0553', 'Võ Văn Dũng', '2004-02-06', 'Nam', 'Tỉnh Đắk Lắk', '014', 'UT01', 'TTNT', 'SV0553@gm.uit.edu.vn', '0556789016', '201 Đường Lê Lợi, Phường 313'),
  ('SV0554', 'Trần Thanh Long', '2002-09-15', 'Nữ', 'Tỉnh Đắk Nông', '015', 'UT02', 'KHMT', 'SV0554@gm.uit.edu.vn', '0667890127', '265 Đường Quang Trung, Phường 314'),
  ('SV0555', 'Nguyễn Minh Khánh', '2005-01-10', 'Nam', 'Tỉnh Lâm Đồng', '016', 'UT01', 'CNTT', 'SV0555@gm.uit.edu.vn', '0778901238', '29 Đường Ngô Quyền, Phường 315'),
  ('SV0556', 'Phạm Hữu Hà', '2000-07-03', 'Nữ', 'Tỉnh Bình Phước', '017', 'UT02', 'ATTT', 'SV0556@gm.uit.edu.vn', '0889012349', '93 Đường Võ Văn Kiệt, Phường 316'),
  ('SV0557', 'Huỳnh Ngọc Mai', '2003-04-28', 'Nam', 'Tỉnh Tây Ninh', '018', 'UT01', 'KHLDL', 'SV0557@gm.uit.edu.vn', '0990123450', '157 Đường Trần Hưng Đạo, Phường 317'),
  ('SV0558', 'Đặng Anh Hùng', '2001-08-22', 'Nữ', 'Tỉnh Bình Dương', '019', 'UT02', 'TMDT', 'SV0558@gm.uit.edu.vn', '0101234561', '221 Đường Lê Duẩn, Phường 318'),
  ('SV0559', 'Lê Quang Bình', '2004-12-07', 'Nam', 'Tỉnh Đồng Nai', '020', 'UT01', 'VMC', 'SV0559@gm.uit.edu.vn', '0212345672', '85 Đường Hùng Vương, Phường 319'),
  ('SV0560', 'Vũ Thanh Linh', '2000-03-31', 'Nữ', 'Tỉnh Bà Rịa - Vũng Tàu', '021', 'UT02', 'KTPM', 'SV0560@gm.uit.edu.vn', '0323456783', '149 Đường Nguyễn Thái Học, Phường 320'),  
  ('SV0561', 'Nguyễn Minh Mai', '2005-06-09', 'Nam', 'Tỉnh Long An', '022', 'UT01', 'TTNT', 'SV0561@gm.uit.edu.vn', '0434567894', '213 Đường Phan Bội Châu, Phường 321'),
  ('SV0562', 'Nguyễn Thị Hà', '2004-11-05', 'Nam', 'Tỉnh Tiền Giang', '023', 'UT01', 'KTMT', 'SV0562@gm.uit.edu.vn', '0545678905', '77 Đường Lê Thánh Tông, Phường 322'),
  ('SV0563', 'Hoàng Thanh Hùng', '2000-08-30', 'Nam', 'Tỉnh Bến Tre', '024', 'UT02', 'ATTT', 'SV0563@gm.uit.edu.vn', '0656789016', '141 Đường Nguyễn Huệ, Phường 323'),
  ('SV0564', 'Lê Ngọc An', '2001-12-08', 'Nữ', 'Tỉnh Trà Vinh', '025', 'UT01', 'CNTT_Nhat', 'SV0564@gm.uit.edu.vn', '0767890127', '205 Đường Bà Triệu, Phường 324'),
  ('SV0565', 'Vũ Quang Hà', '2003-09-21', 'Nam', 'Tỉnh Vĩnh Long', '026', 'UT02', 'TTNT', 'SV0565@gm.uit.edu.vn', '0878901238', '69 Đường Lê Lai, Phường 325'),
  ('SV0566', 'Đặng Mai Dũng', '2003-01-19', 'Nữ', 'Tỉnh Đồng Tháp', '027', 'UT02', 'ATTT', 'SV0566@gm.uit.edu.vn', '0989012349', '133 Đường Trần Phú, Phường 326'),
  ('SV0567', 'Vũ Mai Bình', '2005-10-16', 'Nữ', 'Tỉnh An Giang', '028', 'UT02', 'KTPM', 'SV0567@gm.uit.edu.vn', '0190123450', '197 Đường Điện Biên Phủ, Phường 327'),
  ('SV0568', 'Phạm Văn An', '2004-08-19', 'Nữ', 'Tỉnh Kiên Giang', '029', 'UT02', 'TTMT', 'SV0568@gm.uit.edu.vn', '0201234561', '61 Đường Hoàng Diệu, Phường 328'),
  ('SV0569', 'Phan Minh Dũng', '2003-10-20', 'Nữ', 'Tỉnh Cần Thơ', '030', 'UT01', 'KHMT', 'SV0569@gm.uit.edu.vn', '0312345672', '125 Đường Lý Tự Trọng, Phường 329'),
  ('SV0570', 'Lê Anh Hùng', '2000-11-05', 'Nữ', 'Tỉnh Hậu Giang', '031', 'UT02', 'KTMT', 'SV0570@gm.uit.edu.vn', '0423456783', '189 Đường Nguyễn Trãi, Phường 330'),
  ('SV0571', 'Nguyễn Minh Dũng', '2003-08-25', 'Nữ', 'Tỉnh Kiên Giang', '015', 'UT02', 'CNTT_Nhat', 'SV0571@gm.uit.edu.vn', '0534567894', '112 Đường Cách Mạng Tháng Tám, Phường 7'),  
  ('SV0572', 'Nguyễn Huy Cường', '2000-05-15', 'Nữ', 'Tỉnh Cà Mau', '033', 'UT02', 'TTMT', 'SV0572@gm.uit.edu.vn', '0645678905', '89 Đường Nguyễn Thị Minh Khai, Phường 4'),
  ('SV0573', 'Lê Anh Linh', '2002-07-12', 'Nữ', 'Tỉnh Vĩnh Long', '017', 'UT01', 'CNTT_Nhat', 'SV0573@gm.uit.edu.vn', '0756789016', '45 Đường Lê Duẩn, Phường 11'),
  ('SV0574', 'Nguyễn Quang Hà', '2004-07-12', 'Nam', 'Tỉnh Đồng Tháp', '016', 'UT01', 'KTMT', 'SV0574@gm.uit.edu.vn', '0867890127', '123 Đường Hai Bà Trưng, Phường 2'),
  ('SV0575', 'Võ Ngọc Mai', '2003-08-23', 'Nam', 'Tỉnh Sóc Trăng', '025', 'UT02', 'CNTT_Nhat', 'SV0575@gm.uit.edu.vn', '0978901238', '67 Đường Nguyễn Huệ, Phường 6'),
  ('SV0576', 'Trần Thanh An', '2005-12-20', 'Nữ', 'Tỉnh Bến Tre', '022', 'UT01', 'KHLDL', 'SV0576@gm.uit.edu.vn', '0189012349', '234 Đường Võ Văn Kiệt, Phường 14'),
  ('SV0577', 'Hoàng Mai Dũng', '2003-05-09', 'Nữ', 'Tỉnh Trà Vinh', '019', 'UT02', 'HTTT', 'SV0577@gm.uit.edu.vn', '0290123450', '156 Đường Trần Phú, Phường 8'),
  ('SV0578', 'Phạm Quang Hà', '2005-08-08', 'Nam', 'Tỉnh Bình Phước', '041', 'UT02', 'KHLDL', 'SV0578@gm.uit.edu.vn', '0301234561', '78 Đường Lê Lợi, Phường 13'),
  ('SV0579', 'Nguyễn Ngọc An', '2001-07-11', 'Nữ', 'Tỉnh Bạc Liêu', '043', 'UT02', 'VMC', 'SV0579@gm.uit.edu.vn', '0412345672', '89 Đường Nguyễn Văn Linh, Phường 18'),
  ('SV0580', 'Lê Mai Dũng', '2004-05-20', 'Nữ', 'Tỉnh Tây Ninh', '027', 'UT01', 'KTMT', 'SV0580@gm.uit.edu.vn', '0523456783', '45 Đường Phan Bội Châu, Phường 1'),
  ('SV0581', 'Vũ Văn Mai', '2004-04-14', 'Nữ', 'Tỉnh Đắk Lắk', '047', 'UT02', 'VMC', 'SV0581@gm.uit.edu.vn', '0634567894', '123 Đường Hùng Vương, Phường 10'),
  ('SV0582', 'Trần Thanh Linh', '2004-05-20', 'Nam', 'Tỉnh Gia Lai', '024', 'UT01', 'KHLDL', 'SV0582@gm.uit.edu.vn', '0745678905', '67 Đường Quang Trung, Phường 5'),  
  ('SV0583', 'Phan Minh Cường', '2000-05-07', 'Nam', 'Tỉnh Bình Thuận', '032', 'UT01', 'KHMT', 'SV0583@gm.uit.edu.vn', '0856789016', '234 Đường Lý Tự Trọng, Phường 16'),
  ('SV0584', 'Huỳnh Ngọc Hà', '2004-05-27', 'Nữ', 'Tỉnh Phú Yên', '029', 'UT02', 'TMDT', 'SV0584@gm.uit.edu.vn', '0967890127', '89 Đường Nguyễn Thái Học, Phường 3'),
  ('SV0585', 'Phan Hữu Long', '2000-09-18', 'Nữ', 'Tỉnh Khánh Hòa', '028', 'UT01', 'TTNT', 'SV0585@gm.uit.edu.vn', '0178901238', '156 Đường Bạch Đằng, Phường 9'),
  ('SV0586', 'Phạm Văn Hà', '2004-07-02', 'Nữ', 'Tỉnh Ninh Thuận', '026', 'UT01', 'CNTT', 'SV0586@gm.uit.edu.vn', '0289012349', '67 Đường Yersin, Phường 12'),
  ('SV0587', 'Phạm Minh Linh', '2001-09-11', 'Nữ', 'Tỉnh Đắk Nông', '048', 'UT01', 'KHLDL', 'SV0587@gm.uit.edu.vn', '0390123450', '45 Đường Trường Chinh, Phường 6'),
  ('SV0588', 'Trần Anh Hoa', '2003-09-28', 'Nữ', 'Tỉnh Lâm Đồng', '046', 'UT02', 'KTMT', 'SV0588@gm.uit.edu.vn', '0401234561', '123 Đường Phạm Ngọc Thạch, Phường 21'),
  ('SV0589', 'Trần Huy Bình', '2000-12-20', 'Nam', 'Tỉnh Đắk Lắk', '045', 'UT01', 'HTTT', 'SV0589@gm.uit.edu.vn', '0512345672', '78 Đường Lê Thanh Tôn, Phường 4'),
  ('SV0590', 'Hoàng Anh Hoa', '2004-09-22', 'Nữ', 'Tỉnh Gia Lai', '044', 'UT02', 'KHMT', 'SV0590@gm.uit.edu.vn', '0623456783', '234 Đường Tôn Đức Thắng, Phường 17'),
  ('SV0591', 'Vũ Mai Long', '2003-07-22', 'Nam', 'Tỉnh Kon Tum', '042', 'UT02', 'CNTT', 'SV0591@gm.uit.edu.vn', '0734567894', '89 Đường Nguyễn Tất Thành, Phường 11'),
  ('SV0592', 'Huỳnh Huy Linh', '2001-04-27', 'Nam', 'Tỉnh Bình Định', '031', 'UT02', 'ATTT', 'SV0592@gm.uit.edu.vn', '0845678905', '156 Đường An Dương Vương, Phường 8'),
  ('SV0593', 'Võ Thị Khánh', '2001-05-24', 'Nữ', 'Tỉnh Quảng Ngãi', '035', 'UT01', 'KHMT', 'SV0593@gm.uit.edu.vn', '0956789016', '67 Đường Lê Văn Sỹ, Phường 14'),
  ('SV0594', 'Trần Quang Khánh', '2005-04-10', 'Nam', 'Tỉnh Quảng Nam', '034', 'UT02', 'TMDT', 'SV0594@gm.uit.edu.vn', '0167890127', '45 Đường Cộng Hòa, Phường 19'),
  ('SV0595', 'Trần Văn Long', '2003-12-23', 'Nữ', 'Tỉnh Thừa Thiên Huế', '039', 'UT02', 'CNTT_Nhat', 'SV0595@gm.uit.edu.vn', '0278901238', '123 Đường Nguyễn Văn Trỗi, Phường 2'),
  ('SV0596', 'Trần Quang Mai', '2003-01-08', 'Nữ', 'Tỉnh Quảng Trị', '038', 'UT01', 'KTPM', 'SV0596@gm.uit.edu.vn', '0389012349', '78 Đường Đinh Tiên Hoàng, Phường 7'),
  ('SV0597', 'Đặng Anh Hà', '2001-07-30', 'Nữ', 'Tỉnh Quảng Bình', '037', 'UT01', 'CNTT', 'SV0597@gm.uit.edu.vn', '0490123450', '234 Đường Nguyễn Chí Thanh, Phường 15'),
  ('SV0598', 'Hoàng Quang Hùng', '2000-06-05', 'Nam', 'Tỉnh Hà Tĩnh', '036', 'UT02', 'CNTT', 'SV0598@gm.uit.edu.vn', '0501234561', '89 Đường Hoàng Diệu, Phường 10'),  
  ('SV0599', 'Hoàng Huy Dũng', '2003-08-15', 'Nữ', 'Tỉnh Nghệ An', '040', 'UT01', 'KHLDL', 'SV0599@gm.uit.edu.vn', '0612345672', '156 Đường Nam Kỳ Khởi Nghĩa, Phường 13'),
  ('SV0600', 'Vũ Ngọc Dũng', '2000-05-19', 'Nam', 'Tỉnh Thanh Hóa', '041', 'UT01', 'VMC', 'SV0600@gm.uit.edu.vn', '0723456783', '67 Đường Trần Huy Liệu, Phường 20');

INSERT INTO SINHVIEN (MaSoSinhVien, HoTen, NgaySinh, GioiTinh, QueQuan, MaHuyen, MaDoiTuongUT, MaNganh, Email, SoDienThoai, DiaChi) VALUES
  ('SV0601', 'Võ Anh Long', '2000-02-11', 'Nam', 'Tỉnh Ninh Bình', '042', 'UT01', 'TMDT', 'SV0601@gm.uit.edu.vn', '0834567895', '45 Đường Lê Hồng Phong, Phường 18'),
  ('SV0602', 'Phạm Ngọc Hà', '2001-05-24', 'Nam', 'Tỉnh Nam Định', '043', 'UT01', 'TTMT', 'SV0602@gm.uit.edu.vn', '0945678906', '123 Đường Trần Quốc Toản, Phường 6'),
  ('SV0603', 'Huỳnh Thanh Long', '2005-07-30', 'Nam', 'Tỉnh Thái Bình', '044', 'UT01', 'CNTT', 'SV0603@gm.uit.edu.vn', '0156789017', '78 Đường Hoàng Văn Thụ, Phường 11'),
  ('SV0604', 'Phan Mai Dũng', '2001-06-02', 'Nam', 'Tỉnh Hưng Yên', '045', 'UT01', 'CNTT_Nhat', 'SV0604@gm.uit.edu.vn', '0267890128', '234 Đường Nguyễn Du, Phường 4'),
  ('SV0605', 'Phạm Anh Hoa', '2004-09-26', 'Nữ', 'Tỉnh Hà Nam', '046', 'UT01', 'KHMT', 'SV0605@gm.uit.edu.vn', '0378901239', '89 Đường Bà Triệu, Phường 17'),
  ('SV0606', 'Phạm Quang An', '2003-09-20', 'Nam', 'Tỉnh Hải Dương', '047', 'UT01', 'KHLDL', 'SV0606@gm.uit.edu.vn', '0489012340', '156 Đường Lê Duẩn, Phường 9'),
  ('SV0607', 'Vũ Mai Dũng', '2002-11-13', 'Nữ', 'Tỉnh Hải Phòng', '048', 'UT01', 'CNTT_Nhat', 'SV0607@gm.uit.edu.vn', '0590123451', '67 Đường Trần Phú, Phường 14'),
  ('SV0608', 'Hoàng Thị Khánh', '2004-03-12', 'Nữ', 'Tỉnh Quảng Ninh', '001', 'UT01', 'TMDT', 'SV0608@gm.uit.edu.vn', '0601234562', '45 Đường Lý Thái Tổ, Phường 22'),  
  ('SV0609', 'Lê Văn Long', '2001-04-08', 'Nam', 'Tỉnh Lạng Sơn', '003', 'UT01', 'KTPM', 'SV0609@gm.uit.edu.vn', '0712345673', '123 Đường Trần Phú, Phường 7'),
  ('SV0610', 'Hoàng Minh Hoa', '2003-10-29', 'Nữ', 'Tỉnh Bắc Giang', '004', 'UT01', 'ATTT', 'SV0610@gm.uit.edu.vn', '0823456784', '78 Đường Lê Lợi, Phường 12'),
  ('SV0611', 'Nguyễn Quang Hoa', '2005-08-08', 'Nữ', 'Tỉnh Phú Thọ', '005', 'UT02', 'KHLDL', 'SV0611@gm.uit.edu.vn', '0934567895', '234 Đường Nguyễn Huệ, Phường 18'),
  ('SV0612', 'Võ Thị An', '2000-04-18', 'Nam', 'Tỉnh Vĩnh Phúc', '006', 'UT02', 'KHMT', 'SV0612@gm.uit.edu.vn', '0145678906', '45 Đường Hai Bà Trưng, Phường 3'),
  ('SV0613', 'Lê Anh Cường', '2002-03-14', 'Nam', 'Tỉnh Bắc Ninh', '007', 'UT02', 'VMC', 'SV0613@gm.uit.edu.vn', '0256789017', '156 Đường Lý Thường Kiệt, Phường 15'),
  ('SV0614', 'Vũ Quang Cường', '2004-04-08', 'Nữ', 'Tỉnh Hải Dương', '008', 'UT02', 'HTTT', 'SV0614@gm.uit.edu.vn', '0367890128', '89 Đường Điện Biên Phủ, Phường 9'),
  ('SV0615', 'Đặng Thanh Mai', '2004-09-08', 'Nữ', 'Tỉnh Hải Phòng', '009', 'UT02', 'KTPM', 'SV0615@gm.uit.edu.vn', '0478901239', '67 Đường Nguyễn Thái Học, Phường 21'),
  ('SV0616', 'Huỳnh Thị Hùng', '2005-08-30', 'Nam', 'Tỉnh Hưng Yên', '010', 'UT01', 'CNTT_Nhat', 'SV0616@gm.uit.edu.vn', '0589012340', '234 Đường Lê Duẩn, Phường 5'),
  ('SV0617', 'Phạm Anh Linh', '2002-05-10', 'Nữ', 'Tỉnh Thái Bình', '011', 'UT01', 'ATTT', 'SV0617@gm.uit.edu.vn', '0690123451', '123 Đường Trần Hưng Đạo, Phường 14'),
  ('SV0618', 'Võ Minh Bình', '2004-12-13', 'Nữ', 'Tỉnh Hà Nam', '012', 'UT02', 'KHLDL', 'SV0618@gm.uit.edu.vn', '0701234562', '78 Đường Võ Văn Kiệt, Phường 8'),
  ('SV0619', 'Nguyễn Huy Cường', '2003-07-18', 'Nam', 'Tỉnh Nam Định', '013', 'UT02', 'KHLDL', 'SV0619@gm.uit.edu.vn', '0812345673', '45 Đường Pasteur, Phường 19'),
  ('SV0620', 'Lê Huy Long', '2005-06-22', 'Nam', 'Tỉnh Ninh Bình', '014', 'UT02', 'VMC', 'SV0620@gm.uit.edu.vn', '0923456784', '167 Đường Cách Mạng Tháng Tám, Phường 6'),
  ('SV0621', 'Hoàng Huy Long', '2000-03-31', 'Nam', 'Tỉnh Thanh Hóa', '015', 'UT01', 'ATTT', 'SV0621@gm.uit.edu.vn', '0134567895', '89 Đường Nguyễn Văn Cừ, Phường 11'),  
  ('SV0622', 'Huỳnh Quang An', '2002-11-26', 'Nam', 'Tỉnh Nghệ An', '016', 'UT02', 'KTMT', 'SV0622@gm.uit.edu.vn', '0245678906', '234 Đường Nguyễn Du, Phường 10'),
  ('SV0623', 'Đặng Anh Dũng', '2005-04-21', 'Nam', 'Tỉnh Hà Tĩnh', '017', 'UT01', 'CNTT', 'SV0623@gm.uit.edu.vn', '0356789017', '67 Đường Hoàng Văn Thụ, Phường 4'),
  ('SV0624', 'Vũ Huy Bình', '2004-10-23', 'Nữ', 'Tỉnh Quảng Bình', '018', 'UT02', 'HTTT', 'SV0624@gm.uit.edu.vn', '0467890128', '123 Đường Lê Hồng Phong, Phường 16'),
  ('SV0625', 'Phạm Văn Cường', '2005-07-17', 'Nam', 'Tỉnh Quảng Trị', '019', 'UT01', 'KHMT', 'SV0625@gm.uit.edu.vn', '0578901239', '89 Đường Bà Triệu, Phường 22'),
  ('SV0626', 'Phạm Văn Hoa', '2001-05-18', 'Nam', 'Tỉnh Thừa Thiên Huế', '020', 'UT01', 'TTNT', 'SV0626@gm.uit.edu.vn', '0689012340', '45 Đường Lê Lai, Phường 7'),
  ('SV0627', 'Lê Thị Hà', '2004-02-07', 'Nam', 'Tỉnh Đà Nẵng', '021', 'UT02', 'TTMT', 'SV0627@gm.uit.edu.vn', '0790123451', '156 Đường Trần Quốc Toản, Phường 13'),
  ('SV0628', 'Phan Anh Cường', '2004-07-16', 'Nam', 'Tỉnh Quảng Nam', '022', 'UT01', 'TTMT', 'SV0628@gm.uit.edu.vn', '0801234562', '78 Đường Nguyễn Thái Học, Phường 1'),
  ('SV0629', 'Phạm Minh Hùng', '2004-03-03', 'Nữ', 'Tỉnh Quảng Ngãi', '023', 'UT01', 'TTNT', 'SV0629@gm.uit.edu.vn', '0912345673', '234 Đường Điện Biên Phủ, Phường 18'),
  ('SV0630', 'Lê Quang Hùng', '2004-08-13', 'Nam', 'Tỉnh Bình Định', '024', 'UT02', 'TTNT', 'SV0630@gm.uit.edu.vn', '0123456784', '89 Đường Lý Thường Kiệt, Phường 5'),
  ('SV0631', 'Hoàng Quang Hùng', '2001-02-20', 'Nam', 'Tỉnh Phú Yên', '025', 'UT01', 'KTPM', 'SV0631@gm.uit.edu.vn', '0234567895', '67 Đường Hai Bà Trưng, Phường 11'),
  ('SV0632', 'Phạm Quang Dũng', '2001-02-20', 'Nam', 'Tỉnh Khánh Hòa', '026', 'UT01', 'KHLDL', 'SV0632@gm.uit.edu.vn', '0345678906', '145 Đường Trần Hưng Đạo, Phường 24'),
  ('SV0633', 'Hoàng Hữu Linh', '2002-01-23', 'Nữ', 'Tỉnh Ninh Thuận', '027', 'UT02', 'KTPM', 'SV0633@gm.uit.edu.vn', '0456789017', '123 Đường Nguyễn Huệ, Phường 8'),
  ('SV0634', 'Vũ Ngọc Bình', '2002-12-01', 'Nữ', 'Tỉnh Bình Thuận', '028', 'UT02', 'CNTT', 'SV0634@gm.uit.edu.vn', '0567890128', '78 Đường Lê Lợi, Phường 19'),
  ('SV0635', 'Phan Minh An', '2003-06-19', 'Nữ', 'Tỉnh Kon Tum', '029', 'UT02', 'ATTT', 'SV0635@gm.uit.edu.vn', '0678901239', '234 Đường Võ Văn Kiệt, Phường 3'),
  ('SV0636', 'Huỳnh Thanh Dũng', '2001-11-20', 'Nam', 'Tỉnh Gia Lai', '030', 'UT02', 'TTNT', 'SV0636@gm.uit.edu.vn', '0789012340', '89 Đường Pasteur, Phường 15'),
  ('SV0637', 'Nguyễn Thị An', '2004-07-13', 'Nam', 'Tỉnh Đắk Lắk', '031', 'UT02', 'TTNT', 'SV0637@gm.uit.edu.vn', '0890123451', '67 Đường Cách Mạng Tháng Tám, Phường 12'),
  ('SV0638', 'Vũ Ngọc Cường', '2000-08-04', 'Nữ', 'Tỉnh Đắk Nông', '032', 'UT01', 'VMC', 'SV0638@gm.uit.edu.vn', '0901234562', '145 Đường Nguyễn Văn Cừ, Phường 6'),
  ('SV0639', 'Phạm Thanh Bình', '2001-09-08', 'Nam', 'Tỉnh Lâm Đồng', '033', 'UT02', 'CNTT', 'SV0639@gm.uit.edu.vn', '0112345673', '123 Đường Lê Duẩn, Phường 21'),
  ('SV0640', 'Võ Quang Khánh', '2000-05-30', 'Nam', 'Tỉnh Bình Phước', '034', 'UT01', 'KHMT', 'SV0640@gm.uit.edu.vn', '0223456784', '78 Đường Trần Phú, Phường 9'),
  ('SV0641', 'Phạm Ngọc Linh', '2001-11-06', 'Nữ', 'Tỉnh Tây Ninh', '035', 'UT01', 'KTMT', 'SV0641@gm.uit.edu.vn', '0334567895', '234 Đường Nam Kỳ Khởi Nghĩa, Phường 17'),
  ('SV0642', 'Võ Mai An', '2002-04-06', 'Nữ', 'Tỉnh Bình Dương', '036', 'UT02', 'TMDT', 'SV0642@gm.uit.edu.vn', '0445678906', '89 Đường Trần Quốc Toản, Phường 2'),
  ('SV0643', 'Trần Hữu Hùng', '2001-09-01', 'Nữ', 'Tỉnh Đồng Nai', '037', 'UT01', 'VMC', 'SV0643@gm.uit.edu.vn', '0556789017', '67 Đường Hoàng Văn Thụ, Phường 14'),
  ('SV0644', 'Đặng Mai Bình', '2005-05-02', 'Nam', 'Tỉnh Bà Rịa - Vũng Tàu', '038', 'UT01', 'VMC', 'SV0644@gm.uit.edu.vn', '0667890128', '145 Đường Lê Hồng Phong, Phường 20'),
  ('SV0645', 'Phạm Hữu Hà', '2004-05-30', 'Nam', 'Tỉnh Long An', '039', 'UT02', 'TTMT', 'SV0645@gm.uit.edu.vn', '0778901239', '123 Đường Bà Triệu, Phường 4'),
  ('SV0646', 'Vũ Quang Dũng', '2002-10-02', 'Nam', 'Tỉnh Tiền Giang', '040', 'UT02', 'KHLDL', 'SV0646@gm.uit.edu.vn', '0889012340', '78 Đường Lê Lai, Phường 16'),
  ('SV0647', 'Huỳnh Quang Linh', '2005-08-17', 'Nam', 'Tỉnh Bến Tre', '041', 'UT02', 'VMC', 'SV0647@gm.uit.edu.vn', '0990123451', '234 Đường Nguyễn Du, Phường 23'),
  ('SV0648', 'Nguyễn Huy Long', '2005-09-10', 'Nam', 'Tỉnh Trà Vinh', '042', 'UT02', 'KHMT', 'SV0648@gm.uit.edu.vn', '0101234562', '89 Đường Điện Biên Phủ, Phường 7'),
  ('SV0649', 'Võ Huy Khánh', '2003-07-26', 'Nam', 'Tỉnh Vĩnh Long', '043', 'UT01', 'TTNT', 'SV0649@gm.uit.edu.vn', '0212345673', '67 Đường Lý Thường Kiệt, Phường 13'),  
  ('SV0650', 'Đặng Huy Hoa', '2000-07-11', 'Nam', 'Tỉnh Đồng Tháp', '044', 'UT02', 'TTMT', 'SV0650@gm.uit.edu.vn', '0323456784', '145 Đường Hai Bà Trưng, Phường 18'),
  ('SV0651', 'Phạm Anh An', '2000-03-19', 'Nữ', 'Tỉnh An Giang', '045', 'UT01', 'HTTT', 'SV0651@gm.uit.edu.vn', '0434567895', '123 Đường Trần Hưng Đạo, Phường 25'),
  ('SV0652', 'Võ Minh An', '2000-06-24', 'Nữ', 'Tỉnh Kiên Giang', '046', 'UT02', 'TTNT', 'SV0652@gm.uit.edu.vn', '0545678906', '78 Đường Nguyễn Huệ, Phường 1'),
  ('SV0653', 'Võ Mai Mai', '2003-12-26', 'Nam', 'Tỉnh Cần Thơ', '047', 'UT01', 'KHMT', 'SV0653@gm.uit.edu.vn', '0656789017', '234 Đường Lê Lợi, Phường 12'),
  ('SV0654', 'Huỳnh Thị Dũng', '2005-07-23', 'Nữ', 'Tỉnh Hậu Giang', '048', 'UT02', 'VMC', 'SV0654@gm.uit.edu.vn', '0767890128', '89 Đường Lý Thường Kiệt, Phường 8'),
  ('SV0655', 'Phạm Minh An', '2003-08-28', 'Nữ', 'Tỉnh Sóc Trăng', '001', 'UT01', 'ATTT', 'SV0655@gm.uit.edu.vn', '0878901239', '67 Đường Điện Biên Phủ, Phường 19'),
  ('SV0656', 'Hoàng Quang Hoa', '2004-12-17', 'Nữ', 'Tỉnh Bạc Liêu', '002', 'UT01', 'ATTT', 'SV0656@gm.uit.edu.vn', '0989012340', '145 Đường Nguyễn Thái Học, Phường 4'),
  ('SV0657', 'Đặng Mai Dũng', '2003-09-29', 'Nam', 'Tỉnh Cà Mau', '003', 'UT02', 'KTPM', 'SV0657@gm.uit.edu.vn', '0190123451', '123 Đường Lê Duẩn, Phường 16'),
  ('SV0658', 'Phan Thanh Hoa', '2003-10-11', 'Nữ', 'Tỉnh Hà Giang', '004', 'UT02', 'ATTT', 'SV0658@gm.uit.edu.vn', '0201234562', '78 Đường Trần Phú, Phường 22'),
  ('SV0659', 'Phạm Quang Bình', '2004-10-25', 'Nam', 'Tỉnh Cao Bằng', '005', 'UT02', 'KTPM', 'SV0659@gm.uit.edu.vn', '0312345673', '234 Đường Nguyễn Du, Phường 3'),
  ('SV0660', 'Phạm Mai Linh', '2002-06-14', 'Nữ', 'Tỉnh Bắc Kạn', '006', 'UT02', 'CNTT_Nhat', 'SV0660@gm.uit.edu.vn', '0423456784', '89 Đường Hoàng Văn Thụ, Phường 14'),
  ('SV0661', 'Phạm Văn Bình', '2001-06-02', 'Nữ', 'Tỉnh Tuyên Quang', '007', 'UT02', 'TTNT', 'SV0661@gm.uit.edu.vn', '0534567895', '67 Đường Lê Hồng Phong, Phường 21'),
  ('SV0662', 'Phan Hữu Cường', '2004-12-25', 'Nam', 'Tỉnh Lào Cai', '008', 'UT02', 'KTMT', 'SV0662@gm.uit.edu.vn', '0645678906', '145 Đường Bà Triệu, Phường 5'),
  ('SV0663', 'Nguyễn Thanh An', '2000-01-16', 'Nữ', 'Tỉnh Điện Biên', '009', 'UT01', 'VMC', 'SV0663@gm.uit.edu.vn', '0756789017', '123 Đường Lê Lai, Phường 17'),
  ('SV0664', 'Phạm Minh Hùng', '2004-08-17', 'Nữ', 'Tỉnh Lai Châu', '010', 'UT02', 'KHMT', 'SV0664@gm.uit.edu.vn', '0867890128', '78 Đường Trần Quốc Toản, Phường 9'),
  ('SV0665', 'Đặng Minh Khánh', '2000-11-23', 'Nữ', 'Tỉnh Sơn La', '011', 'UT01', 'TMDT', 'SV0665@gm.uit.edu.vn', '0978901239', '234 Đường Võ Văn Kiệt, Phường 23'),
  ('SV0666', 'Võ Ngọc Mai', '2000-05-13', 'Nam', 'Tỉnh Yên Bái', '012', 'UT01', 'VMC', 'SV0666@gm.uit.edu.vn', '0189012340', '89 Đường Pasteur, Phường 6'),
  ('SV0667', 'Lê Thị Mai', '2003-01-09', 'Nữ', 'Tỉnh Hòa Bình', '013', 'UT02', 'KHMT', 'SV0667@gm.uit.edu.vn', '0290123451', '67 Đường Cách Mạng Tháng Tám, Phường 18'),
  ('SV0668', 'Phạm Thanh Linh', '2004-01-31', 'Nam', 'Tỉnh Thái Nguyên', '014', 'UT02', 'CNTT', 'SV0668@gm.uit.edu.vn', '0301234562', '145 Đường Nguyễn Văn Cừ, Phường 2'),
  ('SV0669', 'Võ Quang Hùng', '2005-11-14', 'Nữ', 'Tỉnh Lạng Sơn', '015', 'UT02', 'KTMT', 'SV0669@gm.uit.edu.vn', '0412345673', '123 Đường Nam Kỳ Khởi Nghĩa, Phường 15'),
  ('SV0670', 'Nguyễn Mai Bình', '2002-01-11', 'Nam', 'Tỉnh Quảng Ninh', '016', 'UT02', 'HTTT', 'SV0670@gm.uit.edu.vn', '0523456784', '78 Đường Trần Huy Liệu, Phường 20'),  ('SV0671', 'Lê Thanh Bình', '2001-09-18', 'Nam', 'Tỉnh Bắc Giang', '017', 'UT02', 'KHLDL', 'SV0671@gm.uit.edu.vn', '0634567895', '234 Đường Lê Lai, Phường 11'),
  ('SV0672', 'Phạm Anh Dũng', '2003-12-14', 'Nam', 'Tỉnh Phú Thọ', '018', 'UT01', 'KTPM', 'SV0672@gm.uit.edu.vn', '0745678906', '89 Đường Trần Quốc Toản, Phường 7'),
  ('SV0673', 'Lê Quang Cường', '2003-04-25', 'Nữ', 'Tỉnh Vĩnh Phúc', '019', 'UT02', 'VMC', 'SV0673@gm.uit.edu.vn', '0856789017', '67 Đường Nguyễn Du, Phường 24'),
  ('SV0674', 'Lê Anh Long', '2000-11-19', 'Nữ', 'Tỉnh Bắc Ninh', '020', 'UT02', 'KHMT', 'SV0674@gm.uit.edu.vn', '0967890128', '145 Đường Hoàng Văn Thụ, Phường 3'),
  ('SV0675', 'Nguyễn Mai Hà', '2005-05-31', 'Nam', 'Tỉnh Hải Dương', '021', 'UT02', 'VMC', 'SV0675@gm.uit.edu.vn', '0178901239', '123 Đường Lê Hồng Phong, Phường 16'),
  ('SV0676', 'Nguyễn Văn Hùng', '2003-05-06', 'Nam', 'Tỉnh Hải Phòng', '022', 'UT02', 'KHMT', 'SV0676@gm.uit.edu.vn', '0289012340', '78 Đường Bà Triệu, Phường 9'),
  ('SV0677', 'Võ Ngọc Khánh', '2004-10-23', 'Nam', 'Tỉnh Hưng Yên', '023', 'UT02', 'ATTT', 'SV0677@gm.uit.edu.vn', '0390123451', '234 Đường Điện Biên Phủ, Phường 22'),
  ('SV0678', 'Trần Huy Dũng', '2002-01-26', 'Nam', 'Tỉnh Thái Bình', '024', 'UT02', 'TMDT', 'SV0678@gm.uit.edu.vn', '0401234562', '89 Đường Nguyễn Thái Học, Phường 5'),
  ('SV0679', 'Hoàng Quang Dũng', '2003-12-27', 'Nữ', 'Tỉnh Hà Nam', '025', 'UT01', 'ATTT', 'SV0679@gm.uit.edu.vn', '0512345673', '67 Đường Lê Duẩn, Phường 18'),
  ('SV0680', 'Nguyễn Anh Khánh', '2003-11-20', 'Nữ', 'Tỉnh Nam Định', '026', 'UT02', 'KHLDL', 'SV0680@gm.uit.edu.vn', '0623456784', '145 Đường Trần Phú, Phường 12'),
  ('SV0681', 'Đặng Minh An', '2005-05-02', 'Nam', 'Tỉnh Ninh Bình', '027', 'UT02', 'KHLDL', 'SV0681@gm.uit.edu.vn', '0734567895', '123 Đường Võ Văn Kiệt, Phường 1'),
  ('SV0682', 'Lê Thanh Khánh', '2000-09-05', 'Nữ', 'Tỉnh Thanh Hóa', '028', 'UT02', 'KTMT', 'SV0682@gm.uit.edu.vn', '0845678906', '78 Đường Pasteur, Phường 14'),
  ('SV0683', 'Phan Minh Linh', '2005-10-27', 'Nam', 'Tỉnh Nghệ An', '029', 'UT02', 'VMC', 'SV0683@gm.uit.edu.vn', '0956789017', '234 Đường Cách Mạng Tháng Tám, Phường 21'),
  ('SV0684', 'Trần Thị An', '2005-06-01', 'Nam', 'Tỉnh Hà Tĩnh', '030', 'UT01', 'VMC', 'SV0684@gm.uit.edu.vn', '0167890128', '89 Đường Nguyễn Văn Cừ, Phường 6'),
  ('SV0685', 'Trần Thị Hoa', '2005-10-17', 'Nữ', 'Tỉnh Quảng Bình', '031', 'UT02', 'KHLDL', 'SV0685@gm.uit.edu.vn', '0278901239', '67 Đường Nam Kỳ Khởi Nghĩa, Phường 19'),
  ('SV0686', 'Lê Thị Cường', '2002-04-28', 'Nữ', 'Tỉnh Quảng Trị', '032', 'UT02', 'HTTT', 'SV0686@gm.uit.edu.vn', '0389012340', '145 Đường Trần Huy Liệu, Phường 4'),
  ('SV0687', 'Đặng Văn An', '2001-03-30', 'Nữ', 'Tỉnh Thừa Thiên Huế', '033', 'UT01', 'VMC', 'SV0687@gm.uit.edu.vn', '0490123451', '123 Đường Lý Thái Tổ, Phường 17'),
  ('SV0688', 'Trần Huy Bình', '2002-04-19', 'Nam', 'Tỉnh Đà Nẵng', '034', 'UT02', 'CNTT_Nhat', 'SV0688@gm.uit.edu.vn', '0501234562', '78 Đường Nguyễn Huệ, Phường 10'),
  ('SV0689', 'Đặng Hữu Linh', '2003-05-22', 'Nữ', 'Tỉnh Quảng Nam', '035', 'UT02', 'TTNT', 'SV0689@gm.uit.edu.vn', '0612345673', '234 Đường Lê Lợi, Phường 23'),
  ('SV0690', 'Võ Ngọc Dũng', '2002-05-22', 'Nữ', 'Tỉnh Quảng Ngãi', '036', 'UT02', 'TTMT', 'SV0690@gm.uit.edu.vn', '0723456784', '89 Đường Trần Hưng Đạo, Phường 8'),
  ('SV0691', 'Nguyễn Minh Long', '2003-02-25', 'Nam', 'Tỉnh Bình Định', '037', 'UT01', 'KTPM', 'SV0691@gm.uit.edu.vn', '0834567895', '67 Đường Hai Bà Trưng, Phường 15'),  ('SV0692', 'Trần Thanh Linh', '2002-12-09', 'Nữ', 'Tỉnh Phú Yên', '038', 'UT02', 'CNTT_Nhat', 'SV0692@gm.uit.edu.vn', '0945678906', '145 Đường Lý Thường Kiệt, Phường 2'),
  ('SV0693', 'Phan Anh Khánh', '2001-02-15', 'Nam', 'Tỉnh Khánh Hòa', '039', 'UT01', 'HTTT', 'SV0693@gm.uit.edu.vn', '0156789017', '123 Đường Nguyễn Thái Học, Phường 13'),
  ('SV0694', 'Phan Huy An', '2003-07-21', 'Nữ', 'Tỉnh Ninh Thuận', '040', 'UT01', 'CNTT', 'SV0694@gm.uit.edu.vn', '0267890128', '78 Đường Điện Biên Phủ, Phường 25'),
  ('SV0695', 'Phạm Hữu An', '2002-03-14', 'Nữ', 'Tỉnh Bình Thuận', '041', 'UT01', 'TTNT', 'SV0695@gm.uit.edu.vn', '0378901239', '234 Đường Lê Duẩn, Phường 7'),
  ('SV0696', 'Nguyễn Văn Mai', '2002-08-01', 'Nữ', 'Tỉnh Kon Tum', '042', 'UT01', 'KTPM', 'SV0696@gm.uit.edu.vn', '0489012340', '89 Đường Trần Phú, Phường 19'),
  ('SV0697', 'Huỳnh Thị Khánh', '2001-09-29', 'Nữ', 'Tỉnh Gia Lai', '043', 'UT01', 'TTMT', 'SV0697@gm.uit.edu.vn', '0590123451', '67 Đường Nguyễn Du, Phường 4'),
  ('SV0698', 'Trần Mai An', '2002-04-29', 'Nữ', 'Tỉnh Đắk Lắk', '044', 'UT01', 'KHMT', 'SV0698@gm.uit.edu.vn', '0601234562', '145 Đường Hoàng Văn Thụ, Phường 16'),
  ('SV0699', 'Huỳnh Văn Mai', '2001-02-17', 'Nữ', 'Tỉnh Đắk Nông', '045', 'UT01', 'KTMT', 'SV0699@gm.uit.edu.vn', '0712345673', '123 Đường Lê Hồng Phong, Phường 12'),
  ('SV0700', 'Huỳnh Huy Khánh', '2003-11-03', 'Nữ', 'Tỉnh Lâm Đồng', '046', 'UT02', 'CNTT_Nhat', 'SV0700@gm.uit.edu.vn', '0823456784', '78 Đường Bà Triệu, Phường 21');

INSERT INTO SINHVIEN (MaSoSinhVien, HoTen, NgaySinh, GioiTinh, QueQuan, MaHuyen, MaDoiTuongUT, MaNganh, Email, SoDienThoai, DiaChi) VALUES
  ('SV0701', 'Vũ Hữu Mai', '2004-08-24', 'Nữ', 'Tỉnh Bình Phước', '047', 'UT02', 'VMC', 'SV0701@gm.uit.edu.vn', '0934567896', '234 Đường Võ Văn Kiệt, Phường 9'),
  ('SV0702', 'Phạm Huy Cường', '2004-02-14', 'Nam', 'Tỉnh Tây Ninh', '048', 'UT02', 'CNTT', 'SV0702@gm.uit.edu.vn', '0145678907', '89 Đường Pasteur, Phường 22'),
  ('SV0703', 'Huỳnh Huy Hùng', '2003-05-05', 'Nam', 'Tỉnh Bình Dương', '001', 'UT02', 'KHLDL', 'SV0703@gm.uit.edu.vn', '0256789018', '67 Đường Cách Mạng Tháng Tám, Phường 5'),
  ('SV0704', 'Hoàng Thanh Linh', '2001-12-13', 'Nam', 'Tỉnh Đồng Nai', '002', 'UT02', 'VMC', 'SV0704@gm.uit.edu.vn', '0367890129', '145 Đường Nguyễn Văn Cừ, Phường 18'),
  ('SV0705', 'Hoàng Ngọc Khánh', '2004-02-17', 'Nam', 'Tỉnh Bà Rịa - Vũng Tàu', '003', 'UT01', 'HTTT', 'SV0705@gm.uit.edu.vn', '0478901230', '123 Đường Nam Kỳ Khởi Nghĩa, Phường 12'),
  ('SV0706', 'Phạm Quang Khánh', '2002-10-20', 'Nữ', 'Tỉnh Long An', '004', 'UT02', 'KHMT', 'SV0706@gm.uit.edu.vn', '0589012341', '78 Đường Trần Huy Liệu, Phường 1'),
  ('SV0707', 'Trần Ngọc Hùng', '2004-06-03', 'Nam', 'Tỉnh Tiền Giang', '005', 'UT02', 'KHMT', 'SV0707@gm.uit.edu.vn', '0690123452', '234 Đường Lý Thái Tổ, Phường 24'),
  ('SV0708', 'Hoàng Thị Mai', '2004-10-08', 'Nữ', 'Tỉnh Bến Tre', '006', 'UT02', 'TTMT', 'SV0708@gm.uit.edu.vn', '0701234563', '89 Đường Nguyễn Huệ, Phường 8'),
  ('SV0709', 'Hoàng Minh Mai', '2001-09-11', 'Nam', 'Tỉnh Trà Vinh', '007', 'UT01', 'KTMT', 'SV0709@gm.uit.edu.vn', '0812345674', '67 Đường Lê Lợi, Phường 15'),
  ('SV0710', 'Hoàng Ngọc Long', '2004-03-17', 'Nam', 'Tỉnh Vĩnh Long', '008', 'UT02', 'HTTT', 'SV0710@gm.uit.edu.vn', '0923456785', '145 Đường Trần Hưng Đạo, Phường 21'),  ('SV0711', 'Nguyễn Quang Dũng', '2004-12-01', 'Nữ', 'Tỉnh Đồng Tháp', '009', 'UT02', 'CNTT', 'SV0711@gm.uit.edu.vn', '0134567896', '123 Đường Hai Bà Trưng, Phường 3'),
  ('SV0712', 'Đặng Quang Long', '2005-10-07', 'Nữ', 'Tỉnh An Giang', '010', 'UT02', 'TTNT', 'SV0712@gm.uit.edu.vn', '0245678907', '78 Đường Lý Thường Kiệt, Phường 17'),
  ('SV0713', 'Nguyễn Hữu Hùng', '2005-11-12', 'Nam', 'Tỉnh Kiên Giang', '011', 'UT01', 'HTTT', 'SV0713@gm.uit.edu.vn', '0356789018', '234 Đường Nguyễn Thái Học, Phường 6'),
  ('SV0714', 'Huỳnh Quang Hùng', '2000-04-25', 'Nam', 'Tỉnh Cần Thơ', '012', 'UT02', 'KTMT', 'SV0714@gm.uit.edu.vn', '0467890129', '89 Đường Điện Biên Phủ, Phường 20'),
  ('SV0715', 'Trần Thị Mai', '2005-02-16', 'Nam', 'Tỉnh Hậu Giang', '013', 'UT02', 'KHLDL', 'SV0715@gm.uit.edu.vn', '0578901230', '67 Đường Lê Duẩn, Phường 14'),
  ('SV0716', 'Trần Ngọc Linh', '2001-05-22', 'Nam', 'Tỉnh Sóc Trăng', '014', 'UT01', 'TTNT', 'SV0716@gm.uit.edu.vn', '0689012341', '145 Đường Trần Phú, Phường 2'),
  ('SV0717', 'Vũ Thanh Long', '2000-07-18', 'Nữ', 'Tỉnh Bạc Liêu', '015', 'UT02', 'KTPM', 'SV0717@gm.uit.edu.vn', '0790123452', '123 Đường Nguyễn Du, Phường 23'),
  ('SV0718', 'Huỳnh Minh Dũng', '2003-09-05', 'Nữ', 'Tỉnh Cà Mau', '016', 'UT02', 'KTMT', 'SV0718@gm.uit.edu.vn', '0801234563', '78 Đường Hoàng Văn Thụ, Phường 9'),
  ('SV0719', 'Huỳnh Minh An', '2002-07-13', 'Nam', 'Tỉnh Hà Giang', '017', 'UT01', 'KTPM', 'SV0719@gm.uit.edu.vn', '0912345674', '234 Đường Lê Hồng Phong, Phường 16'),
  ('SV0720', 'Huỳnh Văn Bình', '2003-09-09', 'Nữ', 'Tỉnh Cao Bằng', '018', 'UT01', 'CNTT_Nhat', 'SV0720@gm.uit.edu.vn', '0123456785', '89 Đường Bà Triệu, Phường 4'),
  ('SV0721', 'Phan Mai Cường', '2000-07-21', 'Nữ', 'Tỉnh Bắc Kạn', '019', 'UT01', 'KHMT', 'SV0721@gm.uit.edu.vn', '0234567896', '67 Đường Lê Lai, Phường 11'),
  ('SV0722', 'Huỳnh Thị An', '2001-01-13', 'Nam', 'Tỉnh Tuyên Quang', '020', 'UT01', 'KTMT', 'SV0722@gm.uit.edu.vn', '0345678907', '145 Đường Trần Quốc Toản, Phường 25'),
  ('SV0723', 'Vũ Anh Hà', '2005-07-05', 'Nam', 'Tỉnh Lào Cai', '021', 'UT02', 'CNTT', 'SV0723@gm.uit.edu.vn', '0456789018', '123 Đường Võ Văn Kiệt, Phường 7'),
  ('SV0724', 'Đặng Hữu Mai', '2002-10-07', 'Nữ', 'Tỉnh Điện Biên', '022', 'UT02', 'CNTT', 'SV0724@gm.uit.edu.vn', '0567890129', '78 Đường Pasteur, Phường 18'),
  ('SV0725', 'Phan Hữu Mai', '2000-04-12', 'Nam', 'Tỉnh Lai Châu', '023', 'UT02', 'HTTT', 'SV0725@gm.uit.edu.vn', '0678901230', '234 Đường Cách Mạng Tháng Tám, Phường 1'),
  ('SV0726', 'Lê Văn Dũng', '2004-07-15', 'Nam', 'Tỉnh Sơn La', '024', 'UT02', 'KHLDL', 'SV0726@gm.uit.edu.vn', '0789012341', '89 Đường Nguyễn Văn Cừ, Phường 13'),
  ('SV0727', 'Phan Thị Hoa', '2002-09-02', 'Nữ', 'Tỉnh Yên Bái', '025', 'UT02', 'TTNT', 'SV0727@gm.uit.edu.vn', '0890123452', '67 Đường Nam Kỳ Khởi Nghĩa, Phường 22'),
  ('SV0728', 'Hoàng Anh Bình', '2004-05-27', 'Nữ', 'Tỉnh Hòa Bình', '026', 'UT01', 'ATTT', 'SV0728@gm.uit.edu.vn', '0901234563', '145 Đường Trần Huy Liệu, Phường 5'),
  ('SV0729', 'Phan Quang Mai', '2000-08-31', 'Nam', 'Tỉnh Thái Nguyên', '027', 'UT02', 'KHMT', 'SV0729@gm.uit.edu.vn', '0112345674', '123 Đường Lý Thái Tổ, Phường 19'),
  ('SV0730', 'Trần Hữu Dũng', '2005-12-24', 'Nữ', 'Tỉnh Lạng Sơn', '028', 'UT01', 'TTMT', 'SV0730@gm.uit.edu.vn', '0223456785', '78 Đường Nguyễn Huệ, Phường 10'),  ('SV0731', 'Huỳnh Quang Dũng', '2005-12-12', 'Nam', 'Tỉnh Quảng Ninh', '029', 'UT02', 'KTMT', 'SV0731@gm.uit.edu.vn', '0334567896', '234 Đường Lê Lợi, Phường 24'),
  ('SV0732', 'Võ Huy Long', '2001-12-13', 'Nữ', 'Tỉnh Bắc Giang', '030', 'UT02', 'CNTT_Nhat', 'SV0732@gm.uit.edu.vn', '0445678907', '89 Đường Trần Hưng Đạo, Phường 8'),
  ('SV0733', 'Lê Ngọc Mai', '2002-07-03', 'Nam', 'Tỉnh Phú Thọ', '031', 'UT01', 'CNTT', 'SV0733@gm.uit.edu.vn', '0556789018', '67 Đường Hai Bà Trưng, Phường 15'),
  ('SV0734', 'Lê Mai Hà', '2000-09-08', 'Nam', 'Tỉnh Vĩnh Phúc', '032', 'UT01', 'TMDT', 'SV0734@gm.uit.edu.vn', '0667890129', '145 Đường Lý Thường Kiệt, Phường 1'),
  ('SV0735', 'Phạm Quang Dũng', '2003-03-19', 'Nữ', 'Tỉnh Bắc Ninh', '033', 'UT02', 'TTNT', 'SV0735@gm.uit.edu.vn', '0778901230', '123 Đường Nguyễn Thái Học, Phường 12'),
  ('SV0736', 'Phan Quang Bình', '2003-06-08', 'Nữ', 'Tỉnh Hải Dương', '034', 'UT01', 'CNTT_Nhat', 'SV0736@gm.uit.edu.vn', '0889012341', '78 Đường Điện Biên Phủ, Phường 21'),
  ('SV0737', 'Huỳnh Minh Bình', '2001-02-11', 'Nam', 'Tỉnh Hải Phòng', '035', 'UT02', 'KTPM', 'SV0737@gm.uit.edu.vn', '0990123452', '234 Đường Lê Duẩn, Phường 4'),
  ('SV0738', 'Hoàng Ngọc Hoa', '2005-08-11', 'Nữ', 'Tỉnh Hưng Yên', '036', 'UT02', 'CNTT_Nhat', 'SV0738@gm.uit.edu.vn', '0101234563', '89 Đường Trần Phú, Phường 17'),
  ('SV0739', 'Vũ Mai Bình', '2003-03-18', 'Nam', 'Tỉnh Thái Bình', '037', 'UT02', 'TMDT', 'SV0739@gm.uit.edu.vn', '0212345674', '67 Đường Nguyễn Du, Phường 6'),
  ('SV0740', 'Nguyễn Minh An', '2003-06-25', 'Nữ', 'Tỉnh Hà Nam', '038', 'UT02', 'KTPM', 'SV0740@gm.uit.edu.vn', '0323456785', '145 Đường Hoàng Văn Thụ, Phường 23'),
  ('SV0741', 'Phan Thanh Hà', '2004-05-13', 'Nữ', 'Tỉnh Nam Định', '039', 'UT02', 'KHMT', 'SV0741@gm.uit.edu.vn', '0434567896', '123 Đường Lê Hồng Phong, Phường 11'),
  ('SV0742', 'Lê Ngọc Long', '2003-09-02', 'Nam', 'Tỉnh Ninh Bình', '040', 'UT01', 'CNTT_Nhat', 'SV0742@gm.uit.edu.vn', '0545678907', '78 Đường Bà Triệu, Phường 18'),
  ('SV0743', 'Võ Thị Long', '2003-01-06', 'Nữ', 'Tỉnh Thanh Hóa', '041', 'UT02', 'CNTT_Nhat', 'SV0743@gm.uit.edu.vn', '0656789018', '234 Đường Lê Lai, Phường 3'),
  ('SV0744', 'Phan Anh Hùng', '2002-10-08', 'Nam', 'Tỉnh Nghệ An', '042', 'UT02', 'KTPM', 'SV0744@gm.uit.edu.vn', '0767890129', '89 Đường Trần Quốc Toản, Phường 14'),
  ('SV0745', 'Huỳnh Thanh Dũng', '2001-02-28', 'Nữ', 'Tỉnh Hà Tĩnh', '043', 'UT01', 'TTMT', 'SV0745@gm.uit.edu.vn', '0878901230', '67 Đường Võ Văn Kiệt, Phường 25'),
  ('SV0746', 'Trần Thanh Hùng', '2003-04-05', 'Nữ', 'Tỉnh Quảng Bình', '044', 'UT01', 'HTTT', 'SV0746@gm.uit.edu.vn', '0989012341', '145 Đường Pasteur, Phường 7'),
  ('SV0747', 'Lê Mai Cường', '2001-04-04', 'Nữ', 'Tỉnh Quảng Trị', '045', 'UT02', 'ATTT', 'SV0747@gm.uit.edu.vn', '0190123452', '123 Đường Cách Mạng Tháng Tám, Phường 20'),
  ('SV0748', 'Vũ Hữu Linh', '2004-10-02', 'Nam', 'Tỉnh Thừa Thiên Huế', '046', 'UT01', 'KHMT', 'SV0748@gm.uit.edu.vn', '0201234563', '78 Đường Nguyễn Văn Cừ, Phường 5'),
  ('SV0749', 'Võ Thanh Long', '2004-06-05', 'Nữ', 'Tỉnh Đà Nẵng', '047', 'UT01', 'TTMT', 'SV0749@gm.uit.edu.vn', '0312345674', '234 Đường Nam Kỳ Khởi Nghĩa, Phường 16'),
  ('SV0750', 'Võ Huy Hà', '2005-10-25', 'Nữ', 'Tỉnh Quảng Nam', '048', 'UT02', 'KTPM', 'SV0750@gm.uit.edu.vn', '0423456785', '89 Đường Trần Huy Liệu, Phường 2'),
  ('SV0751', 'Phạm Văn Hà', '2003-02-17', 'Nam', 'Tỉnh Quảng Ngãi', '001', 'UT01', 'KTPM', 'SV0751@gm.uit.edu.vn', '0534567896', '67 Đường Lý Thái Tổ, Phường 13'),  ('SV0752', 'Đặng Văn Long', '2004-05-19', 'Nam', 'Tỉnh Bình Định', '002', 'UT02', 'KTMT', 'SV0752@gm.uit.edu.vn', '0645678907', '145 Đường Nguyễn Huệ, Phường 19'),
  ('SV0753', 'Nguyễn Hữu Hoa', '2002-10-11', 'Nam', 'Tỉnh Phú Yên', '003', 'UT01', 'TTNT', 'SV0753@gm.uit.edu.vn', '0756789018', '123 Đường Lê Lợi, Phường 22'),
  ('SV0754', 'Lê Mai Dũng', '2000-12-23', 'Nữ', 'Tỉnh Khánh Hòa', '004', 'UT01', 'KHLDL', 'SV0754@gm.uit.edu.vn', '0867890129', '78 Đường Trần Hưng Đạo, Phường 9'),
  ('SV0755', 'Phan Hữu Khánh', '2001-03-26', 'Nam', 'Tỉnh Ninh Thuận', '005', 'UT02', 'TMDT', 'SV0755@gm.uit.edu.vn', '0978901230', '234 Đường Hai Bà Trưng, Phường 25'),
  ('SV0756', 'Huỳnh Quang Long', '2000-05-25', 'Nữ', 'Tỉnh Bình Thuận', '006', 'UT01', 'HTTT', 'SV0756@gm.uit.edu.vn', '0189012341', '89 Đường Lý Thường Kiệt, Phường 4'),
  ('SV0757', 'Vũ Thị Cường', '2005-12-26', 'Nam', 'Tỉnh Kon Tum', '007', 'UT02', 'KTMT', 'SV0757@gm.uit.edu.vn', '0290123452', '67 Đường Nguyễn Thái Học, Phường 16'),
  ('SV0758', 'Phạm Thanh Khánh', '2005-04-09', 'Nam', 'Tỉnh Gia Lai', '008', 'UT01', 'VMC', 'SV0758@gm.uit.edu.vn', '0301234563', '145 Đường Điện Biên Phủ, Phường 1'),
  ('SV0759', 'Phạm Quang An', '2003-07-27', 'Nữ', 'Tỉnh Đắk Lắk', '009', 'UT02', 'KTMT', 'SV0759@gm.uit.edu.vn', '0412345674', '123 Đường Lê Duẩn, Phường 13'),
  ('SV0760', 'Võ Hữu Dũng', '2004-10-21', 'Nữ', 'Tỉnh Đắk Nông', '010', 'UT02', 'KTMT', 'SV0760@gm.uit.edu.vn', '0523456785', '78 Đường Trần Phú, Phường 20'),
  ('SV0761', 'Đặng Anh Bình', '2005-12-26', 'Nam', 'Tỉnh Lâm Đồng', '011', 'UT01', 'KTPM', 'SV0761@gm.uit.edu.vn', '0634567896', '234 Đường Nguyễn Du, Phường 7'),
  ('SV0762', 'Đặng Anh An', '2001-10-12', 'Nữ', 'Tỉnh Bình Phước', '012', 'UT02', 'CNTT_Nhat', 'SV0762@gm.uit.edu.vn', '0745678907', '89 Đường Hoàng Văn Thụ, Phường 18'),
  ('SV0763', 'Đặng Minh Mai', '2003-11-07', 'Nữ', 'Tỉnh Tây Ninh', '013', 'UT02', 'ATTT', 'SV0763@gm.uit.edu.vn', '0856789018', '67 Đường Lê Hồng Phong, Phường 3'),
  ('SV0764', 'Đặng Thanh Hà', '2003-12-29', 'Nam', 'Tỉnh Bình Dương', '014', 'UT01', 'KTMT', 'SV0764@gm.uit.edu.vn', '0967890129', '145 Đường Bà Triệu, Phường 15'),
  ('SV0765', 'Nguyễn Hữu Hoa', '2000-09-29', 'Nam', 'Tỉnh Đồng Nai', '015', 'UT01', 'KTMT', 'SV0765@gm.uit.edu.vn', '0178901230', '123 Đường Lê Lai, Phường 24'),
  ('SV0766', 'Hoàng Anh An', '2005-12-20', 'Nữ', 'Tỉnh Bà Rịa - Vũng Tàu', '016', 'UT01', 'TTMT', 'SV0766@gm.uit.edu.vn', '0289012341', '78 Đường Trần Quốc Toản, Phường 8'),
  ('SV0767', 'Hoàng Thị Linh', '2005-10-19', 'Nam', 'Tỉnh Long An', '017', 'UT01', 'TTMT', 'SV0767@gm.uit.edu.vn', '0390123452', '234 Đường Võ Văn Kiệt, Phường 21'),
  ('SV0768', 'Đặng Quang Long', '2002-12-04', 'Nữ', 'Tỉnh Tiền Giang', '018', 'UT02', 'CNTT', 'SV0768@gm.uit.edu.vn', '0401234563', '89 Đường Pasteur, Phường 5'),
  ('SV0769', 'Trần Minh Long', '2000-12-27', 'Nữ', 'Tỉnh Bến Tre', '019', 'UT01', 'VMC', 'SV0769@gm.uit.edu.vn', '0512345674', '67 Đường Cách Mạng Tháng Tám, Phường 17'),
  ('SV0770', 'Lê Hữu Bình', '2002-11-17', 'Nữ', 'Tỉnh Trà Vinh', '020', 'UT01', 'ATTT', 'SV0770@gm.uit.edu.vn', '0623456785', '145 Đường Nguyễn Văn Cừ, Phường 12'),
  ('SV0771', 'Lê Anh Dũng', '2004-01-03', 'Nữ', 'Tỉnh Vĩnh Long', '021', 'UT01', 'TTNT', 'SV0771@gm.uit.edu.vn', '0734567896', '123 Đường Nam Kỳ Khởi Nghĩa, Phường 2'),
  ('SV0772', 'Hoàng Huy Long', '2005-12-04', 'Nữ', 'Tỉnh Đồng Tháp', '022', 'UT01', 'ATTT', 'SV0772@gm.uit.edu.vn', '0845678907', '78 Đường Trần Huy Liệu, Phường 23'),  ('SV0773', 'Nguyễn Thị Hùng', '2004-03-18', 'Nam', 'Tỉnh Quảng Ninh', '019', 'UT01', 'ATTT', 'SV0773@gm.uit.edu.vn', '0956789018', '14 Đường Tôn Đức Thắng, Phường 3'),
  ('SV0774', 'Nguyễn Mai Hà', '2000-06-01', 'Nam', 'Tỉnh Lạng Sơn', '020', 'UT02', 'KTMT', 'SV0774@gm.uit.edu.vn', '0167890129', '76 Đường Lê Thanh Tôn, Phường 14'),
  ('SV0775', 'Nguyễn Văn An', '2005-04-02', 'Nữ', 'Tỉnh Thái Nguyên', '021', 'UT01', 'CNTT_Nhat', 'SV0775@gm.uit.edu.vn', '0278901230', '152 Đường Trường Chinh, Phường 11'),
  ('SV0776', 'Phạm Văn Hà', '2001-01-03', 'Nữ', 'Tỉnh Phú Thọ', '022', 'UT01', 'CNTT_Nhat', 'SV0776@gm.uit.edu.vn', '0389012341', '93 Đường Khánh Hội, Phường 7'),
  ('SV0777', 'Vũ Anh Mai', '2001-04-18', 'Nữ', 'Tỉnh Bắc Giang', '023', 'UT02', 'ATTT', 'SV0777@gm.uit.edu.vn', '0490123452', '187 Đường Lý Tự Trọng, Phường 19'),
  ('SV0778', 'Võ Thanh Dũng', '2005-02-04', 'Nam', 'Tỉnh Bắc Kạn', '024', 'UT01', 'TTMT', 'SV0778@gm.uit.edu.vn', '0501234563', '58 Đường Nguyễn Thị Minh Khai, Phường 2'),
  ('SV0779', 'Hoàng Hữu Hà', '2003-09-12', 'Nữ', 'Tỉnh Bắc Ninh', '025', 'UT01', 'ATTT', 'SV0779@gm.uit.edu.vn', '0612345674', '124 Đường Lý Thái Tổ, Phường 16'),
  ('SV0780', 'Đặng Thanh Long', '2001-06-11', 'Nam', 'Tỉnh Hà Nam', '026', 'UT02', 'KHLDL', 'SV0780@gm.uit.edu.vn', '0723456785', '69 Đường Đinh Tiên Hoàng, Phường 8'),
  ('SV0781', 'Võ Minh Cường', '2005-06-04', 'Nữ', 'Tỉnh Hải Dương', '027', 'UT01', 'ATTT', 'SV0781@gm.uit.edu.vn', '0834567896', '201 Đường Lê Lợi, Phường 12'),
  ('SV0782', 'Phan Hữu Hùng', '2005-06-13', 'Nữ', 'Tỉnh Hải Phòng', '028', 'UT01', 'VMC', 'SV0782@gm.uit.edu.vn', '0945678907', '35 Đường Phạm Ngũ Lão, Phường 23'),
  ('SV0783', 'Vũ Thị Hà', '2001-03-13', 'Nữ', 'Tỉnh Hưng Yên', '029', 'UT02', 'CNTT', 'SV0783@gm.uit.edu.vn', '0156789018', '168 Đường Võ Thị Sáu, Phường 5'),
  ('SV0784', 'Huỳnh Thị Bình', '2002-12-23', 'Nam', 'Tỉnh Vĩnh Phúc', '030', 'UT01', 'TTMT', 'SV0784@gm.uit.edu.vn', '0267890129', '42 Đường Nguyễn Văn Trỗi, Phường 17'),
  ('SV0785', 'Lê Minh Linh', '2001-06-10', 'Nữ', 'Tỉnh Ninh Bình', '031', 'UT02', 'CNTT', 'SV0785@gm.uit.edu.vn', '0378901230', '135 Đường Trần Quang Khải, Phường 4'),
  ('SV0786', 'Đặng Văn Hà', '2003-07-19', 'Nam', 'Tỉnh Thanh Hóa', '032', 'UT02', 'CNTT', 'SV0786@gm.uit.edu.vn', '0489012341', '78 Đường Nguyễn Chí Thanh, Phường 10'),
  ('SV0787', 'Lê Thanh Long', '2004-06-22', 'Nam', 'Tỉnh Nghệ An', '033', 'UT01', 'TTMT', 'SV0787@gm.uit.edu.vn', '0590123452', '162 Đường Bùi Thị Xuân, Phường 18'),
  ('SV0788', 'Nguyễn Hữu Hùng', '2005-01-03', 'Nam', 'Tỉnh Hà Tĩnh', '034', 'UT01', 'VMC', 'SV0788@gm.uit.edu.vn', '0601234563', '51 Đường Lê Văn Sỹ, Phường 6'),
  ('SV0789', 'Đặng Minh Hoa', '2005-12-05', 'Nam', 'Tỉnh Quảng Bình', '035', 'UT01', 'KTMT', 'SV0789@gm.uit.edu.vn', '0712345674', '119 Đường Trần Hưng Đạo, Phường 21'),
  ('SV0790', 'Hoàng Mai Linh', '2004-12-09', 'Nam', 'Tỉnh Quảng Trị', '036', 'UT01', 'HTTT', 'SV0790@gm.uit.edu.vn', '0823456785', '85 Đường Hai Bà Trưng, Phường 13'),
  ('SV0791', 'Trần Ngọc Hà', '2001-06-07', 'Nam', 'Tỉnh Thừa Thiên Huế', '037', 'UT02', 'CNTT_Nhat', 'SV0791@gm.uit.edu.vn', '0934567896', '146 Đường Lê Duẩn, Phường 20'),
  ('SV0792', 'Phạm Quang Linh', '2004-06-04', 'Nam', 'Tỉnh Đà Nẵng', '038', 'UT01', 'CNTT', 'SV0792@gm.uit.edu.vn', '0145678907', '73 Đường Nguyễn Thái Học, Phường 9'),
  ('SV0793', 'Đặng Anh Mai', '2004-04-25', 'Nữ', 'Tỉnh Quảng Nam', '039', 'UT01', 'TTMT', 'SV0793@gm.uit.edu.vn', '0256789018', '128 Đường Lê Lợi, Phường 15'),
  ('SV0794', 'Phan Hữu Linh', '2002-09-12', 'Nữ', 'Tỉnh Quảng Ngãi', '040', 'UT02', 'TMDT', 'SV0794@gm.uit.edu.vn', '0367890129', '96 Đường Trần Phú, Phường 1'),
  ('SV0795', 'Hoàng Hữu Hoa', '2003-09-06', 'Nữ', 'Tỉnh Bình Định', '041', 'UT02', 'TMDT', 'SV0795@gm.uit.edu.vn', '0478901230', '154 Đường Điện Biên Phủ, Phường 22'),
  ('SV0796', 'Phan Thanh Khánh', '2002-01-06', 'Nam', 'Tỉnh Phú Yên', '042', 'UT01', 'KTPM', 'SV0796@gm.uit.edu.vn', '0589012341', '67 Đường Lê Hồng Phong, Phường 7'),
  ('SV0797', 'Huỳnh Anh Dũng', '2003-11-06', 'Nữ', 'Tỉnh Khánh Hòa', '043', 'UT01', 'HTTT', 'SV0797@gm.uit.edu.vn', '0690123452', '189 Đường Võ Văn Kiệt, Phường 11'),
  ('SV0798', 'Võ Ngọc Cường', '2000-10-31', 'Nữ', 'Tỉnh Ninh Thuận', '044', 'UT01', 'ATTT', 'SV0798@gm.uit.edu.vn', '0701234563', '52 Đường Nguyễn Du, Phường 3'),
  ('SV0799', 'Hoàng Văn Khánh', '2004-03-19', 'Nữ', 'Tỉnh Bình Thuận', '045', 'UT01', 'VMC', 'SV0799@gm.uit.edu.vn', '0812345674', '117 Đường Hoàng Văn Thụ, Phường 24'),  ('SV0800', 'Phạm Thanh An', '2001-06-14', 'Nam', 'Tỉnh Lâm Đồng', '046', 'UT01', 'KHLDL', 'SV0800@gm.uit.edu.vn', '0923456785', '83 Đường Pasteur, Phường 14');

INSERT INTO SINHVIEN (MaSoSinhVien, HoTen, NgaySinh, GioiTinh, QueQuan, MaHuyen, MaDoiTuongUT, MaNganh, Email, SoDienThoai, DiaChi) VALUES  
  ('SV0801', 'Trần Minh Hà', '2000-08-07', 'Nữ', 'Tỉnh Bình Phước', '047', 'UT02', 'KTMT', 'SV0801@gm.uit.edu.vn', '1034567896', '156 Đường Trần Hưng Đạo, Phường 5'),
  ('SV0802', 'Đặng Văn Hoa', '2003-12-25', 'Nam', 'Tỉnh Tây Ninh', '048', 'UT02', 'KTPM', 'SV0802@gm.uit.edu.vn', '1145678907', '71 Đường Lê Lợi, Phường 12'),
  ('SV0803', 'Lê Mai An', '2004-05-02', 'Nữ', 'Tỉnh Bình Dương', '001', 'UT01', 'KHMT', 'SV0803@gm.uit.edu.vn', '1256789018', '234 Đường Nguyễn Huệ, Phường 8'),
  ('SV0804', 'Phan Văn Hà', '2005-10-16', 'Nữ', 'Tỉnh Đồng Nai', '002', 'UT01', 'TMDT', 'SV0804@gm.uit.edu.vn', '1367890129', '89 Đường Hai Bà Trưng, Phường 16'),
  ('SV0805', 'Phan Ngọc An', '2005-07-13', 'Nữ', 'Tỉnh Bà Rịa - Vũng Tàu', '003', 'UT02', 'KHMT', 'SV0805@gm.uit.edu.vn', '1478901230', '147 Đường Pasteur, Phường 23'),
  ('SV0806', 'Phan Văn Dũng', '2002-03-16', 'Nữ', 'Tỉnh Long An', '004', 'UT02', 'HTTT', 'SV0806@gm.uit.edu.vn', '1589012341', '52 Đường Võ Văn Kiệt, Phường 4'),
  ('SV0807', 'Phạm Quang Linh', '2000-11-30', 'Nữ', 'Tỉnh Tiền Giang', '005', 'UT01', 'KHMT', 'SV0807@gm.uit.edu.vn', '1690123452', '183 Đường Lý Thái Tổ, Phường 19'),
  ('SV0808', 'Lê Ngọc Cường', '2005-04-04', 'Nam', 'Tỉnh Bến Tre', '006', 'UT01', 'VMC', 'SV0808@gm.uit.edu.vn', '1701234563', '68 Đường Trần Phú, Phường 11'),
  ('SV0809', 'Vũ Thanh Hà', '2000-03-09', 'Nữ', 'Tỉnh Trà Vinh', '007', 'UT01', 'VMC', 'SV0809@gm.uit.edu.vn', '1812345674', '125 Đường Điện Biên Phủ, Phường 2'),
  ('SV0810', 'Trần Ngọc Mai', '2000-10-12', 'Nữ', 'Tỉnh Vĩnh Long', '008', 'UT01', 'ATTT', 'SV0810@gm.uit.edu.vn', '1923456785', '91 Đường Lê Hồng Phong, Phường 15'),
  ('SV0811', 'Phan Ngọc Long', '2003-09-15', 'Nam', 'Tỉnh Đồng Tháp', '009', 'UT01', 'HTTT', 'SV0811@gm.uit.edu.vn', '2034567896', '176 Đường Nguyễn Du, Phường 7'),
  ('SV0812', 'Võ Thanh Hoa', '2004-01-11', 'Nam', 'Tỉnh An Giang', '010', 'UT02', 'KTPM', 'SV0812@gm.uit.edu.vn', '2145678907', '43 Đường Hoàng Văn Thụ, Phường 22'),
  ('SV0813', 'Phạm Anh Linh', '2005-06-22', 'Nam', 'Tỉnh Kiên Giang', '011', 'UT02', 'KHLDL', 'SV0813@gm.uit.edu.vn', '2256789018', '158 Đường Bà Triệu, Phường 6'),
  ('SV0814', 'Phan Hữu An', '2003-01-15', 'Nữ', 'Tỉnh Cần Thơ', '012', 'UT02', 'VMC', 'SV0814@gm.uit.edu.vn', '2367890129', '74 Đường Lê Duẩn, Phường 18'),
  ('SV0815', 'Huỳnh Ngọc Mai', '2003-01-03', 'Nữ', 'Tỉnh Hậu Giang', '013', 'UT02', 'KHMT', 'SV0815@gm.uit.edu.vn', '2478901230', '132 Đường Nam Kỳ Khởi Nghĩa, Phường 3'),
  ('SV0816', 'Võ Mai An', '2002-08-18', 'Nữ', 'Tỉnh Sóc Trăng', '014', 'UT02', 'CNTT_Nhat', 'SV0816@gm.uit.edu.vn', '2589012341', '87 Đường Trần Huy Liệu, Phường 14'),
  ('SV0817', 'Phan Văn Hùng', '2000-04-24', 'Nữ', 'Tỉnh Bạc Liêu', '015', 'UT02', 'KTMT', 'SV0817@gm.uit.edu.vn', '2690123452', '195 Đường Cách Mạng Tháng Tám, Phường 9'),
  ('SV0818', 'Phạm Mai Hà', '2002-11-10', 'Nữ', 'Tỉnh Cà Mau', '016', 'UT01', 'KHMT', 'SV0818@gm.uit.edu.vn', '2701234563', '56 Đường Nguyễn Văn Cừ, Phường 21'),
  ('SV0819', 'Nguyễn Thị Cường', '2002-09-09', 'Nữ', 'Tỉnh Hà Giang', '017', 'UT02', 'TMDT', 'SV0819@gm.uit.edu.vn', '2812345674', '149 Đường Lê Thanh Tôn, Phường 1'),
  ('SV0820', 'Huỳnh Thanh Bình', '2004-03-16', 'Nam', 'Tỉnh Cao Bằng', '018', 'UT01', 'HTTT', 'SV0820@gm.uit.edu.vn', '2923456785', '63 Đường Lý Thường Kiệt, Phường 17'),
  ('SV0821', 'Phạm Anh Cường', '2001-07-16', 'Nam', 'Tỉnh Quảng Ninh', '019', 'UT01', 'HTTT', 'SV0821@gm.uit.edu.vn', '3034567896', '178 Đường Nguyễn Thái Học, Phường 10'),
  ('SV0822', 'Võ Thị Hà', '2004-08-29', 'Nam', 'Tỉnh Lạng Sơn', '020', 'UT01', 'KTPM', 'SV0822@gm.uit.edu.vn', '3145678907', '45 Đường Tôn Đức Thắng, Phường 24'),
  ('SV0823', 'Võ Ngọc Hoa', '2001-04-19', 'Nam', 'Tỉnh Thái Nguyên', '021', 'UT01', 'ATTT', 'SV0823@gm.uit.edu.vn', '3256789018', '167 Đường Trường Chinh, Phường 13'),
  ('SV0824', 'Huỳnh Anh An', '2003-10-08', 'Nữ', 'Tỉnh Phú Thọ', '022', 'UT02', 'ATTT', 'SV0824@gm.uit.edu.vn', '3367890129', '82 Đường Khánh Hội, Phường 5'),
  ('SV0825', 'Đặng Anh Hà', '2005-02-26', 'Nam', 'Tỉnh Bắc Giang', '023', 'UT01', 'ATTT', 'SV0825@gm.uit.edu.vn', '3478901230', '153 Đường Lý Tự Trọng, Phường 20'),
  ('SV0826', 'Nguyễn Quang Long', '2001-09-07', 'Nữ', 'Tỉnh Bắc Kạn', '024', 'UT01', 'VMC', 'SV0826@gm.uit.edu.vn', '3589012341', '71 Đường Nguyễn Thị Minh Khai, Phường 12'),
  ('SV0827', 'Vũ Văn Mai', '2002-02-14', 'Nữ', 'Tỉnh Bắc Ninh', '025', 'UT02', 'TMDT', 'SV0827@gm.uit.edu.vn', '3690123452', '134 Đường Lý Thái Tổ, Phường 8'),
  ('SV0828', 'Trần Ngọc Hà', '2004-06-10', 'Nữ', 'Tỉnh Hà Nam', '026', 'UT02', 'KHLDL', 'SV0828@gm.uit.edu.vn', '3701234563', '97 Đường Đinh Tiên Hoàng, Phường 16'),
  ('SV0829', 'Đặng Quang Khánh', '2000-12-20', 'Nữ', 'Tỉnh Hải Dương', '027', 'UT01', 'TTNT', 'SV0829@gm.uit.edu.vn', '3812345674', '162 Đường Lê Lợi, Phường 4'),
  ('SV0830', 'Đặng Ngọc Bình', '2000-08-08', 'Nữ', 'Tỉnh Hải Phòng', '028', 'UT02', 'KHMT', 'SV0830@gm.uit.edu.vn', '3923456785', '58 Đường Phạm Ngũ Lão, Phường 19'),
  ('SV0831', 'Phạm Văn Cường', '2000-04-09', 'Nam', 'Tỉnh Hưng Yên', '029', 'UT01', 'TTMT', 'SV0831@gm.uit.edu.vn', '4034567896', '175 Đường Võ Thị Sáu, Phường 11'),
  ('SV0832', 'Phạm Huy Mai', '2004-06-02', 'Nam', 'Tỉnh Vĩnh Phúc', '030', 'UT02', 'KHLDL', 'SV0832@gm.uit.edu.vn', '4145678907', '41 Đường Nguyễn Văn Trỗi, Phường 23'),
  ('SV0833', 'Vũ Văn Long', '2000-03-05', 'Nam', 'Tỉnh Ninh Bình', '031', 'UT02', 'TMDT', 'SV0833@gm.uit.edu.vn', '4256789018', '186 Đường Trần Quang Khải, Phường 6'),
  ('SV0834', 'Lê Huy Bình', '2001-08-06', 'Nữ', 'Tỉnh Thanh Hóa', '032', 'UT02', 'CNTT_Nhat', 'SV0834@gm.uit.edu.vn', '4367890129', '79 Đường Nguyễn Chí Thanh, Phường 18'),
  ('SV0835', 'Vũ Anh Dũng', '2002-08-21', 'Nữ', 'Tỉnh Nghệ An', '033', 'UT02', 'CNTT', 'SV0835@gm.uit.edu.vn', '4478901230', '144 Đường Bùi Thị Xuân, Phường 2'),
  ('SV0836', 'Lê Ngọc An', '2005-03-29', 'Nữ', 'Tỉnh Hà Tĩnh', '034', 'UT01', 'CNTT', 'SV0836@gm.uit.edu.vn', '4589012341', '65 Đường Lê Văn Sỹ, Phường 15'),
  ('SV0837', 'Đặng Huy Mai', '2004-07-18', 'Nữ', 'Tỉnh Quảng Bình', '035', 'UT01', 'HTTT', 'SV0837@gm.uit.edu.vn', '4690123452', '127 Đường Trần Hưng Đạo, Phường 9'),
  ('SV0838', 'Hoàng Huy Linh', '2005-12-21', 'Nữ', 'Tỉnh Quảng Trị', '036', 'UT02', 'KTPM', 'SV0838@gm.uit.edu.vn', '4701234563', '93 Đường Hai Bà Trưng, Phường 21'),
  ('SV0839', 'Hoàng Minh Mai', '2003-03-02', 'Nữ', 'Tỉnh Thừa Thiên Huế', '037', 'UT01', 'KHMT', 'SV0839@gm.uit.edu.vn', '4812345674', '168 Đường Lê Duẩn, Phường 7'),
  ('SV0840', 'Vũ Huy Dũng', '2004-02-21', 'Nữ', 'Tỉnh Đà Nẵng', '038', 'UT02', 'KHMT', 'SV0840@gm.uit.edu.vn', '4923456785', '54 Đường Nguyễn Thái Học, Phường 14'),
  ('SV0841', 'Vũ Huy Cường', '2000-05-27', 'Nam', 'Tỉnh Quảng Nam', '039', 'UT02', 'TTMT', 'SV0841@gm.uit.edu.vn', '5034567896', '119 Đường Lê Lợi, Phường 3'),
  ('SV0842', 'Đặng Văn Dũng', '2005-08-05', 'Nam', 'Tỉnh Quảng Ngãi', '040', 'UT02', 'ATTT', 'SV0842@gm.uit.edu.vn', '5145678907', '86 Đường Trần Phú, Phường 17'),
  ('SV0843', 'Trần Quang Mai', '2001-06-17', 'Nam', 'Tỉnh Bình Định', '041', 'UT01', 'KHLDL', 'SV0843@gm.uit.edu.vn', '5256789018', '152 Đường Điện Biên Phủ, Phường 1'),
  ('SV0844', 'Vũ Mai Khánh', '2000-10-01', 'Nữ', 'Tỉnh Phú Yên', '042', 'UT02', 'CNTT_Nhat', 'SV0844@gm.uit.edu.vn', '5367890129', '73 Đường Lê Hồng Phong, Phường 22'),
  ('SV0845', 'Phan Quang Mai', '2004-10-13', 'Nữ', 'Tỉnh Khánh Hòa', '043', 'UT01', 'KHMT', 'SV0845@gm.uit.edu.vn', '5478901230', '198 Đường Võ Văn Kiệt, Phường 10'),
  ('SV0846', 'Trần Thị Mai', '2000-02-12', 'Nam', 'Tỉnh Ninh Thuận', '044', 'UT02', 'TTNT', 'SV0846@gm.uit.edu.vn', '5589012341', '47 Đường Nguyễn Du, Phường 13'),
  ('SV0847', 'Trần Hữu Cường', '2002-09-19', 'Nam', 'Tỉnh Bình Thuận', '045', 'UT02', 'TTMT', 'SV0847@gm.uit.edu.vn', '5690123452', '164 Đường Hoàng Văn Thụ, Phường 5'),
  ('SV0848', 'Trần Anh Bình', '2003-03-02', 'Nam', 'Tỉnh Lâm Đồng', '046', 'UT02', 'TMDT', 'SV0848@gm.uit.edu.vn', '5701234563', '92 Đường Pasteur, Phường 19'),
  ('SV0849', 'Lê Thị An', '2000-07-22', 'Nam', 'Tỉnh Bình Phước', '047', 'UT01', 'VMC', 'SV0849@gm.uit.edu.vn', '5812345674', '137 Đường Lê Lợi, Phường 8'),
  ('SV0850', 'Hoàng Hữu Dũng', '2001-01-13', 'Nam', 'Tỉnh Tây Ninh', '048', 'UT02', 'KHLDL', 'SV0850@gm.uit.edu.vn', '5923456785', '61 Đường Trần Huy Liệu, Phường 16'),  ('SV0851', 'Trần Ngọc Hà', '2004-10-28', 'Nam', 'Tỉnh Bình Dương', '001', 'UT01', 'TTMT', 'SV0851@gm.uit.edu.vn', '6034567896', '128 Đường Cách Mạng Tháng Tám, Phường 24'),
  ('SV0852', 'Hoàng Thị Hà', '2003-04-09', 'Nam', 'Tỉnh Đồng Nai', '002', 'UT02', 'KTPM', 'SV0852@gm.uit.edu.vn', '6145678907', '75 Đường Nguyễn Văn Cừ, Phường 12'),
  ('SV0853', 'Võ Quang Long', '2005-11-01', 'Nam', 'Tỉnh Bà Rịa - Vũng Tàu', '003', 'UT02', 'KHMT', 'SV0853@gm.uit.edu.vn', '6256789018', '193 Đường Nam Kỳ Khởi Nghĩa, Phường 6'),
  ('SV0854', 'Huỳnh Ngọc Bình', '2002-11-28', 'Nữ', 'Tỉnh Long An', '004', 'UT02', 'ATTT', 'SV0854@gm.uit.edu.vn', '6367890129', '46 Đường Trần Huy Liệu, Phường 18'),
  ('SV0855', 'Đặng Anh Hùng', '2005-09-12', 'Nữ', 'Tỉnh Tiền Giang', '005', 'UT02', 'CNTT_Nhat', 'SV0855@gm.uit.edu.vn', '6478901230', '159 Đường Lý Thái Tổ, Phường 3'),
  ('SV0856', 'Hoàng Văn Hoa', '2004-11-15', 'Nữ', 'Tỉnh Bến Tre', '006', 'UT01', 'TTMT', 'SV0856@gm.uit.edu.vn', '6589012341', '82 Đường Trần Phú, Phường 15'),
  ('SV0857', 'Trần Ngọc Khánh', '2004-04-28', 'Nữ', 'Tỉnh Trà Vinh', '007', 'UT01', 'TTMT', 'SV0857@gm.uit.edu.vn', '6690123452', '137 Đường Điện Biên Phủ, Phường 9'),
  ('SV0858', 'Võ Thị Mai', '2000-07-17', 'Nam', 'Tỉnh Vĩnh Long', '008', 'UT01', 'ATTT', 'SV0858@gm.uit.edu.vn', '6701234563', '64 Đường Lê Hồng Phong, Phường 21'),
  ('SV0859', 'Phan Minh Khánh', '2005-07-27', 'Nữ', 'Tỉnh Đồng Tháp', '009', 'UT01', 'TTMT', 'SV0859@gm.uit.edu.vn', '6812345674', '176 Đường Nguyễn Du, Phường 4'),
  ('SV0860', 'Võ Hữu Linh', '2001-01-23', 'Nữ', 'Tỉnh An Giang', '010', 'UT02', 'VMC', 'SV0860@gm.uit.edu.vn', '6923456785', '91 Đường Hoàng Văn Thụ, Phường 17'),
  ('SV0861', 'Hoàng Minh Dũng', '2002-03-06', 'Nữ', 'Tỉnh Kiên Giang', '011', 'UT02', 'TTNT', 'SV0861@gm.uit.edu.vn', '7034567896', '148 Đường Bà Triệu, Phường 2'),
  ('SV0862', 'Đặng Văn Hà', '2005-01-17', 'Nữ', 'Tỉnh Cần Thơ', '012', 'UT02', 'TTNT', 'SV0862@gm.uit.edu.vn', '7145678907', '53 Đường Lê Duẩn, Phường 14'),
  ('SV0863', 'Phan Thanh An', '2002-11-01', 'Nữ', 'Tỉnh Hậu Giang', '013', 'UT02', 'KHMT', 'SV0863@gm.uit.edu.vn', '7256789018', '165 Đường Nam Kỳ Khởi Nghĩa, Phường 8'),
  ('SV0864', 'Huỳnh Ngọc Linh', '2004-10-03', 'Nữ', 'Tỉnh Sóc Trăng', '014', 'UT01', 'KTPM', 'SV0864@gm.uit.edu.vn', '7367890129', '78 Đường Trần Huy Liệu, Phường 20'),
  ('SV0865', 'Phan Thanh An', '2001-03-23', 'Nam', 'Tỉnh Bạc Liêu', '015', 'UT02', 'TMDT', 'SV0865@gm.uit.edu.vn', '7478901230', '142 Đường Cách Mạng Tháng Tám, Phường 11'),
  ('SV0866', 'Phạm Quang Long', '2005-02-15', 'Nữ', 'Tỉnh Cà Mau', '016', 'UT02', 'KHMT', 'SV0866@gm.uit.edu.vn', '7589012341', '69 Đường Nguyễn Văn Cừ, Phường 5'),
  ('SV0867', 'Vũ Minh Long', '2004-12-26', 'Nữ', 'Tỉnh Hà Giang', '017', 'UT01', 'HTTT', 'SV0867@gm.uit.edu.vn', '7690123452', '184 Đường Lê Thanh Tôn, Phường 23'),
  ('SV0868', 'Phan Ngọc Dũng', '2001-10-16', 'Nam', 'Tỉnh Cao Bằng', '018', 'UT01', 'KTPM', 'SV0868@gm.uit.edu.vn', '7701234563', '57 Đường Lý Thường Kiệt, Phường 16'),
  ('SV0869', 'Nguyễn Ngọc Dũng', '2003-06-23', 'Nữ', 'Tỉnh Quảng Ninh', '019', 'UT02', 'KTMT', 'SV0869@gm.uit.edu.vn', '7812345674', '125 Đường Nguyễn Thái Học, Phường 1'),
  ('SV0870', 'Đặng Hữu Dũng', '2000-12-31', 'Nữ', 'Tỉnh Lạng Sơn', '020', 'UT01', 'KHMT', 'SV0870@gm.uit.edu.vn', '7923456785', '94 Đường Tôn Đức Thắng, Phường 13'),
  ('SV0871', 'Trần Thanh Bình', '2002-08-28', 'Nữ', 'Tỉnh Thái Nguyên', '021', 'UT02', 'KHLDL', 'SV0871@gm.uit.edu.vn', '8034567896', '171 Đường Trường Chinh, Phường 7'),
  ('SV0872', 'Trần Huy Mai', '2004-08-31', 'Nam', 'Tỉnh Phú Thọ', '022', 'UT02', 'CNTT_Nhat', 'SV0872@gm.uit.edu.vn', '8145678907', '48 Đường Khánh Hội, Phường 19'),
  ('SV0873', 'Vũ Quang Cường', '2000-07-30', 'Nữ', 'Tỉnh Bắc Giang', '023', 'UT01', 'KHMT', 'SV0873@gm.uit.edu.vn', '8256789018', '156 Đường Lý Tự Trọng, Phường 10'),
  ('SV0874', 'Lê Minh Long', '2004-04-23', 'Nam', 'Tỉnh Bắc Kạn', '024', 'UT01', 'KHLDL', 'SV0874@gm.uit.edu.vn', '8367890129', '83 Đường Nguyễn Thị Minh Khai, Phường 22'),
  ('SV0875', 'Hoàng Minh Khánh', '2005-10-20', 'Nữ', 'Tỉnh Bắc Ninh', '025', 'UT02', 'HTTT', 'SV0875@gm.uit.edu.vn', '8478901230', '139 Đường Lý Thái Tổ, Phường 6'),
  ('SV0876', 'Đặng Huy An', '2003-02-24', 'Nữ', 'Tỉnh Hà Nam', '026', 'UT02', 'TTMT', 'SV0876@gm.uit.edu.vn', '8589012341', '72 Đường Đinh Tiên Hoàng, Phường 18'),
  ('SV0877', 'Trần Văn Khánh', '2001-07-16', 'Nữ', 'Tỉnh Hải Dương', '027', 'UT02', 'VMC', 'SV0877@gm.uit.edu.vn', '8690123452', '187 Đường Lê Lợi, Phường 3'),
  ('SV0878', 'Lê Anh Hà', '2000-03-16', 'Nữ', 'Tỉnh Hải Phòng', '028', 'UT02', 'CNTT_Nhat', 'SV0878@gm.uit.edu.vn', '8701234563', '54 Đường Phạm Ngũ Lão, Phường 15'),
  ('SV0879', 'Võ Văn Bình', '2000-02-19', 'Nam', 'Tỉnh Hưng Yên', '029', 'UT02', 'KTPM', 'SV0879@gm.uit.edu.vn', '8812345674', '161 Đường Võ Thị Sáu, Phường 9'),
  ('SV0880', 'Võ Văn An', '2002-11-10', 'Nam', 'Tỉnh Vĩnh Phúc', '030', 'UT02', 'CNTT', 'SV0880@gm.uit.edu.vn', '8923456785', '86 Đường Nguyễn Văn Trỗi, Phường 21'),
  ('SV0881', 'Hoàng Minh Hoa', '2003-12-21', 'Nữ', 'Tỉnh Ninh Bình', '031', 'UT02', 'KHLDL', 'SV0881@gm.uit.edu.vn', '9034567896', '173 Đường Trần Quang Khải, Phường 12'),
  ('SV0882', 'Phan Huy Dũng', '2002-10-05', 'Nữ', 'Tỉnh Thanh Hóa', '032', 'UT02', 'CNTT_Nhat', 'SV0882@gm.uit.edu.vn', '9145678907', '65 Đường Nguyễn Chí Thanh, Phường 4'),
  ('SV0883', 'Lê Ngọc Hùng', '2002-05-04', 'Nam', 'Tỉnh Nghệ An', '033', 'UT01', 'KHMT', 'SV0883@gm.uit.edu.vn', '9256789018', '148 Đường Bùi Thị Xuân, Phường 17'),
  ('SV0884', 'Huỳnh Văn Dũng', '2005-10-23', 'Nữ', 'Tỉnh Hà Tĩnh', '034', 'UT02', 'ATTT', 'SV0884@gm.uit.edu.vn', '9367890129', '91 Đường Lê Văn Sỹ, Phường 8'),
  ('SV0885', 'Nguyễn Mai Long', '2005-05-14', 'Nam', 'Tỉnh Quảng Bình', '035', 'UT01', 'TTNT', 'SV0885@gm.uit.edu.vn', '9478901230', '164 Đường Trần Hưng Đạo, Phường 20'),
  ('SV0886', 'Hoàng Thị Long', '2000-05-02', 'Nam', 'Tỉnh Quảng Trị', '036', 'UT02', 'HTTT', 'SV0886@gm.uit.edu.vn', '9589012341', '77 Đường Hai Bà Trưng, Phường 11'),
  ('SV0887', 'Huỳnh Thanh Dũng', '2004-11-11', 'Nữ', 'Tỉnh Thừa Thiên Huế', '037', 'UT02', 'KTPM', 'SV0887@gm.uit.edu.vn', '9690123452', '152 Đường Lê Duẩn, Phường 24'),
  ('SV0888', 'Huỳnh Anh Cường', '2002-04-17', 'Nam', 'Tỉnh Đà Nẵng', '038', 'UT01', 'CNTT_Nhat', 'SV0888@gm.uit.edu.vn', '9701234563', '59 Đường Nguyễn Thái Học, Phường 2'),
  ('SV0889', 'Lê Quang Long', '2005-07-01', 'Nữ', 'Tỉnh Quảng Nam', '039', 'UT01', 'KTPM', 'SV0889@gm.uit.edu.vn', '9812345674', '126 Đường Lê Lợi, Phường 14'),
  ('SV0890', 'Phạm Hữu Hùng', '2001-01-13', 'Nam', 'Tỉnh Quảng Ngãi', '040', 'UT01', 'TMDT', 'SV0890@gm.uit.edu.vn', '9923456785', '93 Đường Trần Phú, Phường 5'),
  ('SV0891', 'Huỳnh Thị Mai', '2003-03-28', 'Nam', 'Tỉnh Bình Định', '041', 'UT02', 'TTNT', 'SV0891@gm.uit.edu.vn', '9034567897', '168 Đường Điện Biên Phủ, Phường 18'),
  ('SV0892', 'Vũ Anh Bình', '2005-10-20', 'Nữ', 'Tỉnh Phú Yên', '042', 'UT01', 'KTPM', 'SV0892@gm.uit.edu.vn', '9145678908', '85 Đường Lê Hồng Phong, Phường 7'),
  ('SV0893', 'Trần Huy Dũng', '2003-04-07', 'Nữ', 'Tỉnh Khánh Hòa', '043', 'UT02', 'HTTT', 'SV0893@gm.uit.edu.vn', '9256789019', '174 Đường Võ Văn Kiệt, Phường 19'),
  ('SV0894', 'Võ Ngọc Hà', '2005-05-27', 'Nữ', 'Tỉnh Ninh Thuận', '044', 'UT02', 'TTNT', 'SV0894@gm.uit.edu.vn', '9367890120', '61 Đường Nguyễn Du, Phường 1'),
  ('SV0895', 'Võ Mai Dũng', '2001-10-29', 'Nam', 'Tỉnh Bình Thuận', '045', 'UT01', 'KHMT', 'SV0895@gm.uit.edu.vn', '9478901231', '135 Đường Hoàng Văn Thụ, Phường 16'),
  ('SV0896', 'Nguyễn Huy An', '2002-03-21', 'Nữ', 'Tỉnh Lâm Đồng', '046', 'UT01', 'TTNT', 'SV0896@gm.uit.edu.vn', '9589012342', '98 Đường Pasteur, Phường 10'),
  ('SV0897', 'Hoàng Thị Linh', '2002-08-03', 'Nam', 'Tỉnh Bình Phước', '047', 'UT02', 'CNTT', 'SV0897@gm.uit.edu.vn', '9690123453', '157 Đường Lê Lợi, Phường 23'),
  ('SV0898', 'Phan Hữu Linh', '2002-10-19', 'Nam', 'Tỉnh Tây Ninh', '048', 'UT02', 'KTPM', 'SV0898@gm.uit.edu.vn', '9701234564', '74 Đường Trần Huy Liệu, Phường 6'),
  ('SV0899', 'Nguyễn Thanh Mai', '2001-02-03', 'Nữ', 'Tỉnh Bình Dương', '001', 'UT02', 'TMDT', 'SV0899@gm.uit.edu.vn', '9812345675', '181 Đường Cách Mạng Tháng Tám, Phường 13'),
  ('SV0900', 'Võ Huy Dũng', '2000-04-13', 'Nam', 'Tỉnh Đồng Nai', '002', 'UT02', 'ATTT', 'SV0900@gm.uit.edu.vn', '9923456786', '67 Đường Nguyễn Văn Cừ, Phường 22');

INSERT INTO SINHVIEN (MaSoSinhVien, HoTen, NgaySinh, GioiTinh, QueQuan, MaHuyen, MaDoiTuongUT, MaNganh, Email, SoDienThoai, DiaChi) VALUES  ('SV0901', 'Hoàng Văn Linh', '2003-08-25', 'Nam', 'Tỉnh Bà Rịa - Vũng Tàu', '003', 'UT01', 'KTPM', 'SV0901@gm.uit.edu.vn', '9034567898', '143 Đường Nam Kỳ Khởi Nghĩa, Phường 25'),
  ('SV0902', 'Võ Hữu Long', '2001-11-07', 'Nữ', 'Tỉnh Long An', '004', 'UT01', 'HTTT', 'SV0902@gm.uit.edu.vn', '9145678909', '76 Đường Trần Huy Liệu, Phường 12'),
  ('SV0903', 'Trần Huy An', '2005-11-15', 'Nữ', 'Tỉnh Tiền Giang', '005', 'UT01', 'TTNT', 'SV0903@gm.uit.edu.vn', '9256789020', '195 Đường Lý Thái Tổ, Phường 8'),
  ('SV0904', 'Huỳnh Anh Mai', '2002-03-27', 'Nữ', 'Tỉnh Bến Tre', '006', 'UT02', 'KHLDL', 'SV0904@gm.uit.edu.vn', '9367890131', '52 Đường Trần Phú, Phường 19'),
  ('SV0905', 'Vũ Ngọc An', '2005-08-12', 'Nữ', 'Tỉnh Trà Vinh', '007', 'UT02', 'TTNT', 'SV0905@gm.uit.edu.vn', '9478901242', '168 Đường Điện Biên Phủ, Phường 4'),
  ('SV0906', 'Võ Thanh Long', '2005-11-01', 'Nữ', 'Tỉnh Vĩnh Long', '008', 'UT02', 'HTTT', 'SV0906@gm.uit.edu.vn', '9589012353', '84 Đường Lê Hồng Phong, Phường 16'),
  ('SV0907', 'Trần Quang Cường', '2002-07-15', 'Nữ', 'Tỉnh Đồng Tháp', '009', 'UT02', 'KTPM', 'SV0907@gm.uit.edu.vn', '9690123464', '129 Đường Nguyễn Du, Phường 1'),
  ('SV0908', 'Lê Minh Cường', '2003-12-11', 'Nữ', 'Tỉnh An Giang', '010', 'UT01', 'KHMT', 'SV0908@gm.uit.edu.vn', '9701234575', '67 Đường Hoàng Văn Thụ, Phường 13'),
  ('SV0909', 'Lê Huy Bình', '2002-02-03', 'Nữ', 'Tỉnh Kiên Giang', '011', 'UT01', 'TTMT', 'SV0909@gm.uit.edu.vn', '9812345686', '185 Đường Bà Triệu, Phường 22'),
  ('SV0910', 'Lê Huy Long', '2003-05-12', 'Nam', 'Tỉnh Cần Thơ', '012', 'UT01', 'KHLDL', 'SV0910@gm.uit.edu.vn', '9923456797', '91 Đường Lê Duẩn, Phường 7'),
  ('SV0911', 'Vũ Anh An', '2003-01-27', 'Nữ', 'Tỉnh Hậu Giang', '013', 'UT01', 'ATTT', 'SV0911@gm.uit.edu.vn', '9034567899', '146 Đường Nam Kỳ Khởi Nghĩa, Phường 18'),
  ('SV0912', 'Trần Hữu An', '2000-09-21', 'Nữ', 'Tỉnh Sóc Trăng', '014', 'UT02', 'ATTT', 'SV0912@gm.uit.edu.vn', '9145678910', '73 Đường Trần Huy Liệu, Phường 3'),
  ('SV0913', 'Đặng Thanh Dũng', '2000-06-10', 'Nữ', 'Tỉnh Bạc Liêu', '015', 'UT01', 'CNTT_Nhat', 'SV0913@gm.uit.edu.vn', '9256789021', '158 Đường Cách Mạng Tháng Tám, Phường 15'),
  ('SV0914', 'Võ Huy Long', '2000-08-01', 'Nam', 'Tỉnh Cà Mau', '016', 'UT01', 'TMDT', 'SV0914@gm.uit.edu.vn', '9367890132', '65 Đường Nguyễn Văn Cừ, Phường 20'),
  ('SV0915', 'Phan Quang Mai', '2002-07-23', 'Nữ', 'Tỉnh Hà Giang', '017', 'UT01', 'ATTT', 'SV0915@gm.uit.edu.vn', '9478901243', '172 Đường Lê Thanh Tôn, Phường 9'),
  ('SV0916', 'Nguyễn Văn Khánh', '2005-09-08', 'Nữ', 'Tỉnh Cao Bằng', '018', 'UT01', 'KHMT', 'SV0916@gm.uit.edu.vn', '9589012354', '49 Đường Lý Thường Kiệt, Phường 24'),
  ('SV0917', 'Hoàng Huy Hoa', '2005-09-03', 'Nữ', 'Tỉnh Quảng Ninh', '019', 'UT02', 'KTMT', 'SV0917@gm.uit.edu.vn', '9690123465', '136 Đường Nguyễn Thái Học, Phường 6'),
  ('SV0918', 'Phạm Minh An', '2003-03-17', 'Nữ', 'Tỉnh Lạng Sơn', '020', 'UT02', 'TMDT', 'SV0918@gm.uit.edu.vn', '9701234576', '83 Đường Tôn Đức Thắng, Phường 17'),
  ('SV0919', 'Lê Hữu Khánh', '2005-12-26', 'Nam', 'Tỉnh Thái Nguyên', '021', 'UT01', 'KTPM', 'SV0919@gm.uit.edu.vn', '9812345687', '151 Đường Trường Chinh, Phường 2'),
  ('SV0920', 'Huỳnh Quang Dũng', '2000-07-19', 'Nữ', 'Tỉnh Phú Thọ', '022', 'UT01', 'CNTT', 'SV0920@gm.uit.edu.vn', '9923456798', '98 Đường Khánh Hội, Phường 14'),
  ('SV0921', 'Phạm Thị Linh', '2003-10-20', 'Nam', 'Tỉnh Bắc Giang', '023', 'UT02', 'CNTT_Nhat', 'SV0921@gm.uit.edu.vn', '9034567900', '167 Đường Lý Tự Trọng, Phường 21'),
  ('SV0922', 'Huỳnh Thị Mai', '2001-09-21', 'Nam', 'Tỉnh Bắc Kạn', '024', 'UT01', 'CNTT', 'SV0922@gm.uit.edu.vn', '9145678911', '54 Đường Nguyễn Thị Minh Khai, Phường 10'),
  ('SV0923', 'Hoàng Quang Khánh', '2004-12-12', 'Nam', 'Tỉnh Bắc Ninh', '025', 'UT01', 'ATTT', 'SV0923@gm.uit.edu.vn', '9256789022', '179 Đường Lý Thái Tổ, Phường 23'),
  ('SV0924', 'Vũ Huy Mai', '2003-06-30', 'Nam', 'Tỉnh Hà Nam', '026', 'UT02', 'KHMT', 'SV0924@gm.uit.edu.vn', '9367890133', '86 Đường Đinh Tiên Hoàng, Phường 5'),
  ('SV0925', 'Huỳnh Thị Linh', '2005-04-10', 'Nữ', 'Tỉnh Hải Dương', '027', 'UT02', 'KTMT', 'SV0925@gm.uit.edu.vn', '9478901244', '142 Đường Lê Lợi, Phường 18'),
  ('SV0926', 'Lê Văn Khánh', '2003-06-22', 'Nữ', 'Tỉnh Hải Phòng', '028', 'UT01', 'TTMT', 'SV0926@gm.uit.edu.vn', '9589012355', '69 Đường Phạm Ngũ Lão, Phường 11'),
  ('SV0927', 'Lê Ngọc Mai', '2003-05-23', 'Nữ', 'Tỉnh Hưng Yên', '029', 'UT01', 'TMDT', 'SV0927@gm.uit.edu.vn', '9690123466', '154 Đường Võ Thị Sáu, Phường 1'),
  ('SV0928', 'Đặng Minh Hùng', '2000-07-09', 'Nam', 'Tỉnh Vĩnh Phúc', '030', 'UT02', 'KHLDL', 'SV0928@gm.uit.edu.vn', '9701234577', '71 Đường Nguyễn Văn Trỗi, Phường 16'),
  ('SV0929', 'Phan Huy Khánh', '2002-02-25', 'Nữ', 'Tỉnh Ninh Bình', '031', 'UT02', 'KHLDL', 'SV0929@gm.uit.edu.vn', '9812345688', '188 Đường Trần Quang Khải, Phường 8'),
  ('SV0930', 'Nguyễn Huy Linh', '2002-02-18', 'Nữ', 'Tỉnh Thanh Hóa', '032', 'UT01', 'VMC', 'SV0930@gm.uit.edu.vn', '9923456799', '95 Đường Nguyễn Chí Thanh, Phường 19'),
  ('SV0931', 'Lê Thanh Long', '2002-12-09', 'Nam', 'Tỉnh Nghệ An', '033', 'UT01', 'CNTT', 'SV0931@gm.uit.edu.vn', '9034567901', '163 Đường Bùi Thị Xuân, Phường 4'),
  ('SV0932', 'Phan Thị Cường', '2001-04-15', 'Nữ', 'Tỉnh Hà Tĩnh', '034', 'UT02', 'HTTT', 'SV0932@gm.uit.edu.vn', '9145678912', '80 Đường Lê Văn Sỹ, Phường 12'),
  ('SV0933', 'Lê Huy Hà', '2001-07-03', 'Nam', 'Tỉnh Quảng Bình', '035', 'UT01', 'TMDT', 'SV0933@gm.uit.edu.vn', '9256789023', '147 Đường Trần Hưng Đạo, Phường 25'),
  ('SV0934', 'Lê Thanh Long', '2004-08-23', 'Nam', 'Tỉnh Quảng Trị', '036', 'UT01', 'ATTT', 'SV0934@gm.uit.edu.vn', '9367890134', '64 Đường Hai Bà Trưng, Phường 7'),
  ('SV0935', 'Phạm Thị Dũng', '2001-08-07', 'Nữ', 'Tỉnh Thừa Thiên Huế', '037', 'UT02', 'KHMT', 'SV0935@gm.uit.edu.vn', '9478901245', '171 Đường Lê Duẩn, Phường 15'),
  ('SV0936', 'Đặng Minh Hoa', '2003-10-06', 'Nam', 'Tỉnh Đà Nẵng', '038', 'UT01', 'KHMT', 'SV0936@gm.uit.edu.vn', '9589012356', '58 Đường Nguyễn Thái Học, Phường 22'),
  ('SV0937', 'Phạm Mai Mai', '2004-08-29', 'Nữ', 'Tỉnh Quảng Nam', '039', 'UT02', 'HTTT', 'SV0937@gm.uit.edu.vn', '9690123467', '125 Đường Lê Lợi, Phường 3'),
  ('SV0938', 'Phạm Anh Cường', '2000-08-23', 'Nam', 'Tỉnh Quảng Ngãi', '040', 'UT02', 'KHLDL', 'SV0938@gm.uit.edu.vn', '9701234578', '92 Đường Trần Phú, Phường 14'),
  ('SV0939', 'Trần Thị Hoa', '2001-11-02', 'Nam', 'Tỉnh Bình Định', '041', 'UT01', 'CNTT_Nhat', 'SV0939@gm.uit.edu.vn', '9812345689', '159 Đường Điện Biên Phủ, Phường 6'),
  ('SV0940', 'Đặng Hữu An', '2005-12-13', 'Nam', 'Tỉnh Phú Yên', '042', 'UT01', 'CNTT', 'SV0940@gm.uit.edu.vn', '9923456800', '76 Đường Lê Hồng Phong, Phường 18'),
  ('SV0941', 'Nguyễn Thanh Cường', '2003-01-13', 'Nữ', 'Tỉnh Khánh Hòa', '043', 'UT01', 'CNTT_Nhat', 'SV0941@gm.uit.edu.vn', '9034567902', '183 Đường Võ Văn Kiệt, Phường 9'),
  ('SV0942', 'Phạm Văn Dũng', '2005-09-24', 'Nam', 'Tỉnh Ninh Thuận', '044', 'UT01', 'KHMT', 'SV0942@gm.uit.edu.vn', '9145678913', '50 Đường Nguyễn Du, Phường 21'),
  ('SV0943', 'Phan Thanh Hà', '2002-09-06', 'Nam', 'Tỉnh Bình Thuận', '045', 'UT02', 'KTPM', 'SV0943@gm.uit.edu.vn', '9256789024', '167 Đường Hoàng Văn Thụ, Phường 2'),
  ('SV0944', 'Nguyễn Minh Bình', '2002-12-27', 'Nam', 'Tỉnh Lâm Đồng', '046', 'UT02', 'KTMT', 'SV0944@gm.uit.edu.vn', '9367890135', '84 Đường Pasteur, Phường 13'),
  ('SV0945', 'Phan Quang Hà', '2005-10-26', 'Nam', 'Tỉnh Bình Phước', '047', 'UT01', 'HTTT', 'SV0945@gm.uit.edu.vn', '9478901246', '139 Đường Lê Lợi, Phường 24'),
  ('SV0946', 'Vũ Văn Hoa', '2001-05-08', 'Nữ', 'Tỉnh Tây Ninh', '048', 'UT01', 'CNTT', 'SV0946@gm.uit.edu.vn', '9589012357', '61 Đường Trần Huy Liệu, Phường 10'),
  ('SV0947', 'Huỳnh Thị Hoa', '2001-12-27', 'Nữ', 'Tỉnh Bình Dương', '001', 'UT02', 'TMDT', 'SV0947@gm.uit.edu.vn', '9690123468', '176 Đường Cách Mạng Tháng Tám, Phường 5'),
  ('SV0948', 'Phan Mai Long', '2005-02-01', 'Nữ', 'Tỉnh Đồng Nai', '002', 'UT02', 'KTMT', 'SV0948@gm.uit.edu.vn', '9701234579', '93 Đường Nguyễn Văn Cừ, Phường 17'),
  ('SV0949', 'Đặng Minh Dũng', '2001-02-17', 'Nam', 'Tỉnh Bà Rịa - Vũng Tàu', '003', 'UT02', 'VMC', 'SV0949@gm.uit.edu.vn', '9812345690', '148 Đường Nam Kỳ Khởi Nghĩa, Phường 23'),
  ('SV0950', 'Lê Anh Linh', '2002-11-27', 'Nam', 'Tỉnh Long An', '004', 'UT01', 'TTNT', 'SV0950@gm.uit.edu.vn', '9923456801', '75 Đường Trần Huy Liệu, Phường 11'),  ('SV0951', 'Hoàng Mai Hà', '2003-11-14', 'Nữ', 'Tỉnh Tiền Giang', '005', 'UT01', 'TTMT', 'SV0951@gm.uit.edu.vn', '9034567903', '162 Đường Lý Thái Tổ, Phường 20'),
  ('SV0952', 'Võ Thị Linh', '2001-02-07', 'Nam', 'Tỉnh Bến Tre', '006', 'UT01', 'CNTT', 'SV0952@gm.uit.edu.vn', '9145678914', '89 Đường Trần Phú, Phường 1'),
  ('SV0953', 'Trần Huy Linh', '2001-03-25', 'Nữ', 'Tỉnh Trà Vinh', '007', 'UT02', 'KTMT', 'SV0953@gm.uit.edu.vn', '9256789025', '156 Đường Điện Biên Phủ, Phường 16'),
  ('SV0954', 'Huỳnh Hữu Khánh', '2000-11-15', 'Nam', 'Tỉnh Vĩnh Long', '008', 'UT02', 'KTPM', 'SV0954@gm.uit.edu.vn', '9367890136', '73 Đường Lê Hồng Phong, Phường 8'),
  ('SV0955', 'Nguyễn Văn An', '2004-05-07', 'Nữ', 'Tỉnh Đồng Tháp', '009', 'UT02', 'KHLDL', 'SV0955@gm.uit.edu.vn', '9478901247', '140 Đường Nguyễn Du, Phường 24'),
  ('SV0956', 'Hoàng Thị Long', '2002-08-26', 'Nữ', 'Tỉnh An Giang', '010', 'UT02', 'KTPM', 'SV0956@gm.uit.edu.vn', '9589012358', '57 Đường Hoàng Văn Thụ, Phường 12'),
  ('SV0957', 'Vũ Văn Linh', '2005-04-18', 'Nam', 'Tỉnh Kiên Giang', '011', 'UT01', 'KTMT', 'SV0957@gm.uit.edu.vn', '9690123469', '184 Đường Bà Triệu, Phường 5'),
  ('SV0958', 'Đặng Mai Mai', '2004-02-20', 'Nam', 'Tỉnh Cần Thơ', '012', 'UT02', 'ATTT', 'SV0958@gm.uit.edu.vn', '9701234580', '71 Đường Lê Duẩn, Phường 17'),
  ('SV0959', 'Nguyễn Minh Linh', '2003-09-10', 'Nam', 'Tỉnh Hậu Giang', '013', 'UT02', 'CNTT_Nhat', 'SV0959@gm.uit.edu.vn', '9812345691', '128 Đường Nam Kỳ Khởi Nghĩa, Phường 3'),
  ('SV0960', 'Võ Thanh Hà', '2002-06-17', 'Nam', 'Tỉnh Sóc Trăng', '014', 'UT01', 'HTTT', 'SV0960@gm.uit.edu.vn', '9923456802', '95 Đường Trần Huy Liệu, Phường 19'),
  ('SV0961', 'Phạm Thanh Hùng', '2004-08-30', 'Nam', 'Tỉnh Bạc Liêu', '015', 'UT02', 'CNTT_Nhat', 'SV0961@gm.uit.edu.vn', '9034567904', '151 Đường Cách Mạng Tháng Tám, Phường 7'),
  ('SV0962', 'Phạm Minh Mai', '2001-10-04', 'Nam', 'Tỉnh Cà Mau', '016', 'UT02', 'TMDT', 'SV0962@gm.uit.edu.vn', '9145678915', '68 Đường Nguyễn Văn Cừ, Phường 14'),
  ('SV0963', 'Vũ Mai Long', '2001-03-27', 'Nữ', 'Tỉnh Hà Giang', '017', 'UT02', 'CNTT_Nhat', 'SV0963@gm.uit.edu.vn', '9256789026', '175 Đường Lê Thanh Tôn, Phường 22'),
  ('SV0964', 'Phạm Văn Hùng', '2004-12-10', 'Nam', 'Tỉnh Cao Bằng', '018', 'UT01', 'KHLDL', 'SV0964@gm.uit.edu.vn', '9367890137', '82 Đường Lý Thường Kiệt, Phường 6'),
  ('SV0965', 'Huỳnh Quang Dũng', '2002-06-10', 'Nam', 'Tỉnh Quảng Ninh', '019', 'UT02', 'VMC', 'SV0965@gm.uit.edu.vn', '9478901248', '149 Đường Nguyễn Thái Học, Phường 18'),
  ('SV0966', 'Huỳnh Thị Khánh', '2003-02-19', 'Nam', 'Tỉnh Lạng Sơn', '020', 'UT02', 'TTNT', 'SV0966@gm.uit.edu.vn', '9589012359', '66 Đường Tôn Đức Thắng, Phường 11'),
  ('SV0967', 'Nguyễn Huy Cường', '2005-07-10', 'Nữ', 'Tỉnh Thái Nguyên', '021', 'UT02', 'TTNT', 'SV0967@gm.uit.edu.vn', '9690123470', '133 Đường Trường Chinh, Phường 25'),
  ('SV0968', 'Nguyễn Hữu Bình', '2000-10-02', 'Nam', 'Tỉnh Phú Thọ', '022', 'UT02', 'KTMT', 'SV0968@gm.uit.edu.vn', '9701234581', '90 Đường Khánh Hội, Phường 4'),
  ('SV0969', 'Vũ Thị Linh', '2004-10-25', 'Nam', 'Tỉnh Bắc Giang', '023', 'UT01', 'TTNT', 'SV0969@gm.uit.edu.vn', '9812345692', '167 Đường Lý Tự Trọng, Phường 15'),
  ('SV0970', 'Nguyễn Anh Hoa', '2002-02-22', 'Nữ', 'Tỉnh Bắc Kạn', '024', 'UT01', 'HTTT', 'SV0970@gm.uit.edu.vn', '9923456803', '74 Đường Nguyễn Thị Minh Khai, Phường 21'),
  ('SV0971', 'Vũ Thanh Mai', '2004-11-23', 'Nam', 'Tỉnh Bắc Ninh', '025', 'UT01', 'VMC', 'SV0971@gm.uit.edu.vn', '9034567905', '141 Đường Lý Thái Tổ, Phường 9'),
  ('SV0972', 'Phan Anh Cường', '2001-10-19', 'Nam', 'Tỉnh Hà Nam', '026', 'UT02', 'CNTT_Nhat', 'SV0972@gm.uit.edu.vn', '9145678916', '58 Đường Đinh Tiên Hoàng, Phường 13'),
  ('SV0973', 'Nguyễn Thị Khánh', '2000-06-07', 'Nam', 'Tỉnh Hải Dương', '027', 'UT01', 'VMC', 'SV0973@gm.uit.edu.vn', '9256789027', '185 Đường Lê Lợi, Phường 2'),
  ('SV0974', 'Huỳnh Mai An', '2002-11-28', 'Nam', 'Tỉnh Hải Phòng', '028', 'UT02', 'TTMT', 'SV0974@gm.uit.edu.vn', '9367890138', '72 Đường Phạm Ngũ Lão, Phường 16'),
  ('SV0975', 'Huỳnh Thị Hùng', '2003-10-17', 'Nữ', 'Tỉnh Hưng Yên', '029', 'UT02', 'KHLDL', 'SV0975@gm.uit.edu.vn', '9478901249', '159 Đường Võ Thị Sáu, Phường 23'),
  ('SV0976', 'Nguyễn Huy Linh', '2003-05-20', 'Nữ', 'Tỉnh Vĩnh Phúc', '030', 'UT01', 'KHLDL', 'SV0976@gm.uit.edu.vn', '9589012360', '86 Đường Nguyễn Văn Trỗi, Phường 10'),
  ('SV0977', 'Nguyễn Ngọc Cường', '2005-12-17', 'Nam', 'Tỉnh Ninh Bình', '031', 'UT02', 'CNTT_Nhat', 'SV0977@gm.uit.edu.vn', '9690123471', '173 Đường Trần Quang Khải, Phường 1'),
  ('SV0978', 'Võ Hữu Mai', '2001-09-11', 'Nam', 'Tỉnh Thanh Hóa', '032', 'UT02', 'KTMT', 'SV0978@gm.uit.edu.vn', '9701234582', '60 Đường Nguyễn Chí Thanh, Phường 17'),
  ('SV0979', 'Hoàng Minh Hà', '2003-09-26', 'Nữ', 'Tỉnh Nghệ An', '033', 'UT02', 'ATTT', 'SV0979@gm.uit.edu.vn', '9812345693', '147 Đường Bùi Thị Xuân, Phường 24'),
  ('SV0980', 'Lê Huy Mai', '2004-04-25', 'Nữ', 'Tỉnh Hà Tĩnh', '034', 'UT01', 'KTMT', 'SV0980@gm.uit.edu.vn', '9923456804', '94 Đường Lê Văn Sỹ, Phường 12'),
  ('SV0981', 'Đặng Ngọc Cường', '2003-08-24', 'Nam', 'Tỉnh Quảng Bình', '035', 'UT01', 'TTMT', 'SV0981@gm.uit.edu.vn', '9034567906', '161 Đường Trần Hưng Đạo, Phường 5'),
  ('SV0982', 'Huỳnh Quang Mai', '2003-03-11', 'Nữ', 'Tỉnh Quảng Trị', '036', 'UT01', 'HTTT', 'SV0982@gm.uit.edu.vn', '9145678917', '78 Đường Hai Bà Trưng, Phường 18'),
  ('SV0983', 'Võ Thị Hùng', '2005-06-28', 'Nữ', 'Tỉnh Thừa Thiên Huế', '037', 'UT02', 'KHLDL', 'SV0983@gm.uit.edu.vn', '9256789028', '145 Đường Lê Duẩn, Phường 7'),
  ('SV0984', 'Phan Quang An', '2001-05-07', 'Nữ', 'Tỉnh Đà Nẵng', '038', 'UT02', 'ATTT', 'SV0984@gm.uit.edu.vn', '9367890139', '62 Đường Nguyễn Thái Học, Phường 20'),
  ('SV0985', 'Hoàng Văn Bình', '2003-03-29', 'Nam', 'Tỉnh Quảng Nam', '039', 'UT02', 'VMC', 'SV0985@gm.uit.edu.vn', '9478901250', '179 Đường Lê Lợi, Phường 14'),
  ('SV0986', 'Phạm Quang Mai', '2003-05-18', 'Nam', 'Tỉnh Quảng Ngãi', '040', 'UT02', 'CNTT_Nhat', 'SV0986@gm.uit.edu.vn', '9589012361', '96 Đường Trần Phú, Phường 3'),
  ('SV0987', 'Huỳnh Ngọc Long', '2005-01-22', 'Nam', 'Tỉnh Bình Định', '041', 'UT02', 'ATTT', 'SV0987@gm.uit.edu.vn', '9690123472', '163 Đường Điện Biên Phủ, Phường 11'),
  ('SV0988', 'Lê Ngọc Hà', '2005-03-03', 'Nữ', 'Tỉnh Phú Yên', '042', 'UT02', 'CNTT_Nhat', 'SV0988@gm.uit.edu.vn', '9701234583', '80 Đường Lê Hồng Phong, Phường 25'),
  ('SV0989', 'Hoàng Thanh An', '2002-12-16', 'Nam', 'Tỉnh Khánh Hòa', '043', 'UT01', 'TMDT', 'SV0989@gm.uit.edu.vn', '9812345694', '137 Đường Võ Văn Kiệt, Phường 6'),
  ('SV0990', 'Vũ Quang Mai', '2004-05-01', 'Nam', 'Tỉnh Ninh Thuận', '044', 'UT01', 'KHMT', 'SV0990@gm.uit.edu.vn', '9923456805', '54 Đường Nguyễn Du, Phường 19'),
  ('SV0991', 'Huỳnh Minh Khánh', '2003-09-03', 'Nam', 'Tỉnh Bình Thuận', '045', 'UT01', 'TMDT', 'SV0991@gm.uit.edu.vn', '9034567907', '171 Đường Hoàng Văn Thụ, Phường 8'),
  ('SV0992', 'Đặng Văn An', '2005-04-21', 'Nữ', 'Tỉnh Lâm Đồng', '046', 'UT01', 'VMC', 'SV0992@gm.uit.edu.vn', '9145678918', '88 Đường Pasteur, Phường 15'),
  ('SV0993', 'Vũ Hữu Linh', '2003-12-16', 'Nữ', 'Tỉnh Bình Phước', '047', 'UT02', 'CNTT_Nhat', 'SV0993@gm.uit.edu.vn', '9256789029', '155 Đường Lê Lợi, Phường 22'),
  ('SV0994', 'Nguyễn Văn Hoa', '2004-01-02', 'Nam', 'Tỉnh Tây Ninh', '048', 'UT02', 'TTMT', 'SV0994@gm.uit.edu.vn', '9367890140', '72 Đường Trần Huy Liệu, Phường 4'),
  ('SV0995', 'Lê Huy Bình', '2001-05-06', 'Nam', 'Tỉnh Bình Dương', '001', 'UT02', 'TMDT', 'SV0995@gm.uit.edu.vn', '9478901251', '189 Đường Cách Mạng Tháng Tám, Phường 16'),
  ('SV0996', 'Hoàng Anh An', '2001-05-09', 'Nam', 'Tỉnh Đồng Nai', '002', 'UT02', 'KHMT', 'SV0996@gm.uit.edu.vn', '9589012362', '76 Đường Nguyễn Văn Cừ, Phường 1'),
  ('SV0997', 'Phan Ngọc Hùng', '2002-10-01', 'Nữ', 'Tỉnh Bà Rịa - Vũng Tàu', '003', 'UT01', 'KTPM', 'SV0997@gm.uit.edu.vn', '9690123473', '143 Đường Nam Kỳ Khởi Nghĩa, Phường 13'),
  ('SV0998', 'Nguyễn Hữu Khánh', '2001-03-25', 'Nữ', 'Tỉnh Long An', '004', 'UT01', 'KTMT', 'SV0998@gm.uit.edu.vn', '9701234584', '60 Đường Trần Huy Liệu, Phường 23'),
  ('SV0999', 'Hoàng Mai An', '2001-06-21', 'Nữ', 'Tỉnh Tiền Giang', '005', 'UT01', 'VMC', 'SV0999@gm.uit.edu.vn', '9812345695', '127 Đường Lý Thái Tổ, Phường 9'),
  ('SV1000', 'Hoàng Ngọc Hùng', '2002-06-29', 'Nam', 'Tỉnh Bến Tre', '006', 'UT02', 'CNTT_Nhat', 'SV1000@gm.uit.edu.vn', '9923456806', '84 Đường Trần Phú, Phường 17');


INSERT INTO PHIEUDANGKY
  (MaPhieuDangKy, NgayLap, MaSoSinhVien, MaHocKy, SoTinChiToiDa) VALUES
  -- ('PD001','2024-08-10','SV0001','HK1_2024', 15),
  -- ('PD002','2024-08-11','SV0002','HK1_2024', 15),
  -- ('PD003','2024-08-12','SV0003','HK1_2024', 18),
  -- ('PD004','2024-08-13','SV0004','HK2_2024', 12),
  ('PD005','2024-08-14','SV0005','HK2_2024', 21),
  ('PD006','2025-01-15','SV0006','HK1_2025', 16),
  ('PD007','2025-01-16','SV0007','HK1_2025', 14),
  ('PD008','2025-01-17','SV0008','HK2_2025', 17);

INSERT INTO PHIEUDANGKY
  (MaPhieuDangKy, NgayLap, MaSoSinhVien, MaHocKy, SoTienDangKy,SoTienPhaiDong,SoTienDaDong,SoTienConLai,SoTinChiToiDa) VALUES
  ('PD001','2024-08-10','SV0001','HK1_2024',1750000,1750000,800000,950000,15),
  ('PD002','2024-08-11','SV0002','HK1_2024', 1750000,1750000,0,1750000,15),
  ('PD003','2024-08-12','SV0003','HK1_2024', 1750000,1750000,1750000,0,18),
  ('PD004','2024-08-13','SV0004','HK2_2024', 1750000,1750000,1750000,0,12);

INSERT INTO PHIEUTHUHP (MaPhieuThu, NgayLap, MaPhieuDangKy, SoTienDong) VALUES
  ('PT003','2024-08-18','PD003',8749995),
  ('PT004','2024-08-19','PD004',17500000);

INSERT INTO BAOCAOSINHVIENNOHP (MaHocKy, MaSoSinhVien, MaPhieuDangKy) VALUES
  ('HK1_2024','SV0003','PD003'),
  ('HK1_2024','SV0004','PD004');

INSERT INTO PHIEUTHUHP (MaPhieuThu, NgayLap, MaPhieuDangKy, SoTienDong) VALUES
  ('PT001','2024-08-15','PD001',5000000),
  ('PT002','2024-08-20','PD002',15000000);

INSERT INTO BAOCAOSINHVIENNOHP (MaHocKy, MaSoSinhVien, MaPhieuDangKy) VALUES
  ('HK1_2024','SV0001','PD001'),
  ('HK1_2024','SV0002','PD002');


INSERT INTO CT_PHIEUDANGKY (MaPhieuDangKy, MaHocKy, MaMonHoc) VALUES
  -- Chi tiết phiếu PD001 (HK1_2024)
  ('PD001','HK1_2024','GD002'),('PD001','HK1_2024','IT101'),('PD001','HK1_2024','BCH058'),
  -- Chi tiết phiếu PD002 (HK1_2024)  
  ('PD002','HK1_2024','LTU101'),('PD002','HK1_2024','SS003'),('PD002','HK1_2024','MKT101'),
  -- Chi tiết phiếu PD003 (HK1_2024)
  ('PD003','HK1_2024','SE101'),('PD003','HK1_2024','QC101'),('PD003','HK1_2024','BUS1125'),
  -- Chi tiết phiếu PD004 (HK2_2024)
  ('PD004','HK2_2024','DS101'),('PD004','HK2_2024','LTU102'),('PD004','HK2_2024','SS004'),
  -- Chi tiết phiếu PD005 (HK2_2024)
  ('PD005','HK2_2024','IT103'),('PD005','HK2_2024','CE103'),('PD005','HK2_2024','EE105'),
  -- Chi tiết phiếu PD006 (HK1_2025)
  ('PD006','HK1_2025','LTU201'),('PD006','HK1_2025','SS006'),('PD006','HK1_2025','IT201'),
  -- Chi tiết phiếu PD007 (HK1_2025)
  ('PD007','HK1_2025','CE118'),('PD007','HK1_2025','EE214'),('PD007','HK1_2025','AI001'),
  -- Chi tiết phiếu PD008 (HK2_2025)
  ('PD008','HK2_2025','LTU202'),('PD008','HK2_2025','SS007'),('PD008','HK2_2025','IT301');



INSERT INTO CHUCNANG (MaChucNang, TenChucNang, TenManHinhDuocLoad) VALUES
  ('CN01','Quản lý sinh viên','StudentManagement'),
  ('CN02','Đăng ký học phần','CourseRegistration'),
  ('CN03','Quản lý người dùng','UserManagement'),
  ('CN04','Quản lý học phí','TuitionManagement'),
  ('CN05','Báo cáo tổng hợp','ReportDashboard');


INSERT INTO NHOMNGUOIDUNG (MaNhom, TenNhom) VALUES
  ('N1','Admin'),
  ('N2','Giảng viên'),
  ('N3','Sinh viên');
INSERT INTO NHOMNGUOIDUNG (MaNhom, TenNhom) VALUES
  ('N4','Kế toán');

-- Admin: toàn quyền CN01–CN05
INSERT INTO PHANQUYEN (MaNhom, MaChucNang) VALUES
  ('N1','CN01'),
  ('N1','CN02'),
  ('N1','CN03'),
  ('N1','CN04'),
  ('N1','CN05');

-- Giảng viên: quản lý sinh viên và xuất báo cáo
INSERT INTO PHANQUYEN (MaNhom, MaChucNang) VALUES
  ('N2','CN01'),
  ('N2','CN05');

-- Sinh viên: đăng ký học phần
INSERT INTO PHANQUYEN (MaNhom, MaChucNang) VALUES
  ('N3','CN02');

-- Kế toán: quản lý học phí và báo cáo
INSERT INTO PHANQUYEN (MaNhom, MaChucNang) VALUES
  ('N4','CN04'),
  ('N4','CN05');

INSERT INTO NGUOIDUNG (TenDangNhap, UserID, MatKhau, MaNhom, MaSoSinhVien, TrangThai) VALUES
  ('admin','U001','123', 'N1', NULL, 'active'),
  ('giangvien','U002','123', 'N2', NULL, 'active'),
  ('ketoan','U003','123','N4',NULL, 'active'),
  ('sv0001','U1003','123','N3','SV0001', 'active'),
  ('sv0002','U004','123','N3','SV0002', 'active'),
  ('sv0003','U005','123','N3','SV0003', 'active'),
  ('sv0004','U006','123','N3','SV0004', 'active'),
  ('sv0005','U007','123','N3','SV0005', 'active'),
  ('sv0006','U008','123','N3','SV0006', 'active'),
  ('sv0007','U009','123','N3','SV0007', 'active'),
  ('sv0008','U010','123','N3','SV0008', 'active'),
  ('sv0009','U011','123','N3','SV0009', 'active'),
  ('sv0010','U012','123','N3','SV0010', 'active'),
  ('sv0011','U013','123','N3','SV0011', 'active'),
  ('sv0012','U014','123','N3','SV0012', 'active'),
  ('sv0013','U015','123','N3','SV0013', 'active'),
  ('sv0014','U016','123','N3','SV0014', 'active'),
  ('sv0015','U017','123','N3','SV0015', 'active'),
  ('sv0016','U018','123','N3','SV0016', 'active'),
  ('sv0017','U019','123','N3','SV0017', 'active'),
  ('sv0018','U020','123','N3','SV0018', 'active'),
  ('sv0019','U021','123','N3','SV0019', 'active'),
  ('sv0020','U022','123','N3','SV0020', 'active'),
  ('sv0021','U023','123','N3','SV0021', 'active'),
  ('sv0022','U024','123','N3','SV0022', 'active'),
  ('sv0023','U025','123','N3','SV0023', 'active'),
  ('sv0024','U026','123','N3','SV0024', 'active'),
  ('sv0025','U027','123','N3','SV0025', 'active'),
  ('sv0026','U028','123','N3','SV0026', 'active'),
  ('sv0027','U029','123','N3','SV0027', 'active'),
  ('sv0028','U030','123','N3','SV0028', 'active'),
  ('sv0029','U031','123','N3','SV0029', 'active'),
  ('sv0030','U032','123','N3','SV0030', 'active'),
  ('sv0031','U033','123','N3','SV0031', 'active'),
  ('sv0032','U034','123','N3','SV0032', 'active'),
  ('sv0033','U035','123','N3','SV0033', 'active'),
  ('sv0034','U036','123','N3','SV0034', 'active'),
  ('sv0035','U037','123','N3','SV0035', 'active'),
  ('sv0036','U038','123','N3','SV0036', 'active'),
  ('sv0037','U039','123','N3','SV0037', 'active'),
  ('sv0038','U040','123','N3','SV0038', 'active'),
  ('sv0039','U041','123','N3','SV0039', 'active'),
  ('sv0040','U042','123','N3','SV0040', 'active'),
  ('sv0041','U043','123','N3','SV0041', 'active'),
  ('sv0042','U044','123','N3','SV0042', 'active'),
  ('sv0043','U045','123','N3','SV0043', 'active'),
  ('sv0044','U046','123','N3','SV0044', 'active'),
  ('sv0045','U047','123','N3','SV0045', 'active'),
  ('sv0046','U048','123','N3','SV0046', 'active'),
  ('sv0047','U049','123','N3','SV0047', 'active'),
  ('sv0048','U050','123','N3','SV0048', 'active'),
  ('sv0049','U051','123','N3','SV0049', 'active'),
  ('sv0050','U052','123','N3','SV0050', 'active'),
  ('sv0051','U053','123','N3','SV0051', 'active'),
  ('sv0052','U054','123','N3','SV0052', 'active'),
  ('sv0053','U055','123','N3','SV0053', 'active'),
  ('sv0054','U056','123','N3','SV0054', 'active'),
  ('sv0055','U057','123','N3','SV0055', 'active'),
  ('sv0056','U058','123','N3','SV0056', 'active'),
  ('sv0057','U059','123','N3','SV0057', 'active'),
  ('sv0058','U060','123','N3','SV0058', 'active'),
  ('sv0059','U061','123','N3','SV0059', 'active'),
  ('sv0060','U062','123','N3','SV0060', 'active'),
  ('sv0061','U063','123','N3','SV0061', 'active'),
  ('sv0062','U064','123','N3','SV0062', 'active'),
  ('sv0063','U065','123','N3','SV0063', 'active'),
  ('sv0064','U066','123','N3','SV0064', 'active'),
  ('sv0065','U067','123','N3','SV0065', 'active'),
  ('sv0066','U068','123','N3','SV0066', 'active'),
  ('sv0067','U069','123','N3','SV0067', 'active'),
  ('sv0068','U070','123','N3','SV0068', 'active'),
  ('sv0069','U071','123','N3','SV0069', 'active'),
  ('sv0070','U072','123','N3','SV0070', 'active'),
  ('sv0071','U073','123','N3','SV0071', 'active'),
  ('sv0072','U074','123','N3','SV0072', 'active'),
  ('sv0073','U075','123','N3','SV0073', 'active'),
  ('sv0074','U076','123','N3','SV0074', 'active'),
  ('sv0075','U077','123','N3','SV0075', 'active'),
  ('sv0076','U078','123','N3','SV0076', 'active'),
  ('sv0077','U079','123','N3','SV0077', 'active'),
  ('sv0078','U080','123','N3','SV0078', 'active'),
  ('sv0079','U081','123','N3','SV0079', 'active'),
  ('sv0080','U082','123','N3','SV0080', 'active'),
  ('sv0081','U083','123','N3','SV0081', 'active'),
  ('sv0082','U084','123','N3','SV0082', 'active'),
  ('sv0083','U085','123','N3','SV0083', 'active'),
  ('sv0084','U086','123','N3','SV0084', 'active'),
  ('sv0085','U087','123','N3','SV0085', 'active'),
  ('sv0086','U088','123','N3','SV0086', 'active'),
  ('sv0087','U089','123','N3','SV0087', 'active'),
  ('sv0088','U090','123','N3','SV0088', 'active'),
  ('sv0089','U091','123','N3','SV0089', 'active'),
  ('sv0090','U092','123','N3','SV0090', 'active'),
  ('sv0091','U093','123','N3','SV0091', 'active'),
  ('sv0092','U094','123','N3','SV0092', 'active'),
  ('sv0093','U095','123','N3','SV0093', 'active'),
  ('sv0094','U096','123','N3','SV0094', 'active'),
  ('sv0095','U097','123','N3','SV0095', 'active'),
  ('sv0096','U098','123','N3','SV0096', 'active'),
  ('sv0097','U099','123','N3','SV0097', 'active'),
  ('sv0098','U100','123','N3','SV0098', 'active'),
  ('sv0099','U101','123','N3','SV0099', 'active'),
  ('sv0100','U102','123','N3','SV0100', 'active'),
  ('sv0101','U103','123','N3','SV0101', 'active'),
  ('sv0102','U104','123','N3','SV0102', 'active'),
  ('sv0103','U105','123','N3','SV0103', 'active'),
  ('sv0104','U106','123','N3','SV0104', 'active'),
  ('sv0105','U107','123','N3','SV0105', 'active'),
  ('sv0106','U108','123','N3','SV0106', 'active'),
  ('sv0107','U109','123','N3','SV0107', 'active'),
  ('sv0108','U110','123','N3','SV0108', 'active'),
  ('sv0109','U111','123','N3','SV0109', 'active'),
  ('sv0110','U112','123','N3','SV0110', 'active'),
  ('sv0111','U113','123','N3','SV0111', 'active'),
  ('sv0112','U114','123','N3','SV0112', 'active'),
  ('sv0113','U115','123','N3','SV0113', 'active'),
  ('sv0114','U116','123','N3','SV0114', 'active'),
  ('sv0115','U117','123','N3','SV0115', 'active'),
  ('sv0116','U118','123','N3','SV0116', 'active'),
  ('sv0117','U119','123','N3','SV0117', 'active'),
  ('sv0118','U120','123','N3','SV0118', 'active'),
  ('sv0119','U121','123','N3','SV0119', 'active'),
  ('sv0120','U122','123','N3','SV0120', 'active'),
  ('sv0121','U123','123','N3','SV0121', 'active'),
  ('sv0122','U124','123','N3','SV0122', 'active'),
  ('sv0123','U125','123','N3','SV0123', 'active'),
  ('sv0124','U126','123','N3','SV0124', 'active'),
  ('sv0125','U127','123','N3','SV0125', 'active'),
  ('sv0126','U128','123','N3','SV0126', 'active'),
  ('sv0127','U129','123','N3','SV0127', 'active'),
  ('sv0128','U130','123','N3','SV0128', 'active'),
  ('sv0129','U131','123','N3','SV0129', 'active'),
  ('sv0130','U132','123','N3','SV0130', 'active'),
  ('sv0131','U133','123','N3','SV0131', 'active'),
  ('sv0132','U134','123','N3','SV0132', 'active'),
  ('sv0133','U135','123','N3','SV0133', 'active'),
  ('sv0134','U136','123','N3','SV0134', 'active'),
  ('sv0135','U137','123','N3','SV0135', 'active'),
  ('sv0136','U138','123','N3','SV0136', 'active'),
  ('sv0137','U139','123','N3','SV0137', 'active'),
  ('sv0138','U140','123','N3','SV0138', 'active'),
  ('sv0139','U141','123','N3','SV0139', 'active'),
  ('sv0140','U142','123','N3','SV0140', 'active'),
  ('sv0141','U143','123','N3','SV0141', 'active'),
  ('sv0142','U144','123','N3','SV0142', 'active'),
  ('sv0143','U145','123','N3','SV0143', 'active'),
  ('sv0144','U146','123','N3','SV0144', 'active'),
  ('sv0145','U147','123','N3','SV0145', 'active'),
  ('sv0146','U148','123','N3','SV0146', 'active'),
  ('sv0147','U149','123','N3','SV0147', 'active'),
  ('sv0148','U150','123','N3','SV0148', 'active'),
  ('sv0149','U151','123','N3','SV0149', 'active'),
  ('sv0150','U152','123','N3','SV0150', 'active'),
  ('sv0151','U153','123','N3','SV0151', 'active'),
  ('sv0152','U154','123','N3','SV0152', 'active'),
  ('sv0153','U155','123','N3','SV0153', 'active'),
  ('sv0154','U156','123','N3','SV0154', 'active'),
  ('sv0155','U157','123','N3','SV0155', 'active'),
  ('sv0156','U158','123','N3','SV0156', 'active'),
  ('sv0157','U159','123','N3','SV0157', 'active'),
  ('sv0158','U160','123','N3','SV0158', 'active'),
  ('sv0159','U161','123','N3','SV0159', 'active'),
  ('sv0160','U162','123','N3','SV0160', 'active'),
  ('sv0161','U163','123','N3','SV0161', 'active'),
  ('sv0162','U164','123','N3','SV0162', 'active'),
  ('sv0163','U165','123','N3','SV0163', 'active'),
  ('sv0164','U166','123','N3','SV0164', 'active'),
  ('sv0165','U167','123','N3','SV0165', 'active'),
  ('sv0166','U168','123','N3','SV0166', 'active'),
  ('sv0167','U169','123','N3','SV0167', 'active'),
  ('sv0168','U170','123','N3','SV0168', 'active'),
  ('sv0169','U171','123','N3','SV0169', 'active'),
  ('sv0170','U172','123','N3','SV0170', 'active'),
  ('sv0171','U173','123','N3','SV0171', 'active'),
  ('sv0172','U174','123','N3','SV0172', 'active'),
  ('sv0173','U175','123','N3','SV0173', 'active'),
  ('sv0174','U176','123','N3','SV0174', 'active'),
  ('sv0175','U177','123','N3','SV0175', 'active'),
  ('sv0176','U178','123','N3','SV0176', 'active'),
  ('sv0177','U179','123','N3','SV0177', 'active'),
  ('sv0178','U180','123','N3','SV0178', 'active'),
  ('sv0179','U181','123','N3','SV0179', 'active'),
  ('sv0180','U182','123','N3','SV0180', 'active'),
  ('sv0181','U183','123','N3','SV0181', 'active'),
  ('sv0182','U184','123','N3','SV0182', 'active'),
  ('sv0183','U185','123','N3','SV0183', 'active'),
  ('sv0184','U186','123','N3','SV0184', 'active'),
  ('sv0185','U187','123','N3','SV0185', 'active'),
  ('sv0186','U188','123','N3','SV0186', 'active'),
  ('sv0187','U189','123','N3','SV0187', 'active'),
  ('sv0188','U190','123','N3','SV0188', 'active'),
  ('sv0189','U191','123','N3','SV0189', 'active'),
  ('sv0190','U192','123','N3','SV0190', 'active'),
  ('sv0191','U193','123','N3','SV0191', 'active'),
  ('sv0192','U194','123','N3','SV0192', 'active'),
  ('sv0193','U195','123','N3','SV0193', 'active'),
  ('sv0194','U196','123','N3','SV0194', 'active'),
  ('sv0195','U197','123','N3','SV0195', 'active'),
  ('sv0196','U198','123','N3','SV0196', 'active'),
  ('sv0197','U199','123','N3','SV0197', 'active'),
  ('sv0198','U200','123','N3','SV0198', 'active'),
  ('sv0199','U201','123','N3','SV0199', 'active'),
  ('sv0200','U202','123','N3','SV0200', 'active'),
  ('sv0201','U203','123','N3','SV0201', 'active'),
  ('sv0202','U204','123','N3','SV0202', 'active'),
  ('sv0203','U205','123','N3','SV0203', 'active'),
  ('sv0204','U206','123','N3','SV0204', 'active'),
  ('sv0205','U207','123','N3','SV0205', 'active'),
  ('sv0206','U208','123','N3','SV0206', 'active'),
  ('sv0207','U209','123','N3','SV0207', 'active'),
  ('sv0208','U210','123','N3','SV0208', 'active'),
  ('sv0209','U211','123','N3','SV0209', 'active'),
  ('sv0210','U212','123','N3','SV0210', 'active'),
  ('sv0211','U213','123','N3','SV0211', 'active'),
  ('sv0212','U214','123','N3','SV0212', 'active'),
  ('sv0213','U215','123','N3','SV0213', 'active'),
  ('sv0214','U216','123','N3','SV0214', 'active'),
  ('sv0215','U217','123','N3','SV0215', 'active'),
  ('sv0216','U218','123','N3','SV0216', 'active'),
  ('sv0217','U219','123','N3','SV0217', 'active'),
  ('sv0218','U220','123','N3','SV0218', 'active'),
  ('sv0219','U221','123','N3','SV0219', 'active'),
  ('sv0220','U222','123','N3','SV0220', 'active'),
  ('sv0221','U223','123','N3','SV0221', 'active'),
  ('sv0222','U224','123','N3','SV0222', 'active'),
  ('sv0223','U225','123','N3','SV0223', 'active'),
  ('sv0224','U226','123','N3','SV0224', 'active'),
  ('sv0225','U227','123','N3','SV0225', 'active'),
  ('sv0226','U228','123','N3','SV0226', 'active'),
  ('sv0227','U229','123','N3','SV0227', 'active'),
  ('sv0228','U230','123','N3','SV0228', 'active'),
  ('sv0229','U231','123','N3','SV0229', 'active'),
  ('sv0230','U232','123','N3','SV0230', 'active'),
  ('sv0231','U233','123','N3','SV0231', 'active'),
  ('sv0232','U234','123','N3','SV0232', 'active'),
  ('sv0233','U235','123','N3','SV0233', 'active'),
  ('sv0234','U236','123','N3','SV0234', 'active'),
  ('sv0235','U237','123','N3','SV0235', 'active'),
  ('sv0236','U238','123','N3','SV0236', 'active'),
  ('sv0237','U239','123','N3','SV0237', 'active'),
  ('sv0238','U240','123','N3','SV0238', 'active'),
  ('sv0239','U241','123','N3','SV0239', 'active'),
  ('sv0240','U242','123','N3','SV0240', 'active'),
  ('sv0241','U243','123','N3','SV0241', 'active'),
  ('sv0242','U244','123','N3','SV0242', 'active'),
  ('sv0243','U245','123','N3','SV0243', 'active'),
  ('sv0244','U246','123','N3','SV0244', 'active'),
  ('sv0245','U247','123','N3','SV0245', 'active'),
  ('sv0246','U248','123','N3','SV0246', 'active'),
  ('sv0247','U249','123','N3','SV0247', 'active'),
  ('sv0248','U250','123','N3','SV0248', 'active'),
  ('sv0249','U251','123','N3','SV0249', 'active'),
  ('sv0250','U252','123','N3','SV0250', 'active'),
  ('sv0251','U253','123','N3','SV0251', 'active'),
  ('sv0252','U254','123','N3','SV0252', 'active'),
  ('sv0253','U255','123','N3','SV0253', 'active'),
  ('sv0254','U256','123','N3','SV0254', 'active'),
  ('sv0255','U257','123','N3','SV0255', 'active'),
  ('sv0256','U258','123','N3','SV0256', 'active'),
  ('sv0257','U259','123','N3','SV0257', 'active'),
  ('sv0258','U260','123','N3','SV0258', 'active'),
  ('sv0259','U261','123','N3','SV0259', 'active'),
  ('sv0260','U262','123','N3','SV0260', 'active'),
  ('sv0261','U263','123','N3','SV0261', 'active'),
  ('sv0262','U264','123','N3','SV0262', 'active'),
  ('sv0263','U265','123','N3','SV0263', 'active'),
  ('sv0264','U266','123','N3','SV0264', 'active'),
  ('sv0265','U267','123','N3','SV0265', 'active'),
  ('sv0266','U268','123','N3','SV0266', 'active'),
  ('sv0267','U269','123','N3','SV0267', 'active'),
  ('sv0268','U270','123','N3','SV0268', 'active'),
  ('sv0269','U271','123','N3','SV0269', 'active'),
  ('sv0270','U272','123','N3','SV0270', 'active'),
  ('sv0271','U273','123','N3','SV0271', 'active'),
  ('sv0272','U274','123','N3','SV0272', 'active'),
  ('sv0273','U275','123','N3','SV0273', 'active'),
  ('sv0274','U276','123','N3','SV0274', 'active'),
  ('sv0275','U277','123','N3','SV0275', 'active'),
  ('sv0276','U278','123','N3','SV0276', 'active'),
  ('sv0277','U279','123','N3','SV0277', 'active'),
  ('sv0278','U280','123','N3','SV0278', 'active'),
  ('sv0279','U281','123','N3','SV0279', 'active'),
  ('sv0280','U282','123','N3','SV0280', 'active'),
  ('sv0281','U283','123','N3','SV0281', 'active'),
  ('sv0282','U284','123','N3','SV0282', 'active'),
  ('sv0283','U285','123','N3','SV0283', 'active'),
  ('sv0284','U286','123','N3','SV0284', 'active'),
  ('sv0285','U287','123','N3','SV0285', 'active'),
  ('sv0286','U288','123','N3','SV0286', 'active'),
  ('sv0287','U289','123','N3','SV0287', 'active'),
  ('sv0288','U290','123','N3','SV0288', 'active'),
  ('sv0289','U291','123','N3','SV0289', 'active'),
  ('sv0290','U292','123','N3','SV0290', 'active'),
  ('sv0291','U293','123','N3','SV0291', 'active'),
  ('sv0292','U294','123','N3','SV0292', 'active'),
  ('sv0293','U295','123','N3','SV0293', 'active'),
  ('sv0294','U296','123','N3','SV0294', 'active'),
  ('sv0295','U297','123','N3','SV0295', 'active'),
  ('sv0296','U298','123','N3','SV0296', 'active'),
  ('sv0297','U299','123','N3','SV0297', 'active'),
  ('sv0298','U300','123','N3','SV0298', 'active'),
  ('sv0299','U301','123','N3','SV0299', 'active'),
  ('sv0300','U302','123','N3','SV0300', 'active'),
  ('sv0301','U303','123','N3','SV0301', 'active'),
  ('sv0302','U304','123','N3','SV0302', 'active'),
  ('sv0303','U305','123','N3','SV0303', 'active'),
  ('sv0304','U306','123','N3','SV0304', 'active'),
  ('sv0305','U307','123','N3','SV0305', 'active'),
  ('sv0306','U308','123','N3','SV0306', 'active'),
  ('sv0307','U309','123','N3','SV0307', 'active'),
  ('sv0308','U310','123','N3','SV0308', 'active'),
  ('sv0309','U311','123','N3','SV0309', 'active'),
  ('sv0310','U312','123','N3','SV0310', 'active'),
  ('sv0311','U313','123','N3','SV0311', 'active'),
  ('sv0312','U314','123','N3','SV0312', 'active'),
  ('sv0313','U315','123','N3','SV0313', 'active'),
  ('sv0314','U316','123','N3','SV0314', 'active'),
  ('sv0315','U317','123','N3','SV0315', 'active'),
  ('sv0316','U318','123','N3','SV0316', 'active'),
  ('sv0317','U319','123','N3','SV0317', 'active'),
  ('sv0318','U320','123','N3','SV0318', 'active'),
  ('sv0319','U321','123','N3','SV0319', 'active'),
  ('sv0320','U322','123','N3','SV0320', 'active'),
  ('sv0321','U323','123','N3','SV0321', 'active'),
  ('sv0322','U324','123','N3','SV0322', 'active'),
  ('sv0323','U325','123','N3','SV0323', 'active'),
  ('sv0324','U326','123','N3','SV0324', 'active'),
  ('sv0325','U327','123','N3','SV0325', 'active'),
  ('sv0326','U328','123','N3','SV0326', 'active'),
  ('sv0327','U329','123','N3','SV0327', 'active'),
  ('sv0328','U330','123','N3','SV0328', 'active'),
  ('sv0329','U331','123','N3','SV0329', 'active'),
  ('sv0330','U332','123','N3','SV0330', 'active'),
  ('sv0331','U333','123','N3','SV0331', 'active'),
  ('sv0332','U334','123','N3','SV0332', 'active'),
  ('sv0333','U335','123','N3','SV0333', 'active'),
  ('sv0334','U336','123','N3','SV0334', 'active'),
  ('sv0335','U337','123','N3','SV0335', 'active'),
  ('sv0336','U338','123','N3','SV0336', 'active'),
  ('sv0337','U339','123','N3','SV0337', 'active'),
  ('sv0338','U340','123','N3','SV0338', 'active'),
  ('sv0339','U341','123','N3','SV0339', 'active'),
  ('sv0340','U342','123','N3','SV0340', 'active'),
  ('sv0341','U343','123','N3','SV0341', 'active'),
  ('sv0342','U344','123','N3','SV0342', 'active'),
  ('sv0343','U345','123','N3','SV0343', 'active'),
  ('sv0344','U346','123','N3','SV0344', 'active'),
  ('sv0345','U347','123','N3','SV0345', 'active'),
  ('sv0346','U348','123','N3','SV0346', 'active'),
  ('sv0347','U349','123','N3','SV0347', 'active'),
  ('sv0348','U350','123','N3','SV0348', 'active'),
  ('sv0349','U351','123','N3','SV0349', 'active'),
  ('sv0350','U352','123','N3','SV0350', 'active'),
  ('sv0351','U353','123','N3','SV0351', 'active'),
  ('sv0352','U354','123','N3','SV0352', 'active'),
  ('sv0353','U355','123','N3','SV0353', 'active'),
  ('sv0354','U356','123','N3','SV0354', 'active'),
  ('sv0355','U357','123','N3','SV0355', 'active'),
  ('sv0356','U358','123','N3','SV0356', 'active'),
  ('sv0357','U359','123','N3','SV0357', 'active'),
  ('sv0358','U360','123','N3','SV0358', 'active'),
  ('sv0359','U361','123','N3','SV0359', 'active'),
  ('sv0360','U362','123','N3','SV0360', 'active'),
  ('sv0361','U363','123','N3','SV0361', 'active'),
  ('sv0362','U364','123','N3','SV0362', 'active'),
  ('sv0363','U365','123','N3','SV0363', 'active'),
  ('sv0364','U366','123','N3','SV0364', 'active'),
  ('sv0365','U367','123','N3','SV0365', 'active'),
  ('sv0366','U368','123','N3','SV0366', 'active'),
  ('sv0367','U369','123','N3','SV0367', 'active'),
  ('sv0368','U370','123','N3','SV0368', 'active'),
  ('sv0369','U371','123','N3','SV0369', 'active'),
  ('sv0370','U372','123','N3','SV0370', 'active'),
  ('sv0371','U373','123','N3','SV0371', 'active'),
  ('sv0372','U374','123','N3','SV0372', 'active'),
  ('sv0373','U375','123','N3','SV0373', 'active'),
  ('sv0374','U376','123','N3','SV0374', 'active'),
  ('sv0375','U377','123','N3','SV0375', 'active'),
  ('sv0376','U378','123','N3','SV0376', 'active'),
  ('sv0377','U379','123','N3','SV0377', 'active'),
  ('sv0378','U380','123','N3','SV0378', 'active'),
  ('sv0379','U381','123','N3','SV0379', 'active'),
  ('sv0380','U382','123','N3','SV0380', 'active'),
  ('sv0381','U383','123','N3','SV0381', 'active'),
  ('sv0382','U384','123','N3','SV0382', 'active'),
  ('sv0383','U385','123','N3','SV0383', 'active'),
  ('sv0384','U386','123','N3','SV0384', 'active'),
  ('sv0385','U387','123','N3','SV0385', 'active'),
  ('sv0386','U388','123','N3','SV0386', 'active'),
  ('sv0387','U389','123','N3','SV0387', 'active'),
  ('sv0388','U390','123','N3','SV0388', 'active'),
  ('sv0389','U391','123','N3','SV0389', 'active'),
  ('sv0390','U392','123','N3','SV0390', 'active'),
  ('sv0391','U393','123','N3','SV0391', 'active'),
  ('sv0392','U394','123','N3','SV0392', 'active'),
  ('sv0393','U395','123','N3','SV0393', 'active'),
  ('sv0394','U396','123','N3','SV0394', 'active'),
  ('sv0395','U397','123','N3','SV0395', 'active'),
  ('sv0396','U398','123','N3','SV0396', 'active'),
  ('sv0397','U399','123','N3','SV0397', 'active'),
  ('sv0398','U400','123','N3','SV0398', 'active'),
  ('sv0399','U401','123','N3','SV0399', 'active'),
  ('sv0400','U402','123','N3','SV0400', 'active'),
  ('sv0401','U403','123','N3','SV0401', 'active'),
  ('sv0402','U404','123','N3','SV0402', 'active'),
  ('sv0403','U405','123','N3','SV0403', 'active'),
  ('sv0404','U406','123','N3','SV0404', 'active'),
  ('sv0405','U407','123','N3','SV0405', 'active'),
  ('sv0406','U408','123','N3','SV0406', 'active'),
  ('sv0407','U409','123','N3','SV0407', 'active'),
  ('sv0408','U410','123','N3','SV0408', 'active'),
  ('sv0409','U411','123','N3','SV0409', 'active'),
  ('sv0410','U412','123','N3','SV0410', 'active'),
  ('sv0411','U413','123','N3','SV0411', 'active'),
  ('sv0412','U414','123','N3','SV0412', 'active'),
  ('sv0413','U415','123','N3','SV0413', 'active'),
  ('sv0414','U416','123','N3','SV0414', 'active'),
  ('sv0415','U417','123','N3','SV0415', 'active'),
  ('sv0416','U418','123','N3','SV0416', 'active'),
  ('sv0417','U419','123','N3','SV0417', 'active'),
  ('sv0418','U420','123','N3','SV0418', 'active'),
  ('sv0419','U421','123','N3','SV0419', 'active'),
  ('sv0420','U422','123','N3','SV0420', 'active'),
  ('sv0421','U423','123','N3','SV0421', 'active'),
  ('sv0422','U424','123','N3','SV0422', 'active'),
  ('sv0423','U425','123','N3','SV0423', 'active'),
  ('sv0424','U426','123','N3','SV0424', 'active'),
  ('sv0425','U427','123','N3','SV0425', 'active'),
  ('sv0426','U428','123','N3','SV0426', 'active'),
  ('sv0427','U429','123','N3','SV0427', 'active'),
  ('sv0428','U430','123','N3','SV0428', 'active'),
  ('sv0429','U431','123','N3','SV0429', 'active'),
  ('sv0430','U432','123','N3','SV0430', 'active'),
  ('sv0431','U433','123','N3','SV0431', 'active'),
  ('sv0432','U434','123','N3','SV0432', 'active'),
  ('sv0433','U435','123','N3','SV0433', 'active'),
  ('sv0434','U436','123','N3','SV0434', 'active'),
  ('sv0435','U437','123','N3','SV0435', 'active'),
  ('sv0436','U438','123','N3','SV0436', 'active'),
  ('sv0437','U439','123','N3','SV0437', 'active'),
  ('sv0438','U440','123','N3','SV0438', 'active'),
  ('sv0439','U441','123','N3','SV0439', 'active'),
  ('sv0440','U442','123','N3','SV0440', 'active'),
  ('sv0441','U443','123','N3','SV0441', 'active'),
  ('sv0442','U444','123','N3','SV0442', 'active'),
  ('sv0443','U445','123','N3','SV0443', 'active'),
  ('sv0444','U446','123','N3','SV0444', 'active'),
  ('sv0445','U447','123','N3','SV0445', 'active'),
  ('sv0446','U448','123','N3','SV0446', 'active'),
  ('sv0447','U449','123','N3','SV0447', 'active'),
  ('sv0448','U450','123','N3','SV0448', 'active'),
  ('sv0449','U451','123','N3','SV0449', 'active'),
  ('sv0450','U452','123','N3','SV0450', 'active'),
  ('sv0451','U453','123','N3','SV0451', 'active'),
  ('sv0452','U454','123','N3','SV0452', 'active'),
  ('sv0453','U455','123','N3','SV0453', 'active'),
  ('sv0454','U456','123','N3','SV0454', 'active'),
  ('sv0455','U457','123','N3','SV0455', 'active'),
  ('sv0456','U458','123','N3','SV0456', 'active'),
  ('sv0457','U459','123','N3','SV0457', 'active'),
  ('sv0458','U460','123','N3','SV0458', 'active'),
  ('sv0459','U461','123','N3','SV0459', 'active'),
  ('sv0460','U462','123','N3','SV0460', 'active'),
  ('sv0461','U463','123','N3','SV0461', 'active'),
  ('sv0462','U464','123','N3','SV0462', 'active'),
  ('sv0463','U465','123','N3','SV0463', 'active'),
  ('sv0464','U466','123','N3','SV0464', 'active'),
  ('sv0465','U467','123','N3','SV0465', 'active'),
  ('sv0466','U468','123','N3','SV0466', 'active'),
  ('sv0467','U469','123','N3','SV0467', 'active'),
  ('sv0468','U470','123','N3','SV0468', 'active'),
  ('sv0469','U471','123','N3','SV0469', 'active'),
  ('sv0470','U472','123','N3','SV0470', 'active'),
  ('sv0471','U473','123','N3','SV0471', 'active'),
  ('sv0472','U474','123','N3','SV0472', 'active'),
  ('sv0473','U475','123','N3','SV0473', 'active'),
  ('sv0474','U476','123','N3','SV0474', 'active'),
  ('sv0475','U477','123','N3','SV0475', 'active'),
  ('sv0476','U478','123','N3','SV0476', 'active'),
  ('sv0477','U479','123','N3','SV0477', 'active'),
  ('sv0478','U480','123','N3','SV0478', 'active'),
  ('sv0479','U481','123','N3','SV0479', 'active'),
  ('sv0480','U482','123','N3','SV0480', 'active'),
  ('sv0481','U483','123','N3','SV0481', 'active'),
  ('sv0482','U484','123','N3','SV0482', 'active'),
  ('sv0483','U485','123','N3','SV0483', 'active'),
  ('sv0484','U486','123','N3','SV0484', 'active'),
  ('sv0485','U487','123','N3','SV0485', 'active'),
  ('sv0486','U488','123','N3','SV0486', 'active'),
  ('sv0487','U489','123','N3','SV0487', 'active'),
  ('sv0488','U490','123','N3','SV0488', 'active'),
  ('sv0489','U491','123','N3','SV0489', 'active'),
  ('sv0490','U492','123','N3','SV0490', 'active'),
  ('sv0491','U493','123','N3','SV0491', 'active'),
  ('sv0492','U494','123','N3','SV0492', 'active'),
  ('sv0493','U495','123','N3','SV0493', 'active'),
  ('sv0494','U496','123','N3','SV0494', 'active'),
  ('sv0495','U497','123','N3','SV0495', 'active'),
  ('sv0496','U498','123','N3','SV0496', 'active'),
  ('sv0497','U499','123','N3','SV0497', 'active'),
  ('sv0498','U500','123','N3','SV0498', 'active'),
  ('sv0499','U501','123','N3','SV0499', 'active'),
  ('sv0500','U502','123','N3','SV0500', 'active'),
  ('sv0501','U503','123','N3','SV0501', 'active'),
  ('sv0502','U504','123','N3','SV0502', 'active'),
  ('sv0503','U505','123','N3','SV0503', 'active'),
  ('sv0504','U506','123','N3','SV0504', 'active'),
  ('sv0505','U507','123','N3','SV0505', 'active'),
  ('sv0506','U508','123','N3','SV0506', 'active'),
  ('sv0507','U509','123','N3','SV0507', 'active'),
  ('sv0508','U510','123','N3','SV0508', 'active'),
  ('sv0509','U511','123','N3','SV0509', 'active'),
  ('sv0510','U512','123','N3','SV0510', 'active'),
  ('sv0511','U513','123','N3','SV0511', 'active'),
  ('sv0512','U514','123','N3','SV0512', 'active'),
  ('sv0513','U515','123','N3','SV0513', 'active'),
  ('sv0514','U516','123','N3','SV0514', 'active'),
  ('sv0515','U517','123','N3','SV0515', 'active'),
  ('sv0516','U518','123','N3','SV0516', 'active'),
  ('sv0517','U519','123','N3','SV0517', 'active'),
  ('sv0518','U520','123','N3','SV0518', 'active'),
  ('sv0519','U521','123','N3','SV0519', 'active'),
  ('sv0520','U522','123','N3','SV0520', 'active'),
  ('sv0521','U523','123','N3','SV0521', 'active'),
  ('sv0522','U524','123','N3','SV0522', 'active'),
  ('sv0523','U525','123','N3','SV0523', 'active'),
  ('sv0524','U526','123','N3','SV0524', 'active'),
  ('sv0525','U527','123','N3','SV0525', 'active'),
  ('sv0526','U528','123','N3','SV0526', 'active'),
  ('sv0527','U529','123','N3','SV0527', 'active'),
  ('sv0528','U530','123','N3','SV0528', 'active'),
  ('sv0529','U531','123','N3','SV0529', 'active'),
  ('sv0530','U532','123','N3','SV0530', 'active'),
  ('sv0531','U533','123','N3','SV0531', 'active'),
  ('sv0532','U534','123','N3','SV0532', 'active'),
  ('sv0533','U535','123','N3','SV0533', 'active'),
  ('sv0534','U536','123','N3','SV0534', 'active'),
  ('sv0535','U537','123','N3','SV0535', 'active'),
  ('sv0536','U538','123','N3','SV0536', 'active'),
  ('sv0537','U539','123','N3','SV0537', 'active'),
  ('sv0538','U540','123','N3','SV0538', 'active'),
  ('sv0539','U541','123','N3','SV0539', 'active'),
  ('sv0540','U542','123','N3','SV0540', 'active'),
  ('sv0541','U543','123','N3','SV0541', 'active'),
  ('sv0542','U544','123','N3','SV0542', 'active'),
  ('sv0543','U545','123','N3','SV0543', 'active'),
  ('sv0544','U546','123','N3','SV0544', 'active'),
  ('sv0545','U547','123','N3','SV0545', 'active'),
  ('sv0546','U548','123','N3','SV0546', 'active'),
  ('sv0547','U549','123','N3','SV0547', 'active'),
  ('sv0548','U550','123','N3','SV0548', 'active'),
  ('sv0549','U551','123','N3','SV0549', 'active'),
  ('sv0550','U552','123','N3','SV0550', 'active'),
  ('sv0551','U553','123','N3','SV0551', 'active'),
  ('sv0552','U554','123','N3','SV0552', 'active'),
  ('sv0553','U555','123','N3','SV0553', 'active'),
  ('sv0554','U556','123','N3','SV0554', 'active'),
  ('sv0555','U557','123','N3','SV0555', 'active'),
  ('sv0556','U558','123','N3','SV0556', 'active'),
  ('sv0557','U559','123','N3','SV0557', 'active'),
  ('sv0558','U560','123','N3','SV0558', 'active'),
  ('sv0559','U561','123','N3','SV0559', 'active'),
  ('sv0560','U562','123','N3','SV0560', 'active'),
  ('sv0561','U563','123','N3','SV0561', 'active'),
  ('sv0562','U564','123','N3','SV0562', 'active'),
  ('sv0563','U565','123','N3','SV0563', 'active'),
  ('sv0564','U566','123','N3','SV0564', 'active'),
  ('sv0565','U567','123','N3','SV0565', 'active'),
  ('sv0566','U568','123','N3','SV0566', 'active'),
  ('sv0567','U569','123','N3','SV0567', 'active'),
  ('sv0568','U570','123','N3','SV0568', 'active'),
  ('sv0569','U571','123','N3','SV0569', 'active'),
  ('sv0570','U572','123','N3','SV0570', 'active'),
  ('sv0571','U573','123','N3','SV0571', 'active'),
  ('sv0572','U574','123','N3','SV0572', 'active'),
  ('sv0573','U575','123','N3','SV0573', 'active'),
  ('sv0574','U576','123','N3','SV0574', 'active'),
  ('sv0575','U577','123','N3','SV0575', 'active'),
  ('sv0576','U578','123','N3','SV0576', 'active'),
  ('sv0577','U579','123','N3','SV0577', 'active'),
  ('sv0578','U580','123','N3','SV0578', 'active'),
  ('sv0579','U581','123','N3','SV0579', 'active'),
  ('sv0580','U582','123','N3','SV0580', 'active'),
  ('sv0581','U583','123','N3','SV0581', 'active'),
  ('sv0582','U584','123','N3','SV0582', 'active'),
  ('sv0583','U585','123','N3','SV0583', 'active'),
  ('sv0584','U586','123','N3','SV0584', 'active'),
  ('sv0585','U587','123','N3','SV0585', 'active'),
  ('sv0586','U588','123','N3','SV0586', 'active'),
  ('sv0587','U589','123','N3','SV0587', 'active'),
  ('sv0588','U590','123','N3','SV0588', 'active'),
  ('sv0589','U591','123','N3','SV0589', 'active'),
  ('sv0590','U592','123','N3','SV0590', 'active'),
  ('sv0591','U593','123','N3','SV0591', 'active'),
  ('sv0592','U594','123','N3','SV0592', 'active'),
  ('sv0593','U595','123','N3','SV0593', 'active'),
  ('sv0594','U596','123','N3','SV0594', 'active'),
  ('sv0595','U597','123','N3','SV0595', 'active'),
  ('sv0596','U598','123','N3','SV0596', 'active'),
  ('sv0597','U599','123','N3','SV0597', 'active'),
  ('sv0598','U600','123','N3','SV0598', 'active'),
  ('sv0599','U601','123','N3','SV0599', 'active'),
  ('sv0600','U602','123','N3','SV0600', 'active'),
  ('sv0601','U603','123','N3','SV0601', 'active'),
  ('sv0602','U604','123','N3','SV0602', 'active'),
  ('sv0603','U605','123','N3','SV0603', 'active'),
  ('sv0604','U606','123','N3','SV0604', 'active'),
  ('sv0605','U607','123','N3','SV0605', 'active'),
  ('sv0606','U608','123','N3','SV0606', 'active'),
  ('sv0607','U609','123','N3','SV0607', 'active'),
  ('sv0608','U610','123','N3','SV0608', 'active'),
  ('sv0609','U611','123','N3','SV0609', 'active'),
  ('sv0610','U612','123','N3','SV0610', 'active'),
  ('sv0611','U613','123','N3','SV0611', 'active'),
  ('sv0612','U614','123','N3','SV0612', 'active'),
  ('sv0613','U615','123','N3','SV0613', 'active'),
  ('sv0614','U616','123','N3','SV0614', 'active'),
  ('sv0615','U617','123','N3','SV0615', 'active'),
  ('sv0616','U618','123','N3','SV0616', 'active'),
  ('sv0617','U619','123','N3','SV0617', 'active'),
  ('sv0618','U620','123','N3','SV0618', 'active'),
  ('sv0619','U621','123','N3','SV0619', 'active'),
  ('sv0620','U622','123','N3','SV0620', 'active'),
  ('sv0621','U623','123','N3','SV0621', 'active'),
  ('sv0622','U624','123','N3','SV0622', 'active'),
  ('sv0623','U625','123','N3','SV0623', 'active'),
  ('sv0624','U626','123','N3','SV0624', 'active'),
  ('sv0625','U627','123','N3','SV0625', 'active'),
  ('sv0626','U628','123','N3','SV0626', 'active'),
  ('sv0627','U629','123','N3','SV0627', 'active'),
  ('sv0628','U630','123','N3','SV0628', 'active'),
  ('sv0629','U631','123','N3','SV0629', 'active'),
  ('sv0630','U632','123','N3','SV0630', 'active'),
  ('sv0631','U633','123','N3','SV0631', 'active'),
  ('sv0632','U634','123','N3','SV0632', 'active'),
  ('sv0633','U635','123','N3','SV0633', 'active'),
  ('sv0634','U636','123','N3','SV0634', 'active'),
  ('sv0635','U637','123','N3','SV0635', 'active'),
  ('sv0636','U638','123','N3','SV0636', 'active'),
  ('sv0637','U639','123','N3','SV0637', 'active'),
  ('sv0638','U640','123','N3','SV0638', 'active'),
  ('sv0639','U641','123','N3','SV0639', 'active'),
  ('sv0640','U642','123','N3','SV0640', 'active'),
  ('sv0641','U643','123','N3','SV0641', 'active'),
  ('sv0642','U644','123','N3','SV0642', 'active'),
  ('sv0643','U645','123','N3','SV0643', 'active'),
  ('sv0644','U646','123','N3','SV0644', 'active'),
  ('sv0645','U647','123','N3','SV0645', 'active'),
  ('sv0646','U648','123','N3','SV0646', 'active'),
  ('sv0647','U649','123','N3','SV0647', 'active'),
  ('sv0648','U650','123','N3','SV0648', 'active'),
  ('sv0649','U651','123','N3','SV0649', 'active'),
  ('sv0650','U652','123','N3','SV0650', 'active'),
  ('sv0651','U653','123','N3','SV0651', 'active'),
  ('sv0652','U654','123','N3','SV0652', 'active'),
  ('sv0653','U655','123','N3','SV0653', 'active'),
  ('sv0654','U656','123','N3','SV0654', 'active'),
  ('sv0655','U657','123','N3','SV0655', 'active'),
  ('sv0656','U658','123','N3','SV0656', 'active'),
  ('sv0657','U659','123','N3','SV0657', 'active'),
  ('sv0658','U660','123','N3','SV0658', 'active'),
  ('sv0659','U661','123','N3','SV0659', 'active'),
  ('sv0660','U662','123','N3','SV0660', 'active'),
  ('sv0661','U663','123','N3','SV0661', 'active'),
  ('sv0662','U664','123','N3','SV0662', 'active'),
  ('sv0663','U665','123','N3','SV0663', 'active'),
  ('sv0664','U666','123','N3','SV0664', 'active'),
  ('sv0665','U667','123','N3','SV0665', 'active'),
  ('sv0666','U668','123','N3','SV0666', 'active'),
  ('sv0667','U669','123','N3','SV0667', 'active'),
  ('sv0668','U670','123','N3','SV0668', 'active'),
  ('sv0669','U671','123','N3','SV0669', 'active'),
  ('sv0670','U672','123','N3','SV0670', 'active'),
  ('sv0671','U673','123','N3','SV0671', 'active'),
  ('sv0672','U674','123','N3','SV0672', 'active'),
  ('sv0673','U675','123','N3','SV0673', 'active'),
  ('sv0674','U676','123','N3','SV0674', 'active'),
  ('sv0675','U677','123','N3','SV0675', 'active'),
  ('sv0676','U678','123','N3','SV0676', 'active'),
  ('sv0677','U679','123','N3','SV0677', 'active'),
  ('sv0678','U680','123','N3','SV0678', 'active'),
  ('sv0679','U681','123','N3','SV0679', 'active'),
  ('sv0680','U682','123','N3','SV0680', 'active'),
  ('sv0681','U683','123','N3','SV0681', 'active'),
  ('sv0682','U684','123','N3','SV0682', 'active'),
  ('sv0683','U685','123','N3','SV0683', 'active'),
  ('sv0684','U686','123','N3','SV0684', 'active'),
  ('sv0685','U687','123','N3','SV0685', 'active'),
  ('sv0686','U688','123','N3','SV0686', 'active'),
  ('sv0687','U689','123','N3','SV0687', 'active'),
  ('sv0688','U690','123','N3','SV0688', 'active'),
  ('sv0689','U691','123','N3','SV0689', 'active'),
  ('sv0690','U692','123','N3','SV0690', 'active'),
  ('sv0691','U693','123','N3','SV0691', 'active'),
  ('sv0692','U694','123','N3','SV0692', 'active'),
  ('sv0693','U695','123','N3','SV0693', 'active'),
  ('sv0694','U696','123','N3','SV0694', 'active'),
  ('sv0695','U697','123','N3','SV0695', 'active'),
  ('sv0696','U698','123','N3','SV0696', 'active'),
  ('sv0697','U699','123','N3','SV0697', 'active'),
  ('sv0698','U700','123','N3','SV0698', 'active'),
  ('sv0699','U701','123','N3','SV0699', 'active'),
  ('sv0700','U702','123','N3','SV0700', 'active'),
  ('sv0701','U703','123','N3','SV0701', 'active'),
  ('sv0702','U704','123','N3','SV0702', 'active'),
  ('sv0703','U705','123','N3','SV0703', 'active'),
  ('sv0704','U706','123','N3','SV0704', 'active'),
  ('sv0705','U707','123','N3','SV0705', 'active'),
  ('sv0706','U708','123','N3','SV0706', 'active'),
  ('sv0707','U709','123','N3','SV0707', 'active'),
  ('sv0708','U710','123','N3','SV0708', 'active'),
  ('sv0709','U711','123','N3','SV0709', 'active'),
  ('sv0710','U712','123','N3','SV0710', 'active'),
  ('sv0711','U713','123','N3','SV0711', 'active'),
  ('sv0712','U714','123','N3','SV0712', 'active'),
  ('sv0713','U715','123','N3','SV0713', 'active'),
  ('sv0714','U716','123','N3','SV0714', 'active'),
  ('sv0715','U717','123','N3','SV0715', 'active'),
  ('sv0716','U718','123','N3','SV0716', 'active'),
  ('sv0717','U719','123','N3','SV0717', 'active'),
  ('sv0718','U720','123','N3','SV0718', 'active'),
  ('sv0719','U721','123','N3','SV0719', 'active'),
  ('sv0720','U722','123','N3','SV0720', 'active'),
  ('sv0721','U723','123','N3','SV0721', 'active'),
  ('sv0722','U724','123','N3','SV0722', 'active'),
  ('sv0723','U725','123','N3','SV0723', 'active'),
  ('sv0724','U726','123','N3','SV0724', 'active'),
  ('sv0725','U727','123','N3','SV0725', 'active'),
  ('sv0726','U728','123','N3','SV0726', 'active'),
  ('sv0727','U729','123','N3','SV0727', 'active'),
  ('sv0728','U730','123','N3','SV0728', 'active'),
  ('sv0729','U731','123','N3','SV0729', 'active'),
  ('sv0730','U732','123','N3','SV0730', 'active'),
  ('sv0731','U733','123','N3','SV0731', 'active'),
  ('sv0732','U734','123','N3','SV0732', 'active'),
  ('sv0733','U735','123','N3','SV0733', 'active'),
  ('sv0734','U736','123','N3','SV0734', 'active'),
  ('sv0735','U737','123','N3','SV0735', 'active'),
  ('sv0736','U738','123','N3','SV0736', 'active'),
  ('sv0737','U739','123','N3','SV0737', 'active'),
  ('sv0738','U740','123','N3','SV0738', 'active'),
  ('sv0739','U741','123','N3','SV0739', 'active'),
  ('sv0740','U742','123','N3','SV0740', 'active'),
  ('sv0741','U743','123','N3','SV0741', 'active'),
  ('sv0742','U744','123','N3','SV0742', 'active'),
  ('sv0743','U745','123','N3','SV0743', 'active'),
  ('sv0744','U746','123','N3','SV0744', 'active'),
  ('sv0745','U747','123','N3','SV0745', 'active'),
  ('sv0746','U748','123','N3','SV0746', 'active'),
  ('sv0747','U749','123','N3','SV0747', 'active'),
  ('sv0748','U750','123','N3','SV0748', 'active'),
  ('sv0749','U751','123','N3','SV0749', 'active'),
  ('sv0750','U752','123','N3','SV0750', 'active'),
  ('sv0751','U753','123','N3','SV0751', 'active'),
  ('sv0752','U754','123','N3','SV0752', 'active'),
  ('sv0753','U755','123','N3','SV0753', 'active'),
  ('sv0754','U756','123','N3','SV0754', 'active'),
  ('sv0755','U757','123','N3','SV0755', 'active'),
  ('sv0756','U758','123','N3','SV0756', 'active'),
  ('sv0757','U759','123','N3','SV0757', 'active'),
  ('sv0758','U760','123','N3','SV0758', 'active'),
  ('sv0759','U761','123','N3','SV0759', 'active'),
  ('sv0760','U762','123','N3','SV0760', 'active'),
  ('sv0761','U763','123','N3','SV0761', 'active'),
  ('sv0762','U764','123','N3','SV0762', 'active'),
  ('sv0763','U765','123','N3','SV0763', 'active'),
  ('sv0764','U766','123','N3','SV0764', 'active'),
  ('sv0765','U767','123','N3','SV0765', 'active'),
  ('sv0766','U768','123','N3','SV0766', 'active'),
  ('sv0767','U769','123','N3','SV0767', 'active'),
  ('sv0768','U770','123','N3','SV0768', 'active'),
  ('sv0769','U771','123','N3','SV0769', 'active'),
  ('sv0770','U772','123','N3','SV0770', 'active'),
  ('sv0771','U773','123','N3','SV0771', 'active'),
  ('sv0772','U774','123','N3','SV0772', 'active'),
  ('sv0773','U775','123','N3','SV0773', 'active'),
  ('sv0774','U776','123','N3','SV0774', 'active'),
  ('sv0775','U777','123','N3','SV0775', 'active'),
  ('sv0776','U778','123','N3','SV0776', 'active'),
  ('sv0777','U779','123','N3','SV0777', 'active'),
  ('sv0778','U780','123','N3','SV0778', 'active'),
  ('sv0779','U781','123','N3','SV0779', 'active'),
  ('sv0780','U782','123','N3','SV0780', 'active'),
  ('sv0781','U783','123','N3','SV0781', 'active'),
  ('sv0782','U784','123','N3','SV0782', 'active'),
  ('sv0783','U785','123','N3','SV0783', 'active'),
  ('sv0784','U786','123','N3','SV0784', 'active'),
  ('sv0785','U787','123','N3','SV0785', 'active'),
  ('sv0786','U788','123','N3','SV0786', 'active'),
  ('sv0787','U789','123','N3','SV0787', 'active'),
  ('sv0788','U790','123','N3','SV0788', 'active'),
  ('sv0789','U791','123','N3','SV0789', 'active'),
  ('sv0790','U792','123','N3','SV0790', 'active'),
  ('sv0791','U793','123','N3','SV0791', 'active'),
  ('sv0792','U794','123','N3','SV0792', 'active'),
  ('sv0793','U795','123','N3','SV0793', 'active'),
  ('sv0794','U796','123','N3','SV0794', 'active'),
  ('sv0795','U797','123','N3','SV0795', 'active'),
  ('sv0796','U798','123','N3','SV0796', 'active'),
  ('sv0797','U799','123','N3','SV0797', 'active'),
  ('sv0798','U800','123','N3','SV0798', 'active'),
  ('sv0799','U801','123','N3','SV0799', 'active'),
  ('sv0800','U802','123','N3','SV0800', 'active'),
  ('sv0801','U803','123','N3','SV0801', 'active'),
  ('sv0802','U804','123','N3','SV0802', 'active'),
  ('sv0803','U805','123','N3','SV0803', 'active'),
  ('sv0804','U806','123','N3','SV0804', 'active'),
  ('sv0805','U807','123','N3','SV0805', 'active'),
  ('sv0806','U808','123','N3','SV0806', 'active'),
  ('sv0807','U809','123','N3','SV0807', 'active'),
  ('sv0808','U810','123','N3','SV0808', 'active'),
  ('sv0809','U811','123','N3','SV0809', 'active'),
  ('sv0810','U812','123','N3','SV0810', 'active'),
  ('sv0811','U813','123','N3','SV0811', 'active'),
  ('sv0812','U814','123','N3','SV0812', 'active'),
  ('sv0813','U815','123','N3','SV0813', 'active'),
  ('sv0814','U816','123','N3','SV0814', 'active'),
  ('sv0815','U817','123','N3','SV0815', 'active'),
  ('sv0816','U818','123','N3','SV0816', 'active'),
  ('sv0817','U819','123','N3','SV0817', 'active'),
  ('sv0818','U820','123','N3','SV0818', 'active'),
  ('sv0819','U821','123','N3','SV0819', 'active'),
  ('sv0820','U822','123','N3','SV0820', 'active'),
  ('sv0821','U823','123','N3','SV0821', 'active'),
  ('sv0822','U824','123','N3','SV0822', 'active'),
  ('sv0823','U825','123','N3','SV0823', 'active'),
  ('sv0824','U826','123','N3','SV0824', 'active'),
  ('sv0825','U827','123','N3','SV0825', 'active'),
  ('sv0826','U828','123','N3','SV0826', 'active'),
  ('sv0827','U829','123','N3','SV0827', 'active'),
  ('sv0828','U830','123','N3','SV0828', 'active'),
  ('sv0829','U831','123','N3','SV0829', 'active'),
  ('sv0830','U832','123','N3','SV0830', 'active'),
  ('sv0831','U833','123','N3','SV0831', 'active'),
  ('sv0832','U834','123','N3','SV0832', 'active'),
  ('sv0833','U835','123','N3','SV0833', 'active'),
  ('sv0834','U836','123','N3','SV0834', 'active'),
  ('sv0835','U837','123','N3','SV0835', 'active'),
  ('sv0836','U838','123','N3','SV0836', 'active'),
  ('sv0837','U839','123','N3','SV0837', 'active'),
  ('sv0838','U840','123','N3','SV0838', 'active'),
  ('sv0839','U841','123','N3','SV0839', 'active'),
  ('sv0840','U842','123','N3','SV0840', 'active'),
  ('sv0841','U843','123','N3','SV0841', 'active'),
  ('sv0842','U844','123','N3','SV0842', 'active'),
  ('sv0843','U845','123','N3','SV0843', 'active'),
  ('sv0844','U846','123','N3','SV0844', 'active'),
  ('sv0845','U847','123','N3','SV0845', 'active'),
  ('sv0846','U848','123','N3','SV0846', 'active'),
  ('sv0847','U849','123','N3','SV0847', 'active'),
  ('sv0848','U850','123','N3','SV0848', 'active'),
  ('sv0849','U851','123','N3','SV0849', 'active'),
  ('sv0850','U852','123','N3','SV0850', 'active'),
  ('sv0851','U853','123','N3','SV0851', 'active'),
  ('sv0852','U854','123','N3','SV0852', 'active'),
  ('sv0853','U855','123','N3','SV0853', 'active'),
  ('sv0854','U856','123','N3','SV0854', 'active'),
  ('sv0855','U857','123','N3','SV0855', 'active'),
  ('sv0856','U858','123','N3','SV0856', 'active'),
  ('sv0857','U859','123','N3','SV0857', 'active'),
  ('sv0858','U860','123','N3','SV0858', 'active'),
  ('sv0859','U861','123','N3','SV0859', 'active'),
  ('sv0860','U862','123','N3','SV0860', 'active'),
  ('sv0861','U863','123','N3','SV0861', 'active'),
  ('sv0862','U864','123','N3','SV0862', 'active'),
  ('sv0863','U865','123','N3','SV0863', 'active'),
  ('sv0864','U866','123','N3','SV0864', 'active'),
  ('sv0865','U867','123','N3','SV0865', 'active'),
  ('sv0866','U868','123','N3','SV0866', 'active'),
  ('sv0867','U869','123','N3','SV0867', 'active'),
  ('sv0868','U870','123','N3','SV0868', 'active'),
  ('sv0869','U871','123','N3','SV0869', 'active'),
  ('sv0870','U872','123','N3','SV0870', 'active'),
  ('sv0871','U873','123','N3','SV0871', 'active'),
  ('sv0872','U874','123','N3','SV0872', 'active'),
  ('sv0873','U875','123','N3','SV0873', 'active'),
  ('sv0874','U876','123','N3','SV0874', 'active'),
  ('sv0875','U877','123','N3','SV0875', 'active'),
  ('sv0876','U878','123','N3','SV0876', 'active'),
  ('sv0877','U879','123','N3','SV0877', 'active'),
  ('sv0878','U880','123','N3','SV0878', 'active'),
  ('sv0879','U881','123','N3','SV0879', 'active'),
  ('sv0880','U882','123','N3','SV0880', 'active'),
  ('sv0881','U883','123','N3','SV0881', 'active'),
  ('sv0882','U884','123','N3','SV0882', 'active'),
  ('sv0883','U885','123','N3','SV0883', 'active'),
  ('sv0884','U886','123','N3','SV0884', 'active'),
  ('sv0885','U887','123','N3','SV0885', 'active'),
  ('sv0886','U888','123','N3','SV0886', 'active'),
  ('sv0887','U889','123','N3','SV0887', 'active'),
  ('sv0888','U890','123','N3','SV0888', 'active'),
  ('sv0889','U891','123','N3','SV0889', 'active'),
  ('sv0890','U892','123','N3','SV0890', 'active'),
  ('sv0891','U893','123','N3','SV0891', 'active'),
  ('sv0892','U894','123','N3','SV0892', 'active'),
  ('sv0893','U895','123','N3','SV0893', 'active'),
  ('sv0894','U896','123','N3','SV0894', 'active'),
  ('sv0895','U897','123','N3','SV0895', 'active'),
  ('sv0896','U898','123','N3','SV0896', 'active'),
  ('sv0897','U899','123','N3','SV0897', 'active'),
  ('sv0898','U900','123','N3','SV0898', 'active'),
  ('sv0899','U901','123','N3','SV0899', 'active'),
  ('sv0900','U902','123','N3','SV0900', 'active'),
  ('sv0901','U903','123','N3','SV0901', 'active'),
  ('sv0902','U904','123','N3','SV0902', 'active'),
  ('sv0903','U905','123','N3','SV0903', 'active'),
  ('sv0904','U906','123','N3','SV0904', 'active'),
  ('sv0905','U907','123','N3','SV0905', 'active'),
  ('sv0906','U908','123','N3','SV0906', 'active'),
  ('sv0907','U909','123','N3','SV0907', 'active'),
  ('sv0908','U910','123','N3','SV0908', 'active'),
  ('sv0909','U911','123','N3','SV0909', 'active'),
  ('sv0910','U912','123','N3','SV0910', 'active'),
  ('sv0911','U913','123','N3','SV0911', 'active'),
  ('sv0912','U914','123','N3','SV0912', 'active'),
  ('sv0913','U915','123','N3','SV0913', 'active'),
  ('sv0914','U916','123','N3','SV0914', 'active'),
  ('sv0915','U917','123','N3','SV0915', 'active'),
  ('sv0916','U918','123','N3','SV0916', 'active'),
  ('sv0917','U919','123','N3','SV0917', 'active'),
  ('sv0918','U920','123','N3','SV0918', 'active'),
  ('sv0919','U921','123','N3','SV0919', 'active'),
  ('sv0920','U922','123','N3','SV0920', 'active'),
  ('sv0921','U923','123','N3','SV0921', 'active'),
  ('sv0922','U924','123','N3','SV0922', 'active'),
  ('sv0923','U925','123','N3','SV0923', 'active'),
  ('sv0924','U926','123','N3','SV0924', 'active'),
  ('sv0925','U927','123','N3','SV0925', 'active'),
  ('sv0926','U928','123','N3','SV0926', 'active'),
  ('sv0927','U929','123','N3','SV0927', 'active'),
  ('sv0928','U930','123','N3','SV0928', 'active'),
  ('sv0929','U931','123','N3','SV0929', 'active'),
  ('sv0930','U932','123','N3','SV0930', 'active'),
  ('sv0931','U933','123','N3','SV0931', 'active'),
  ('sv0932','U934','123','N3','SV0932', 'active'),
  ('sv0933','U935','123','N3','SV0933', 'active'),
  ('sv0934','U936','123','N3','SV0934', 'active'),
  ('sv0935','U937','123','N3','SV0935', 'active'),
  ('sv0936','U938','123','N3','SV0936', 'active'),
  ('sv0937','U939','123','N3','SV0937', 'active'),
  ('sv0938','U940','123','N3','SV0938', 'active'),
  ('sv0939','U941','123','N3','SV0939', 'active'),
  ('sv0940','U942','123','N3','SV0940', 'active'),
  ('sv0941','U943','123','N3','SV0941', 'active'),
  ('sv0942','U944','123','N3','SV0942', 'active'),
  ('sv0943','U945','123','N3','SV0943', 'active'),
  ('sv0944','U946','123','N3','SV0944', 'active'),
  ('sv0945','U947','123','N3','SV0945', 'active'),
  ('sv0946','U948','123','N3','SV0946', 'active'),
  ('sv0947','U949','123','N3','SV0947', 'active'),
  ('sv0948','U950','123','N3','SV0948', 'active'),
  ('sv0949','U951','123','N3','SV0949', 'active'),
  ('sv0950','U952','123','N3','SV0950', 'active'),
  ('sv0951','U953','123','N3','SV0951', 'active'),
  ('sv0952','U954','123','N3','SV0952', 'active'),
  ('sv0953','U955','123','N3','SV0953', 'active'),
  ('sv0954','U956','123','N3','SV0954', 'active'),
  ('sv0955','U957','123','N3','SV0955', 'active'),
  ('sv0956','U958','123','N3','SV0956', 'active'),
  ('sv0957','U959','123','N3','SV0957', 'active'),
  ('sv0958','U960','123','N3','SV0958', 'active'),
  ('sv0959','U961','123','N3','SV0959', 'active'),
  ('sv0960','U962','123','N3','SV0960', 'active'),
  ('sv0961','U963','123','N3','SV0961', 'active'),
  ('sv0962','U964','123','N3','SV0962', 'active'),
  ('sv0963','U965','123','N3','SV0963', 'active'),
  ('sv0964','U966','123','N3','SV0964', 'active'),
  ('sv0965','U967','123','N3','SV0965', 'active'),
  ('sv0966','U968','123','N3','SV0966', 'active'),
  ('sv0967','U969','123','N3','SV0967', 'active'),
  ('sv0968','U970','123','N3','SV0968', 'active'),
  ('sv0969','U971','123','N3','SV0969', 'active'),
  ('sv0970','U972','123','N3','SV0970', 'active'),
  ('sv0971','U973','123','N3','SV0971', 'active'),
  ('sv0972','U974','123','N3','SV0972', 'active'),
  ('sv0973','U975','123','N3','SV0973', 'active'),
  ('sv0974','U976','123','N3','SV0974', 'active'),
  ('sv0975','U977','123','N3','SV0975', 'active'),
  ('sv0976','U978','123','N3','SV0976', 'active'),
  ('sv0977','U979','123','N3','SV0977', 'active'),
  ('sv0978','U980','123','N3','SV0978', 'active'),
  ('sv0979','U981','123','N3','SV0979', 'active'),
  ('sv0980','U982','123','N3','SV0980', 'active'),
  ('sv0981','U983','123','N3','SV0981', 'active'),
  ('sv0982','U984','123','N3','SV0982', 'active'),
  ('sv0983','U985','123','N3','SV0983', 'active'),
  ('sv0984','U986','123','N3','SV0984', 'active'),
  ('sv0985','U987','123','N3','SV0985', 'active'),
  ('sv0986','U988','123','N3','SV0986', 'active'),
  ('sv0987','U989','123','N3','SV0987', 'active'),
  ('sv0988','U990','123','N3','SV0988', 'active'),
  ('sv0989','U991','123','N3','SV0989', 'active'),
  ('sv0990','U992','123','N3','SV0990', 'active'),
  ('sv0991','U993','123','N3','SV0991', 'active'),
  ('sv0992','U994','123','N3','SV0992', 'active'),
  ('sv0993','U995','123','N3','SV0993', 'active'),
  ('sv0994','U996','123','N3','SV0994', 'active'),
  ('sv0995','U997','123','N3','SV0995', 'active'),
  ('sv0996','U998','123','N3','SV0996', 'active'),
  ('sv0997','U999','123','N3','SV0997', 'active'),
  ('sv0998','U1000','123','N3','SV0998', 'active'),
  ('sv0999','U1001','123','N3','SV0999', 'active'),
  ('sv1000','U1002','123','N3','SV1000', 'active');

INSERT INTO REGISTRATION_LOG (MaSoSinhVien, TenSinhVien, MaMonHoc, TenMonHoc, LoaiYeuCau, ThoiGianYeuCau)
VALUES
('21120123', 'Nguyễn Văn A', 'CS101', 'Nhập môn Công nghệ phần mềm', 'register', '2025-05-15 08:30:15'),
('21120456', 'Trần Thị B', 'CS102', 'Cơ sở dữ liệu', 'cancel', '2025-05-14 12:45:47'),
('21120789', 'Lê Hoàng C', 'CS103', 'Mạng máy tính', 'register', '2025-05-13 09:12:33'),
('21120112', 'Phạm Minh D', 'CS104', 'Trí tuệ nhân tạo', 'cancel', '2025-05-12 10:05:20');