INSERT INTO TINH (MaTinh, TenTinh) VALUES
  ('02', 'Thành phố Hồ Chí Minh');  -- Mã tỉnh HCM là 02 :contentReference[oaicite:6]{index=6}

INSERT INTO HUYEN (MaHuyen, TenHuyen, MaTinh, KhuVucUuTien) VALUES
  ('01', 'Quận 1', '02', 'Khu vực 1');  -- Quận 1 thuộc HCM :contentReference[oaicite:7]{index=7}
-- Bổ sung thêm huyện Thủ Đức
INSERT INTO HUYEN (MaHuyen, TenHuyen, MaTinh, KhuVucUuTien) VALUES
  ('02', 'Thành phố Thủ Đức', '02', 'Khu vực 1');

  
INSERT INTO DOITUONGUUTIEN (MaDoiTuong, TenDoiTuong, MucGiamHocPhi) VALUES
  ('UT01', 'Sinh viên dân tộc thiểu số', 0.70),  -- Giảm 70% :contentReference[oaicite:8]{index=8}
  ('UT02', 'Sinh viên hộ cận nghèo',    0.50);  -- Giảm 50% :contentReference[oaicite:9]{index=9}

INSERT INTO KHOA (MaKhoa, TenKhoa) VALUES
  ('KTPM', 'Công nghệ phần mềm'),
  ('HTTT', 'Hệ thống thông tin'),
  ('KHMT', 'Khoa học máy tính'),
  ('KTMT', 'Kỹ thuật máy tính'),
  ('TTMT', 'Truyền thông & Mạng máy tính'),
  ('ATTT', 'An toàn thông tin');

INSERT INTO NGANHHOC (MaNganh, TenNganh, MaKhoa) VALUES
  ('CNTT',  'Công nghệ thông tin',        'HTTT'),
  ('HTTT',  'Hệ thống thông tin',         'HTTT'),
  ('KHMT',  'Khoa học máy tính',          'KHMT'),
  ('KTPM',  'Kỹ thuật phần mềm',          'KTPM'),
  ('KTMT',  'Kỹ thuật máy tính',          'KTMT'),
  ('TTMT',  'Truyền thông & Mạng máy tính','TTMT'),
  ('ATTT',  'An toàn thông tin',          'ATTT'),
  ('TMDT',  'Thương mại điện tử',         'HTTT'),
  ('KHLDL', 'Khoa học dữ liệu',           'KHMT'),
  ('TTNT',  'Trí tuệ nhân tạo',           'KHMT'),
  ('VMC',   'Thiết kế vi mạch',           'KTMT'),
  ('CNTT_Nhat','Công nghệ thông tin Việt–Nhật','HTTT');
  

INSERT INTO LOAIMON (MaLoaiMon, TenLoaiMon, SoTietMotTC, SoTienMotTC) VALUES
  ('GD',  'Giáo dục đại cương',     15, 1166666),  -- 15 tiết/tín chỉ :contentReference[oaicite:12]{index=12}, ~1.166.666 VND/tín chỉ :contentReference[oaicite:13]{index=13}
  ('CS',  'Cơ sở ngành',           15, 1166666),
  ('CN',  'Chuyên ngành',          15, 1166666),
  ('TT',  'Thực tập/Course Lab',    15, 1166666),
  ('KL',  'Khóa luận/Đồ án tốt nghiệp', 15, 1166666);

INSERT INTO MONHOC (MaMonHoc, TenMonHoc, MaLoaiMon) VALUES
  -- Khối Giáo dục đại cương (GD)
  ('BCH058', 'Kỹ năng truyền thông giao tiếp', 'GD'),
  ('BUS1125', 'Khởi nghiệp kinh doanh', 'GD'),
  ('LTU101', 'Anh văn cơ bản 1', 'GD'),
  ('LTU102', 'Anh văn cơ bản 2', 'GD'),
  ('LTU201', 'Anh văn chuyên ngành 1', 'GD'),
  ('LTU202', 'Anh văn chuyên ngành 2', 'GD'),
  ('LTU301', 'Anh văn thương mại', 'GD'),
  ('LTU302', 'Anh văn kỹ thuật', 'GD'),
  ('SS003', 'Tư tưởng Hồ Chí Minh', 'GD'),
  ('SS004', 'Kỹ năng nghề nghiệp', 'GD'),
  ('SS006', 'Pháp luật đại cương', 'GD'),
  ('SS007', 'Triết học Mác – Lênin', 'GD'),
  ('SS008', 'Kinh tế chính trị Mác – Lênin', 'GD'),
  ('SS009', 'Chủ nghĩa xã hội khoa học', 'GD'),
  ('SS010', 'Lịch sử Đảng Cộng sản Việt Nam', 'GD'),
  ('TLH025', 'Tâm lý học nhân cách', 'GD'),

  -- Khối Cơ sở ngành (CS)
  ('CE103', 'Vi xử lý-vi điều khiển', 'CS'),
  ('CE118', 'Thiết kế luận lý số', 'CS'),
  ('CE122', 'Phân tích mạch kỹ thuật', 'CS'),
  ('CE126', 'Vật lý bán dẫn và ứng dụng', 'CS'),
  ('EE105', 'Mạch điện', 'CS'),
  ('EE208', 'Hệ thống điện một chiều', 'CS'),
  ('EE214', 'Điện tử tương tự', 'CS'),
  ('EE216', 'Kỹ thuật số nâng cao', 'CS'),
  ('IT101', 'Nhập môn Tin học', 'CS'),
  ('IT103', 'Giải tích cao cấp', 'CS'),
  ('IT201', 'Cấu trúc dữ liệu và giải thuật', 'CS'),
  ('IT301', 'Kỹ thuật lập trình', 'CS'),

  -- Khối Chuyên ngành (CN)
  ('CE201', 'Đồ án 1', 'TT'),                     -- (chuyển sang TT, vì là đồ án học phần)
  ('CE206', 'Đồ án 2', 'TT'),
  ('CE213', 'Thiết kế hệ thống số với HDL', 'CN'),
  ('CE222', 'Thiết kế vi mạch số', 'CN'),
  ('CE232', 'Thiết kế hệ thống nhúng không dây', 'CN'),
  ('CE320', 'Logic mờ cho ứng dụng hệ thống nhúng', 'CN'),
  ('CE340', 'Trí tuệ nhân tạo cho hệ thống nhúng', 'CN'),
  ('CE408', 'Đồ án chuyên ngành Thiết kế vi mạch và phần cứng', 'TT'),
  ('CE410', 'Kỹ thuật hệ thống máy tính', 'CN'),
  ('CE422', 'Mạng máy tính II', 'CN'),
  ('CE426', 'Các phương tiện truyền thông không dây', 'CN'),
  ('CE430', 'Công nghệ Web nâng cao', 'CN'),
  ('CE434', 'Phát triển ứng dụng di động', 'CN'),
  ('CE440', 'Hệ thống nhúng và IoT', 'CN'),
  ('CE444', 'Lập trình song song và phân tán', 'CN'),
  ('CE450', 'Thị giác máy tính', 'CN'),
  ('CE458', 'Đồ án 3', 'TT'),
  ('CE462', 'An toàn hệ thống thông tin', 'CN'),
  ('CE470', 'Học sâu cho hệ thống nhúng', 'CN'),
  ('CE476', 'Thuật toán tiến hóa', 'CN'),
  ('CE480', 'Kỹ thuật xử lý ảnh', 'CN'),
  ('CE482', 'Xác suất thống kê cho kỹ sư', 'CN'),
  ('CE488', 'Khóa luận tốt nghiệp chuyên ngành', 'KL'),

  ('EE308', 'Hệ thống điện xoay chiều', 'CN'),
  ('EE312', 'Động cơ điện và điều khiển', 'CN'),
  ('EE318', 'Điều khiển tự động', 'CN'),
  ('EE322', 'Đồ án kỹ thuật điện', 'TT'),
  ('EE324', 'Hệ thống điện thông minh', 'CN'),
  ('EE332', 'Điều khiển số và vi xử lý', 'CN'),
  ('EE362', 'Thị trường điện và kinh tế điện', 'CN'),
  ('EE402', 'Đồ án chuyên ngành Kỹ thuật điện', 'TT'),
  ('EE408', 'Hệ thống điện lực cao áp', 'CN'),
  ('EE412', 'Hệ thống năng lượng tái tạo', 'CN'),
  ('EE422', 'Kỹ thuật điện tử công suất', 'CN'),
  ('EE430', 'Mạch tích hợp chuyên dụng', 'CN'),
  ('EE442', 'Thu phát vô tuyến', 'CN'),
  ('EE448', 'Xử lý tín hiệu số', 'CN'),
  ('EE462', 'Hệ thống điều khiển tiên tiến', 'CN'),
  ('EE468', 'Thuật toán tối ưu cho hệ thống điện', 'CN'),
  ('EE480', 'Đồ án thiết kế mạch tích hợp', 'TT'),
  ('EE488', 'Khóa luận tốt nghiệp chuyên ngành', 'KL'),

  ('IT203', 'Cơ sở dữ liệu nâng cao', 'CN'),
  ('IT303', 'Đồ án Mạng và Bảo mật', 'TT'),
  ('IT305', 'Quản lý dự án phần mềm', 'CN'),
  ('IT401', 'Phân tích và thiết kế hệ thống', 'CN'),
  ('IT403', 'Kiến trúc máy tính', 'CN'),
  ('IT405', 'Học máy cơ bản', 'CN'),
  ('IT407', 'Phát triển ứng dụng Web', 'CN'),
  ('IT409', 'Phát triển ứng dụng Android', 'CN'),
  ('IT411', 'Kiểm thử phần mềm nâng cao', 'CN'),
  ('IT413', 'Trí tuệ nhân tạo', 'CN'),
  ('IT415', 'An ninh mạng', 'CN'),
  ('IT417', 'Xử lý ngôn ngữ tự nhiên', 'CN'),
  ('IT419', 'Thị giác máy tính', 'CN'),
  ('IT421', 'Lập trình song song', 'CN'),
  ('IT423', 'Hệ thống phân tán', 'CN'),
  ('IT425', 'Kiến trúc hướng dịch vụ', 'CN'),
  ('IT427', 'Phân tích dữ liệu lớn', 'CN'),
  ('IT429', 'Học sâu nâng cao', 'CN'),
  ('IT431', 'Internet vạn vật (IoT)', 'CN'),
  ('IT433', 'Lập trình hệ thống nhúng', 'CN'),
  ('IT435', 'Thiết kế giao diện người dùng', 'CN'),
  ('IT437', 'Phát triển game di động', 'CN'),
  ('IT439', 'Giao diện tự nhiên', 'CN'),
  ('IT441', 'Hệ thống khuyến nghị', 'CN'),
  ('IT443', 'Phân tích dữ liệu', 'CN'),
  ('IT445', 'Đồ án 1', 'TT'),
  ('IT447', 'Đồ án 2', 'TT'),
  ('IT449', 'Khóa luận tốt nghiệp', 'KL'),

  ('MKT101', 'Marketing căn bản', 'CN'),
  ('MKT201', 'Marketing nâng cao', 'CN'),
  ('MKT301', 'Chiến lược marketing', 'CN'),
  ('MKP101', 'Nghiên cứu thị trường', 'CN'),
  ('MKP201', 'Quản trị thương hiệu', 'CN'),
  ('MKP301', 'Quảng cáo và tiếp thị số', 'CN'),
  ('MKP401', 'Marketing quốc tế', 'CN'),

  ('QC101', 'Quản trị chất lượng', 'CN'),
  ('QC201', 'Phân tích và cải tiến chất lượng', 'CN'),
  ('QC301', 'Quản lý rủi ro chất lượng', 'CN'),
  ('QC401', 'Đảm bảo chất lượng phần mềm', 'CN'),
  ('QC501', 'Kiểm thử phần mềm tự động', 'CN'),

  ('SE101', 'Nhập môn Kỹ thuật phần mềm', 'CN'),
  ('SE201', 'Thiết kế phần mềm hướng đối tượng', 'CN'),
  ('SE203', 'Kiến trúc phần mềm', 'CN'),
  ('SE301', 'Bảo mật phần mềm', 'CN'),
  ('SE303', 'Kiểm thử phần mềm', 'CN'),
  ('SE305', 'Quản lý cấu hình phần mềm', 'CN'),
  ('SE307', 'Đồ án 1', 'TT'),
  ('SE309', 'Đồ án 2', 'TT'),
  ('SE311', 'Xây dựng phần mềm hướng dịch vụ', 'CN'),
  ('SE313', 'Phát triển Agile', 'CN'),
  ('SE315', 'Phân tích yêu cầu', 'CN'),
  ('SE317', 'Kiến trúc hướng sự kiện', 'CN'),
  ('SE319', 'Kiến trúc microservices', 'CN'),
  ('SE321', 'Bảo mật API', 'CN'),
  ('SE323', 'Quản trị dữ liệu lớn', 'CN'),
  ('SE325', 'Đồ án số 3', 'CN'),
  ('SE327', 'Thiết kế giao diện người dùng nâng cao', 'CN'),
  ('SE329', 'Triết lý thiết kế phần mềm', 'CN'),
  ('SE331', 'Kho dữ liệu và BI', 'CN'),
  ('SE333', 'Phân tích và tối ưu mã nguồn', 'CN'),
  ('SE335', 'An toàn phần mềm', 'CN'),
  ('SE337', 'Kiến trúc serverless', 'CN'),
  ('SE339', 'Thực tập tốt nghiệp', 'TT'),
  ('SE341', 'Đồ án tốt nghiệp tại doanh nghiệp', 'KL'),

  ('GD001', 'Tiếng Anh cơ bản 1', 'GD'),
  ('CS101', 'Cấu trúc dữ liệu', 'CS'),
  ('CS102', 'Cơ sở dữ liệu', 'CS'),
  ('GD002', 'Giáo dục thể chất 1', 'GD'),
  ('DS101', 'Khai phá dữ liệu', 'CN'),  -- hoặc chọn MaLoaiMon phù hợp
  ('CN201', 'Lập trình hướng đối tượng', 'CN'),
  ('AI001', 'Giới thiệu Trí tuệ nhân tạo 1', 'CN'),
  ('AI002', 'Giới thiệu Trí tuệ nhân tạo 2', 'CN'),
  ('AI301', 'Học sâu nâng cao', 'CN'),
  ('AI302', 'Thị giác máy tính nâng cao', 'CN');
  
INSERT INTO HOCKYNAMHOC 
  (MaHocKy, HocKyThu, ThoiGianBatDau, ThoiGianKetThuc, TrangThaiHocKy, NamHoc, ThoiHanDongHP) VALUES
  ('HK1_2024', 1, '2024-08-01','2024-12-15','Mở đăng ký',2024,'2024-09-15'),
  ('HK2_2024', 2, '2025-01-15','2025-05-30','Mở đăng ký',2024,'2025-02-15');

-- Các môn của ngành CNTT kỳ 1
INSERT INTO CHUONGTRINHHOC (MaNganh, MaMonHoc, MaHocKy, GhiChu) VALUES
  ('CNTT','GD001','HK1_2024',''),
  ('CNTT','CS101','HK1_2024',''),
  ('CNTT','CS102','HK1_2024','');

-- Mở thêm môn tự chọn
INSERT INTO DANHSACHMONHOCMO (MaHocKy, MaMonHoc) VALUES
  ('HK1_2024','GD002'),
  ('HK2_2024','DS101');

INSERT INTO SINHVIEN (MaSoSinhVien, HoTen, NgaySinh, GioiTinh, QueQuan, MaHuyen, MaDoiTuongUT, MaNganh) VALUES
  ('SV0001', 'Hoàng Thị Khánh', '2000-12-12', 'Nam', 'Huyện 1', '01', 'UT02', 'HTTT'),
  ('SV0002', 'Hoàng Văn Cường', '2001-10-23', 'Nữ', 'Huyện 1', '01', 'UT01', 'KHMT'),
  ('SV0003', 'Phạm Ngọc Hà', '2004-06-09', 'Nam', 'Huyện 1', '01', 'UT02', 'KTPM'),
  ('SV0004', 'Vũ Văn Hoa', '2004-10-16', 'Nam', 'Thành phố Thủ Đức', '02', 'UT01', 'VMC'),
  ('SV0005', 'Nguyễn Thị Mai', '2003-01-05', 'Nữ', 'Huyện 1', '01', 'UT02', 'CNTT_Nhat'),
  ('SV0006', 'Phan Thanh Cường', '2001-04-29', 'Nữ', 'Huyện 1', '01', 'UT02', 'CNTT'),
  ('SV0007', 'Huỳnh Quang Linh', '2000-08-06', 'Nữ', 'Huyện 1', '01', 'UT02', 'TTMT'),
  ('SV0008', 'Phan Ngọc Khánh', '2000-04-05', 'Nữ', 'Thành phố Thủ Đức', '02', 'UT01', 'ATTT'),
  ('SV0009', 'Vũ Minh Hùng', '2002-04-05', 'Nữ', 'Thành phố Thủ Đức', '02', 'UT01', 'ATTT'),
  ('SV0010', 'Vũ Huy Dũng', '2002-05-02', 'Nữ', 'Huyện 1', '01', 'UT01', 'ATTT'),
  ('SV0011', 'Trần Mai Hoa', '2004-09-05', 'Nam', 'Thành phố Thủ Đức', '02', 'UT01', 'HTTT'),
  ('SV0012', 'Đặng Quang Hùng', '2001-08-15', 'Nữ', 'Huyện 1', '01', 'UT01', 'ATTT'),
  ('SV0013', 'Phạm Huy Hùng', '2004-09-25', 'Nam', 'Thành phố Thủ Đức', '02', 'UT02', 'KTPM'),
  ('SV0014', 'Huỳnh Hữu Hùng', '2001-12-14', 'Nữ', 'Huyện 1', '01', 'UT02', 'TTNT'),
  ('SV0015', 'Nguyễn Ngọc Khánh', '2001-11-28', 'Nam', 'Thành phố Thủ Đức', '02', 'UT01', 'CNTT_Nhat'),
  ('SV0016', 'Phan Quang Linh', '2004-07-16', 'Nam', 'Thành phố Thủ Đức', '02', 'UT01', 'TTMT'),
  ('SV0017', 'Huỳnh Ngọc Cường', '2000-08-07', 'Nữ', 'Huyện 1', '01', 'UT02', 'KHLDL'),
  ('SV0018', 'Hoàng Ngọc Long', '2002-08-23', 'Nữ', 'Huyện 1', '01', 'UT01', 'TMDT'),
  ('SV0019', 'Nguyễn Anh Long', '2001-08-23', 'Nam', 'Huyện 1', '01', 'UT02', 'KTPM'),
  ('SV0020', 'Nguyễn Thanh Hoa', '2000-07-20', 'Nữ', 'Thành phố Thủ Đức', '02', 'UT01', 'TMDT'),
  ('SV0021', 'Đặng Minh Cường', '2001-10-09', 'Nam', 'Huyện 1', '01', 'UT02', 'ATTT'),
  ('SV0022', 'Vũ Anh Dũng', '2000-08-02', 'Nam', 'Huyện 1', '01', 'UT01', 'TTNT'),
  ('SV0023', 'Huỳnh Quang Hùng', '2001-10-14', 'Nam', 'Thành phố Thủ Đức', '02', 'UT01', 'KHLDL'),
  ('SV0024', 'Hoàng Minh Hoa', '2004-07-26', 'Nữ', 'Thành phố Thủ Đức', '02', 'UT01', 'CNTT'),
  ('SV0025', 'Nguyễn Ngọc Khánh', '2003-05-20', 'Nữ', 'Huyện 1', '01', 'UT02', 'TTMT'),
  ('SV0026', 'Phan Minh Hà', '2002-05-02', 'Nam', 'Huyện 1', '01', 'UT01', 'KTPM'),
  ('SV0027', 'Trần Thị Long', '2003-08-28', 'Nữ', 'Huyện 1', '01', 'UT02', 'HTTT'),
  ('SV0028', 'Lê Huy Hà', '2004-11-25', 'Nữ', 'Thành phố Thủ Đức', '02', 'UT01', 'KHMT'),
  ('SV0029', 'Võ Huy Hà', '2003-11-12', 'Nam', 'Thành phố Thủ Đức', '02', 'UT01', 'TMDT'),
  ('SV0030', 'Phạm Thanh Bình', '2000-08-29', 'Nam', 'Huyện 1', '01', 'UT01', 'KHLDL'),
  ('SV0031', 'Phạm Hữu Bình', '2003-04-14', 'Nam', 'Huyện 1', '01', 'UT02', 'TTMT'),
  ('SV0032', 'Phan Huy Cường', '2005-12-05', 'Nữ', 'Thành phố Thủ Đức', '02', 'UT01', 'TMDT'),
  ('SV0033', 'Hoàng Văn Cường', '2000-10-07', 'Nữ', 'Thành phố Thủ Đức', '02', 'UT02', 'CNTT'),
  ('SV0034', 'Phan Ngọc Cường', '2005-08-01', 'Nữ', 'Thành phố Thủ Đức', '02', 'UT02', 'CNTT_Nhat'),
  ('SV0035', 'Huỳnh Ngọc Hùng', '2001-02-21', 'Nam', 'Huyện 1', '01', 'UT01', 'CNTT_Nhat'),
  ('SV0036', 'Võ Minh Long', '2001-11-07', 'Nữ', 'Huyện 1', '01', 'UT02', 'HTTT'),
  ('SV0037', 'Vũ Minh Mai', '2000-10-09', 'Nam', 'Thành phố Thủ Đức', '02', 'UT02', 'TTMT'),
  ('SV0038', 'Phan Ngọc Mai', '2001-09-19', 'Nam', 'Thành phố Thủ Đức', '02', 'UT01', 'ATTT'),
  ('SV0039', 'Vũ Quang Long', '2002-05-26', 'Nữ', 'Huyện 1', '01', 'UT01', 'CNTT'),
  ('SV0040', 'Vũ Hữu Hà', '2004-10-31', 'Nam', 'Huyện 1', '01', 'UT02', 'KTMT'),
  ('SV0041', 'Phan Huy Khánh', '2002-04-21', 'Nam', 'Thành phố Thủ Đức', '02', 'UT02', 'KHLDL'),
  ('SV0042', 'Đặng Anh An', '2003-03-25', 'Nữ', 'Thành phố Thủ Đức', '02', 'UT02', 'TTNT'),
  ('SV0043', 'Đặng Ngọc Hùng', '2001-04-13', 'Nam', 'Huyện 1', '01', 'UT01', 'CNTT'),
  ('SV0044', 'Nguyễn Quang Hoa', '2003-01-13', 'Nam', 'Huyện 1', '01', 'UT02', 'CNTT_Nhat'),
  ('SV0045', 'Võ Huy Hùng', '2000-10-18', 'Nữ', 'Huyện 1', '01', 'UT01', 'CNTT'),
  ('SV0046', 'Hoàng Ngọc Khánh', '2004-03-20', 'Nữ', 'Thành phố Thủ Đức', '02', 'UT02', 'VMC'),
  ('SV0047', 'Phan Minh An', '2005-04-08', 'Nữ', 'Thành phố Thủ Đức', '02', 'UT02', 'KHMT'),
  ('SV0048', 'Phan Huy Cường', '2005-02-11', 'Nữ', 'Huyện 1', '01', 'UT01', 'KHMT'),
  ('SV0049', 'Hoàng Mai Hùng', '2000-03-09', 'Nam', 'Thành phố Thủ Đức', '02', 'UT02', 'KHLDL'),
  ('SV0050', 'Hoàng Hữu Linh', '2002-10-02', 'Nam', 'Huyện 1', '01', 'UT02', 'HTTT'),
  ('SV0051', 'Huỳnh Quang Linh', '2000-09-10', 'Nam', 'Huyện 1', '01', 'UT02', 'KHMT'),
  ('SV0052', 'Trần Anh Dũng', '2000-08-25', 'Nam', 'Thành phố Thủ Đức', '02', 'UT02', 'TTNT'),
  ('SV0053', 'Nguyễn Mai Linh', '2001-06-02', 'Nam', 'Thành phố Thủ Đức', '02', 'UT01', 'KHLDL'),
  ('SV0054', 'Võ Văn Long', '2000-05-21', 'Nam', 'Huyện 1', '01', 'UT01', 'CNTT'),
  ('SV0055', 'Lê Thị Hà', '2001-04-02', 'Nam', 'Thành phố Thủ Đức', '02', 'UT01', 'CNTT'),
  ('SV0056', 'Võ Huy Linh', '2003-11-09', 'Nữ', 'Huyện 1', '01', 'UT01', 'TTMT'),
  ('SV0057', 'Võ Ngọc Mai', '2001-12-11', 'Nam', 'Huyện 1', '01', 'UT02', 'KTMT'),
  ('SV0058', 'Lê Văn Linh', '2002-10-28', 'Nam', 'Thành phố Thủ Đức', '02', 'UT02', 'CNTT_Nhat'),
  ('SV0059', 'Huỳnh Anh Long', '2000-11-07', 'Nam', 'Huyện 1', '01', 'UT02', 'HTTT'),
  ('SV0060', 'Nguyễn Văn Long', '2000-05-14', 'Nam', 'Thành phố Thủ Đức', '02', 'UT01', 'KHMT'),
  ('SV0061', 'Hoàng Ngọc Linh', '2004-06-15', 'Nam', 'Thành phố Thủ Đức', '02', 'UT02', 'KTPM'),
  ('SV0062', 'Huỳnh Mai An', '2002-06-23', 'Nữ', 'Thành phố Thủ Đức', '02', 'UT01', 'KTMT'),
  ('SV0063', 'Hoàng Thanh Khánh', '2001-11-17', 'Nam', 'Thành phố Thủ Đức', '02', 'UT01', 'HTTT'),
  ('SV0064', 'Võ Mai Dũng', '2003-08-24', 'Nam', 'Huyện 1', '01', 'UT01', 'VMC'),
  ('SV0065', 'Phan Quang Dũng', '2005-11-01', 'Nam', 'Thành phố Thủ Đức', '02', 'UT02', 'VMC'),
  ('SV0066', 'Phan Quang Mai', '2000-03-24', 'Nữ', 'Thành phố Thủ Đức', '02', 'UT01', 'HTTT'),
  ('SV0067', 'Nguyễn Minh Bình', '2005-04-17', 'Nữ', 'Thành phố Thủ Đức', '02', 'UT02', 'CNTT_Nhat'),
  ('SV0068', 'Huỳnh Quang Khánh', '2002-08-19', 'Nam', 'Thành phố Thủ Đức', '02', 'UT01', 'VMC'),
  ('SV0069', 'Phạm Minh Mai', '2004-07-06', 'Nam', 'Thành phố Thủ Đức', '02', 'UT02', 'KHMT'),
  ('SV0070', 'Lê Văn Mai', '2003-08-30', 'Nam', 'Huyện 1', '01', 'UT01', 'HTTT'),
  ('SV0071', 'Nguyễn Anh Linh', '2000-02-25', 'Nữ', 'Thành phố Thủ Đức', '02', 'UT02', 'CNTT_Nhat'),
  ('SV0072', 'Lê Huy Hà', '2002-08-30', 'Nữ', 'Huyện 1', '01', 'UT01', 'TTMT'),
  ('SV0073', 'Phạm Văn Linh', '2004-05-06', 'Nữ', 'Huyện 1', '01', 'UT01', 'TMDT'),
  ('SV0074', 'Lê Anh Linh', '2000-11-19', 'Nữ', 'Thành phố Thủ Đức', '02', 'UT02', 'KHMT'),
  ('SV0075', 'Đặng Mai An', '2005-11-16', 'Nam', 'Huyện 1', '01', 'UT02', 'CNTT_Nhat'),
  ('SV0076', 'Đặng Minh Dũng', '2003-04-06', 'Nữ', 'Thành phố Thủ Đức', '02', 'UT01', 'CNTT_Nhat'),
  ('SV0077', 'Đặng Anh Long', '2000-04-25', 'Nữ', 'Thành phố Thủ Đức', '02', 'UT01', 'HTTT'),
  ('SV0078', 'Trần Ngọc Hùng', '2003-11-14', 'Nam', 'Huyện 1', '01', 'UT02', 'TMDT'),
  ('SV0079', 'Lê Hữu Cường', '2001-07-17', 'Nữ', 'Thành phố Thủ Đức', '02', 'UT02', 'CNTT'),
  ('SV0080', 'Huỳnh Minh Hùng', '2003-10-09', 'Nam', 'Huyện 1', '01', 'UT01', 'TTMT'),
  ('SV0081', 'Hoàng Thanh Hùng', '2005-10-02', 'Nam', 'Huyện 1', '01', 'UT01', 'CNTT'),
  ('SV0082', 'Trần Quang Hà', '2003-11-26', 'Nữ', 'Huyện 1', '01', 'UT01', 'KHLDL'),
  ('SV0083', 'Đặng Quang Hùng', '2000-04-22', 'Nam', 'Huyện 1', '01', 'UT02', 'TTMT'),
  ('SV0084', 'Huỳnh Quang Hoa', '2001-04-01', 'Nữ', 'Huyện 1', '01', 'UT02', 'TMDT'),
  ('SV0085', 'Phan Huy Bình', '2001-11-14', 'Nữ', 'Thành phố Thủ Đức', '02', 'UT02', 'CNTT_Nhat'),
  ('SV0086', 'Hoàng Mai Hà', '2005-04-10', 'Nữ', 'Huyện 1', '01', 'UT02', 'HTTT'),
  ('SV0087', 'Đặng Văn Linh', '2001-09-06', 'Nữ', 'Thành phố Thủ Đức', '02', 'UT01', 'TMDT'),
  ('SV0088', 'Vũ Huy An', '2002-04-14', 'Nam', 'Thành phố Thủ Đức', '02', 'UT01', 'CNTT'),
  ('SV0089', 'Vũ Văn An', '2002-02-25', 'Nữ', 'Thành phố Thủ Đức', '02', 'UT02', 'HTTT'),
  ('SV0090', 'Vũ Mai Bình', '2001-11-07', 'Nam', 'Huyện 1', '01', 'UT02', 'HTTT'),
  ('SV0091', 'Nguyễn Văn Cường', '2004-10-11', 'Nữ', 'Huyện 1', '01', 'UT02', 'VMC'),
  ('SV0092', 'Huỳnh Thị Linh', '2000-02-09', 'Nam', 'Huyện 1', '01', 'UT01', 'CNTT_Nhat'),
  ('SV0093', 'Trần Thanh An', '2003-08-02', 'Nữ', 'Thành phố Thủ Đức', '02', 'UT02', 'TTNT'),
  ('SV0094', 'Nguyễn Minh Bình', '2004-04-07', 'Nữ', 'Thành phố Thủ Đức', '02', 'UT02', 'KHLDL'),
  ('SV0095', 'Hoàng Mai Hà', '2001-04-05', 'Nữ', 'Thành phố Thủ Đức', '02', 'UT01', 'CNTT_Nhat'),
  ('SV0096', 'Phan Huy Long', '2000-07-30', 'Nam', 'Thành phố Thủ Đức', '02', 'UT01', 'CNTT_Nhat'),
  ('SV0097', 'Huỳnh Văn Linh', '2003-08-30', 'Nam', 'Huyện 1', '01', 'UT01', 'HTTT'),
  ('SV0098', 'Vũ Huy Dũng', '2001-07-25', 'Nữ', 'Huyện 1', '01', 'UT01', 'HTTT'),
  ('SV0099', 'Vũ Quang Hoa', '2001-12-23', 'Nam', 'Huyện 1', '01', 'UT01', 'HTTT'),
  ('SV0100', 'Phan Ngọc Bình', '2003-08-17', 'Nữ', 'Huyện 1', '01', 'UT01', 'CNTT_Nhat');

INSERT INTO SINHVIEN (MaSoSinhVien, HoTen, NgaySinh, GioiTinh, QueQuan, MaHuyen, MaDoiTuongUT, MaNganh) VALUES
  ('SV0101', 'Võ Văn Linh', '2002-02-23', 'Nữ', 'Thành phố Thủ Đức', '02', 'UT01', 'HTTT'),
  ('SV0102', 'Phạm Huy An', '2003-05-22', 'Nam', 'Huyện 1', '01', 'UT01', 'VMC'),
  ('SV0103', 'Hoàng Mai Long', '2001-07-04', 'Nam', 'Huyện 1', '01', 'UT01', 'ATTT'),
  ('SV0104', 'Võ Minh Linh', '2005-01-05', 'Nam', 'Huyện 1', '01', 'UT02', 'CNTT'),
  ('SV0105', 'Nguyễn Quang Dũng', '2003-07-01', 'Nam', 'Thành phố Thủ Đức', '02', 'UT01', 'KTPM'),
  ('SV0106', 'Hoàng Quang Long', '2004-03-29', 'Nữ', 'Thành phố Thủ Đức', '02', 'UT02', 'TTMT'),
  ('SV0107', 'Lê Mai Bình', '2000-09-09', 'Nam', 'Thành phố Thủ Đức', '02', 'UT01', 'KHMT'),
  ('SV0108', 'Hoàng Ngọc An', '2005-03-02', 'Nam', 'Huyện 1', '01', 'UT02', 'KHLDL'),
  ('SV0109', 'Võ Minh Long', '2004-07-23', 'Nam', 'Thành phố Thủ Đức', '02', 'UT02', 'HTTT'),
  ('SV0110', 'Nguyễn Thanh Dũng', '2002-02-12', 'Nữ', 'Thành phố Thủ Đức', '02', 'UT01', 'HTTT'),
  ('SV0111', 'Trần Thị Cường', '2000-07-31', 'Nam', 'Thành phố Thủ Đức', '02', 'UT02', 'CNTT_Nhat'),
  ('SV0112', 'Nguyễn Thanh Bình', '2005-04-24', 'Nữ', 'Huyện 1', '01', 'UT01', 'ATTT'),
  ('SV0113', 'Võ Minh Linh', '2000-05-11', 'Nữ', 'Huyện 1', '01', 'UT01', 'ATTT'),
  ('SV0114', 'Hoàng Thanh Hà', '2002-10-01', 'Nam', 'Thành phố Thủ Đức', '02', 'UT02', 'TTMT'),
  ('SV0115', 'Phạm Mai Cường', '2004-01-31', 'Nữ', 'Huyện 1', '01', 'UT01', 'KHMT'),
  ('SV0116', 'Lê Mai Mai', '2001-01-16', 'Nữ', 'Huyện 1', '01', 'UT01', 'HTTT'),
  ('SV0117', 'Hoàng Hữu Hùng', '2005-11-20', 'Nữ', 'Thành phố Thủ Đức', '02', 'UT01', 'HTTT'),
  ('SV0118', 'Nguyễn Mai Mai', '2004-02-13', 'Nữ', 'Thành phố Thủ Đức', '02', 'UT01', 'VMC'),
  ('SV0119', 'Vũ Hữu Cường', '2005-01-07', 'Nam', 'Huyện 1', '01', 'UT01', 'KHMT'),
  ('SV0120', 'Đặng Thanh Cường', '2001-03-20', 'Nữ', 'Thành phố Thủ Đức', '02', 'UT02', 'KTMT'),
  ('SV0121', 'Lê Huy An', '2003-02-21', 'Nam', 'Thành phố Thủ Đức', '02', 'UT02', 'TTNT'),
  ('SV0122', 'Phan Hữu Mai', '2001-02-23', 'Nữ', 'Huyện 1', '01', 'UT01', 'TTNT'),
  ('SV0123', 'Trần Quang An', '2002-10-17', 'Nam', 'Thành phố Thủ Đức', '02', 'UT02', 'ATTT'),
  ('SV0124', 'Phạm Thị Cường', '2005-10-30', 'Nam', 'Huyện 1', '01', 'UT02', 'KHMT'),
  ('SV0125', 'Nguyễn Quang Cường', '2005-08-25', 'Nữ', 'Huyện 1', '01', 'UT02', 'HTTT'),
  ('SV0126', 'Vũ Thanh Cường', '2001-09-22', 'Nữ', 'Thành phố Thủ Đức', '02', 'UT01', 'CNTT'),
  ('SV0127', 'Võ Hữu Mai', '2002-09-08', 'Nữ', 'Huyện 1', '01', 'UT02', 'KTPM'),
  ('SV0128', 'Phạm Ngọc Hùng', '2005-08-19', 'Nam', 'Thành phố Thủ Đức', '02', 'UT01', 'KHMT'),
  ('SV0129', 'Hoàng Ngọc Dũng', '2005-10-19', 'Nữ', 'Thành phố Thủ Đức', '02', 'UT01', 'CNTT_Nhat'),
  ('SV0130', 'Phạm Ngọc Hà', '2005-05-13', 'Nam', 'Huyện 1', '01', 'UT02', 'HTTT'),
  ('SV0131', 'Đặng Quang Cường', '2001-10-12', 'Nữ', 'Thành phố Thủ Đức', '02', 'UT01', 'KTMT'),
  ('SV0132', 'Trần Hữu Khánh', '2000-05-11', 'Nữ', 'Thành phố Thủ Đức', '02', 'UT01', 'VMC'),
  ('SV0133', 'Trần Văn Dũng', '2004-06-07', 'Nam', 'Thành phố Thủ Đức', '02', 'UT01', 'KHLDL'),
  ('SV0134', 'Võ Ngọc Hà', '2003-12-16', 'Nữ', 'Huyện 1', '01', 'UT02', 'KTMT'),
  ('SV0135', 'Huỳnh Mai Linh', '2001-03-11', 'Nam', 'Huyện 1', '01', 'UT02', 'KHLDL'),
  ('SV0136', 'Trần Huy Khánh', '2005-10-01', 'Nam', 'Thành phố Thủ Đức', '02', 'UT02', 'VMC'),
  ('SV0137', 'Hoàng Thanh Bình', '2005-08-06', 'Nữ', 'Thành phố Thủ Đức', '02', 'UT01', 'KHMT'),
  ('SV0138', 'Lê Văn Linh', '2002-03-05', 'Nữ', 'Thành phố Thủ Đức', '02', 'UT02', 'HTTT'),
  ('SV0139', 'Phan Ngọc Bình', '2000-07-07', 'Nữ', 'Huyện 1', '01', 'UT01', 'CNTT_Nhat'),
  ('SV0140', 'Lê Mai Dũng', '2002-05-11', 'Nữ', 'Thành phố Thủ Đức', '02', 'UT01', 'ATTT'),
  ('SV0141', 'Đặng Huy Mai', '2003-06-15', 'Nữ', 'Huyện 1', '01', 'UT01', 'KTMT'),
  ('SV0142', 'Phạm Văn Dũng', '2000-12-01', 'Nữ', 'Thành phố Thủ Đức', '02', 'UT01', 'TTNT'),
  ('SV0143', 'Lê Hữu Mai', '2005-02-12', 'Nam', 'Huyện 1', '01', 'UT02', 'TMDT'),
  ('SV0144', 'Phạm Văn Khánh', '2001-03-27', 'Nữ', 'Thành phố Thủ Đức', '02', 'UT02', 'TTMT'),
  ('SV0145', 'Đặng Thị Hùng', '2002-02-10', 'Nam', 'Huyện 1', '01', 'UT02', 'KHLDL'),
  ('SV0146', 'Hoàng Quang Hoa', '2000-04-04', 'Nam', 'Thành phố Thủ Đức', '02', 'UT02', 'KHMT'),
  ('SV0147', 'Phạm Hữu Linh', '2000-03-20', 'Nữ', 'Thành phố Thủ Đức', '02', 'UT01', 'KTMT'),
  ('SV0148', 'Vũ Ngọc Cường', '2001-10-09', 'Nữ', 'Thành phố Thủ Đức', '02', 'UT02', 'TMDT'),
  ('SV0149', 'Hoàng Hữu Mai', '2000-02-09', 'Nữ', 'Huyện 1', '01', 'UT02', 'CNTT_Nhat'),
  ('SV0150', 'Phạm Quang Bình', '2002-02-26', 'Nam', 'Huyện 1', '01', 'UT01', 'VMC'),
  ('SV0151', 'Đặng Ngọc Long', '2002-09-12', 'Nam', 'Thành phố Thủ Đức', '02', 'UT02', 'TTMT'),
  ('SV0152', 'Hoàng Ngọc Bình', '2000-02-08', 'Nữ', 'Huyện 1', '01', 'UT01', 'HTTT'),
  ('SV0153', 'Phan Anh An', '2002-04-06', 'Nữ', 'Huyện 1', '01', 'UT01', 'ATTT'),
  ('SV0154', 'Trần Minh An', '2000-01-24', 'Nam', 'Huyện 1', '01', 'UT02', 'KHLDL'),
  ('SV0155', 'Nguyễn Thanh Hùng', '2001-03-12', 'Nữ', 'Huyện 1', '01', 'UT01', 'KTMT'),
  ('SV0156', 'Võ Mai Dũng', '2005-04-23', 'Nữ', 'Huyện 1', '01', 'UT01', 'KTMT'),
  ('SV0157', 'Trần Anh Dũng', '2005-08-21', 'Nữ', 'Huyện 1', '01', 'UT01', 'VMC'),
  ('SV0158', 'Phạm Văn An', '2002-11-04', 'Nam', 'Thành phố Thủ Đức', '02', 'UT02', 'TTMT'),
  ('SV0159', 'Đặng Thanh Hoa', '2002-02-02', 'Nam', 'Huyện 1', '01', 'UT02', 'KHMT'),
  ('SV0160', 'Vũ Huy Cường', '2002-09-01', 'Nữ', 'Thành phố Thủ Đức', '02', 'UT02', 'KTPM'),
  ('SV0161', 'Hoàng Minh Hùng', '2004-09-10', 'Nam', 'Thành phố Thủ Đức', '02', 'UT01', 'ATTT'),
  ('SV0162', 'Phạm Văn Khánh', '2000-09-19', 'Nữ', 'Huyện 1', '01', 'UT02', 'KTPM'),
  ('SV0163', 'Phan Thị Linh', '2004-11-04', 'Nữ', 'Thành phố Thủ Đức', '02', 'UT02', 'CNTT_Nhat'),
  ('SV0164', 'Trần Quang Hùng', '2003-12-01', 'Nữ', 'Thành phố Thủ Đức', '02', 'UT02', 'TMDT'),
  ('SV0165', 'Huỳnh Văn Bình', '2001-11-03', 'Nam', 'Huyện 1', '01', 'UT02', 'TTMT'),
  ('SV0166', 'Phan Minh An', '2001-06-22', 'Nam', 'Thành phố Thủ Đức', '02', 'UT02', 'KHLDL'),
  ('SV0167', 'Trần Ngọc Hoa', '2004-06-22', 'Nam', 'Thành phố Thủ Đức', '02', 'UT01', 'KHLDL'),
  ('SV0168', 'Trần Thanh Dũng', '2003-03-08', 'Nữ', 'Thành phố Thủ Đức', '02', 'UT01', 'CNTT_Nhat'),
  ('SV0169', 'Hoàng Minh Mai', '2003-08-11', 'Nữ', 'Thành phố Thủ Đức', '02', 'UT01', 'CNTT_Nhat'),
  ('SV0170', 'Võ Hữu Linh', '2002-01-06', 'Nữ', 'Huyện 1', '01', 'UT02', 'HTTT'),
  ('SV0171', 'Vũ Hữu Khánh', '2002-10-25', 'Nữ', 'Huyện 1', '01', 'UT01', 'TTMT'),
  ('SV0172', 'Nguyễn Huy Hà', '2004-09-28', 'Nam', 'Huyện 1', '01', 'UT01', 'KTMT'),
  ('SV0173', 'Hoàng Quang Hà', '2003-03-28', 'Nam', 'Huyện 1', '01', 'UT01', 'CNTT'),
  ('SV0174', 'Hoàng Anh Hùng', '2000-07-16', 'Nữ', 'Thành phố Thủ Đức', '02', 'UT02', 'CNTT'),
  ('SV0175', 'Phạm Quang Mai', '2002-01-09', 'Nữ', 'Huyện 1', '01', 'UT02', 'KHMT'),
  ('SV0176', 'Lê Ngọc Hà', '2000-07-15', 'Nam', 'Thành phố Thủ Đức', '02', 'UT02', 'ATTT'),
  ('SV0177', 'Võ Ngọc Bình', '2004-03-08', 'Nam', 'Huyện 1', '01', 'UT01', 'CNTT_Nhat'),
  ('SV0178', 'Phạm Thị Long', '2001-07-02', 'Nữ', 'Thành phố Thủ Đức', '02', 'UT02', 'TTMT'),
  ('SV0179', 'Vũ Thị Dũng', '2002-08-18', 'Nam', 'Thành phố Thủ Đức', '02', 'UT02', 'HTTT'),
  ('SV0180', 'Lê Văn Khánh', '2003-02-25', 'Nam', 'Huyện 1', '01', 'UT01', 'TTMT'),
  ('SV0181', 'Huỳnh Huy Long', '2000-09-17', 'Nữ', 'Huyện 1', '01', 'UT02', 'HTTT'),
  ('SV0182', 'Phạm Minh An', '2004-10-11', 'Nữ', 'Thành phố Thủ Đức', '02', 'UT01', 'HTTT'),
  ('SV0183', 'Phạm Ngọc Mai', '2000-07-28', 'Nữ', 'Huyện 1', '01', 'UT02', 'KTMT'),
  ('SV0184', 'Võ Mai Khánh', '2005-02-06', 'Nữ', 'Thành phố Thủ Đức', '02', 'UT02', 'CNTT'),
  ('SV0185', 'Phạm Thanh An', '2004-09-17', 'Nữ', 'Huyện 1', '01', 'UT01', 'HTTT'),
  ('SV0186', 'Huỳnh Mai Long', '2005-06-28', 'Nam', 'Thành phố Thủ Đức', '02', 'UT02', 'TMDT'),
  ('SV0187', 'Đặng Huy Long', '2005-04-14', 'Nam', 'Thành phố Thủ Đức', '02', 'UT01', 'KHLDL'),
  ('SV0188', 'Lê Thị Hà', '2005-02-05', 'Nữ', 'Thành phố Thủ Đức', '02', 'UT02', 'HTTT'),
  ('SV0189', 'Vũ Hữu Mai', '2001-10-23', 'Nữ', 'Thành phố Thủ Đức', '02', 'UT02', 'ATTT'),
  ('SV0190', 'Phạm Huy An', '2005-02-13', 'Nữ', 'Huyện 1', '01', 'UT01', 'TTNT'),
  ('SV0191', 'Trần Anh An', '2001-05-13', 'Nữ', 'Huyện 1', '01', 'UT02', 'TTMT'),
  ('SV0192', 'Phan Thanh Hùng', '2001-04-16', 'Nữ', 'Thành phố Thủ Đức', '02', 'UT01', 'TTNT'),
  ('SV0193', 'Đặng Minh Linh', '2000-05-22', 'Nam', 'Huyện 1', '01', 'UT02', 'VMC'),
  ('SV0194', 'Lê Thị Linh', '2002-11-26', 'Nữ', 'Thành phố Thủ Đức', '02', 'UT01', 'KTPM'),
  ('SV0195', 'Đặng Minh An', '2001-01-06', 'Nữ', 'Huyện 1', '01', 'UT02', 'KTMT'),
  ('SV0196', 'Trần Anh Khánh', '2001-10-06', 'Nữ', 'Thành phố Thủ Đức', '02', 'UT01', 'VMC'),
  ('SV0197', 'Phan Minh Khánh', '2000-10-15', 'Nam', 'Huyện 1', '01', 'UT01', 'CNTT_Nhat'),
  ('SV0198', 'Hoàng Minh Linh', '2003-12-29', 'Nam', 'Huyện 1', '01', 'UT02', 'CNTT_Nhat'),
  ('SV0199', 'Nguyễn Quang Hoa', '2003-03-28', 'Nam', 'Thành phố Thủ Đức', '02', 'UT02', 'TMDT'),
  ('SV0200', 'Phạm Văn Hoa', '2004-01-05', 'Nữ', 'Huyện 1', '01', 'UT01', 'CNTT');

INSERT INTO SINHVIEN (MaSoSinhVien, HoTen, NgaySinh, GioiTinh, QueQuan, MaHuyen, MaDoiTuongUT, MaNganh) VALUES
  ('SV0201', 'Nguyễn Quang Cường', '2003-12-18', 'Nữ', 'Thành phố Thủ Đức', '02', 'UT01', 'KHMT'),
  ('SV0202', 'Lê Minh Hùng', '2000-09-27', 'Nam', 'Huyện 1', '01', 'UT01', 'KHLDL'),
  ('SV0203', 'Huỳnh Văn Hoa', '2001-02-25', 'Nam', 'Huyện 1', '01', 'UT01', 'KHMT'),
  ('SV0204', 'Phạm Thị Hùng', '2000-12-24', 'Nữ', 'Huyện 1', '01', 'UT01', 'CNTT_Nhat'),
  ('SV0205', 'Huỳnh Minh Cường', '2000-01-10', 'Nam', 'Huyện 1', '01', 'UT02', 'TMDT'),
  ('SV0206', 'Võ Thanh Hà', '2003-05-15', 'Nam', 'Huyện 1', '01', 'UT02', 'VMC'),
  ('SV0207', 'Hoàng Huy An', '2005-05-04', 'Nữ', 'Thành phố Thủ Đức', '02', 'UT02', 'ATTT'),
  ('SV0208', 'Phan Văn Bình', '2001-12-11', 'Nam', 'Huyện 1', '01', 'UT01', 'ATTT'),
  ('SV0209', 'Phan Mai Hùng', '2005-06-21', 'Nam', 'Thành phố Thủ Đức', '02', 'UT02', 'KHMT'),
  ('SV0210', 'Vũ Mai Linh', '2000-10-10', 'Nữ', 'Huyện 1', '01', 'UT01', 'VMC'),
  ('SV0211', 'Vũ Minh Mai', '2000-02-19', 'Nam', 'Huyện 1', '01', 'UT01', 'TTMT'),
  ('SV0212', 'Phạm Ngọc Hùng', '2005-02-22', 'Nữ', 'Thành phố Thủ Đức', '02', 'UT01', 'ATTT'),
  ('SV0213', 'Võ Thị Hùng', '2002-05-25', 'Nữ', 'Huyện 1', '01', 'UT01', 'ATTT'),
  ('SV0214', 'Phan Huy Hà', '2003-01-30', 'Nam', 'Thành phố Thủ Đức', '02', 'UT01', 'TTMT'),
  ('SV0215', 'Trần Mai Bình', '2002-06-13', 'Nữ', 'Huyện 1', '01', 'UT01', 'TTMT'),
  ('SV0216', 'Phạm Hữu Mai', '2000-03-04', 'Nữ', 'Huyện 1', '01', 'UT02', 'KTMT'),
  ('SV0217', 'Trần Anh An', '2003-04-30', 'Nam', 'Thành phố Thủ Đức', '02', 'UT01', 'TTMT'),
  ('SV0218', 'Võ Huy Hoa', '2002-04-15', 'Nữ', 'Thành phố Thủ Đức', '02', 'UT01', 'CNTT'),
  ('SV0219', 'Trần Thanh Hùng', '2003-06-11', 'Nữ', 'Thành phố Thủ Đức', '02', 'UT02', 'CNTT_Nhat'),
  ('SV0220', 'Võ Ngọc Hùng', '2001-05-03', 'Nam', 'Thành phố Thủ Đức', '02', 'UT01', 'KHMT'),
  ('SV0221', 'Trần Ngọc Hà', '2004-03-05', 'Nam', 'Thành phố Thủ Đức', '02', 'UT01', 'VMC'),
  ('SV0222', 'Trần Quang Hùng', '2004-06-16', 'Nam', 'Huyện 1', '01', 'UT02', 'TTMT'),
  ('SV0223', 'Huỳnh Hữu Bình', '2002-07-14', 'Nam', 'Huyện 1', '01', 'UT01', 'CNTT_Nhat'),
  ('SV0224', 'Nguyễn Ngọc Hà', '2005-03-27', 'Nam', 'Thành phố Thủ Đức', '02', 'UT01', 'KHMT'),
  ('SV0225', 'Phan Anh Hoa', '2003-03-27', 'Nữ', 'Huyện 1', '01', 'UT01', 'KHLDL'),
  ('SV0226', 'Võ Hữu Long', '2005-10-05', 'Nữ', 'Thành phố Thủ Đức', '02', 'UT01', 'KTMT'),
  ('SV0227', 'Đặng Hữu Bình', '2005-10-20', 'Nữ', 'Thành phố Thủ Đức', '02', 'UT01', 'CNTT'),
  ('SV0228', 'Đặng Thị Dũng', '2000-11-28', 'Nữ', 'Huyện 1', '01', 'UT02', 'HTTT'),
  ('SV0229', 'Lê Huy Linh', '2000-12-16', 'Nữ', 'Thành phố Thủ Đức', '02', 'UT02', 'CNTT_Nhat'),
  ('SV0230', 'Phạm Anh Hà', '2005-10-07', 'Nữ', 'Huyện 1', '01', 'UT02', 'KTPM'),
  ('SV0231', 'Hoàng Thanh An', '2002-10-03', 'Nữ', 'Huyện 1', '01', 'UT02', 'TMDT'),
  ('SV0232', 'Hoàng Anh Khánh', '2001-09-01', 'Nam', 'Thành phố Thủ Đức', '02', 'UT02', 'TMDT'),
  ('SV0233', 'Vũ Thị Cường', '2000-02-11', 'Nữ', 'Thành phố Thủ Đức', '02', 'UT01', 'KTMT'),
  ('SV0234', 'Vũ Ngọc Hà', '2002-11-12', 'Nam', 'Thành phố Thủ Đức', '02', 'UT02', 'KHLDL'),
  ('SV0235', 'Hoàng Hữu Linh', '2005-07-21', 'Nữ', 'Huyện 1', '01', 'UT02', 'CNTT'),
  ('SV0236', 'Vũ Mai Linh', '2003-03-17', 'Nữ', 'Huyện 1', '01', 'UT01', 'TMDT'),
  ('SV0237', 'Huỳnh Mai Bình', '2005-09-17', 'Nam', 'Huyện 1', '01', 'UT02', 'TMDT'),
  ('SV0238', 'Phan Mai Long', '2004-09-29', 'Nam', 'Thành phố Thủ Đức', '02', 'UT01', 'HTTT'),
  ('SV0239', 'Trần Thanh Linh', '2002-09-01', 'Nữ', 'Thành phố Thủ Đức', '02', 'UT01', 'KHLDL'),
  ('SV0240', 'Phan Ngọc Cường', '2001-12-16', 'Nam', 'Huyện 1', '01', 'UT02', 'TTNT'),
  ('SV0241', 'Trần Huy Hà', '2004-07-10', 'Nữ', 'Huyện 1', '01', 'UT01', 'CNTT_Nhat'),
  ('SV0242', 'Đặng Huy Long', '2005-07-20', 'Nam', 'Huyện 1', '01', 'UT01', 'HTTT'),
  ('SV0243', 'Phạm Quang Khánh', '2000-09-08', 'Nam', 'Huyện 1', '01', 'UT01', 'CNTT_Nhat'),
  ('SV0244', 'Phan Ngọc Long', '2003-06-09', 'Nam', 'Thành phố Thủ Đức', '02', 'UT01', 'CNTT'),
  ('SV0245', 'Võ Minh An', '2005-04-15', 'Nam', 'Thành phố Thủ Đức', '02', 'UT02', 'KTPM'),
  ('SV0246', 'Hoàng Minh Long', '2004-04-20', 'Nam', 'Thành phố Thủ Đức', '02', 'UT01', 'TTMT'),
  ('SV0247', 'Lê Thanh Mai', '2004-01-18', 'Nữ', 'Thành phố Thủ Đức', '02', 'UT02', 'CNTT'),
  ('SV0248', 'Nguyễn Ngọc Cường', '2000-03-14', 'Nữ', 'Thành phố Thủ Đức', '02', 'UT02', 'KHMT'),
  ('SV0249', 'Hoàng Anh Bình', '2004-11-24', 'Nữ', 'Huyện 1', '01', 'UT02', 'HTTT'),
  ('SV0250', 'Vũ Huy Khánh', '2005-08-31', 'Nữ', 'Huyện 1', '01', 'UT01', 'KTMT'),
  ('SV0251', 'Võ Văn Hùng', '2001-10-08', 'Nam', 'Huyện 1', '01', 'UT01', 'KHMT'),
  ('SV0252', 'Hoàng Văn Hùng', '2002-09-16', 'Nữ', 'Huyện 1', '01', 'UT02', 'KHMT'),
  ('SV0253', 'Phạm Ngọc Bình', '2005-09-28', 'Nữ', 'Thành phố Thủ Đức', '02', 'UT01', 'VMC'),
  ('SV0254', 'Nguyễn Thanh Dũng', '2005-03-30', 'Nam', 'Thành phố Thủ Đức', '02', 'UT01', 'TMDT'),
  ('SV0255', 'Đặng Hữu Hoa', '2002-07-13', 'Nữ', 'Huyện 1', '01', 'UT02', 'TTNT'),
  ('SV0256', 'Lê Minh Khánh', '2003-12-14', 'Nữ', 'Thành phố Thủ Đức', '02', 'UT01', 'HTTT'),
  ('SV0257', 'Phan Thanh Mai', '2000-01-03', 'Nữ', 'Thành phố Thủ Đức', '02', 'UT02', 'ATTT'),
  ('SV0258', 'Phạm Thị Dũng', '2005-11-30', 'Nam', 'Thành phố Thủ Đức', '02', 'UT01', 'KTPM'),
  ('SV0259', 'Lê Thanh Cường', '2005-03-17', 'Nữ', 'Thành phố Thủ Đức', '02', 'UT02', 'KHLDL'),
  ('SV0260', 'Đặng Quang Mai', '2001-04-11', 'Nữ', 'Huyện 1', '01', 'UT02', 'KHMT'),
  ('SV0261', 'Hoàng Hữu Linh', '2001-05-20', 'Nam', 'Huyện 1', '01', 'UT02', 'HTTT'),
  ('SV0262', 'Phạm Hữu Cường', '2005-04-08', 'Nam', 'Huyện 1', '01', 'UT02', 'TTNT'),
  ('SV0263', 'Nguyễn Minh Mai', '2000-12-06', 'Nam', 'Thành phố Thủ Đức', '02', 'UT01', 'ATTT'),
  ('SV0264', 'Phan Anh Mai', '2000-01-07', 'Nữ', 'Huyện 1', '01', 'UT01', 'HTTT'),
  ('SV0265', 'Đặng Minh Long', '2005-02-20', 'Nữ', 'Thành phố Thủ Đức', '02', 'UT02', 'TMDT'),
  ('SV0266', 'Trần Văn Hà', '2004-03-19', 'Nữ', 'Thành phố Thủ Đức', '02', 'UT01', 'VMC'),
  ('SV0267', 'Vũ Huy Dũng', '2005-04-29', 'Nam', 'Huyện 1', '01', 'UT02', 'HTTT'),
  ('SV0268', 'Võ Quang Khánh', '2003-04-11', 'Nam', 'Huyện 1', '01', 'UT02', 'TTMT'),
  ('SV0269', 'Phan Ngọc Long', '2000-01-16', 'Nữ', 'Thành phố Thủ Đức', '02', 'UT01', 'TTNT'),
  ('SV0270', 'Lê Minh Mai', '2003-11-07', 'Nữ', 'Huyện 1', '01', 'UT02', 'TTNT'),
  ('SV0271', 'Đặng Minh Long', '2005-09-30', 'Nam', 'Huyện 1', '01', 'UT02', 'KTPM'),
  ('SV0272', 'Nguyễn Quang Linh', '2004-03-16', 'Nam', 'Thành phố Thủ Đức', '02', 'UT02', 'TMDT'),
  ('SV0273', 'Trần Thị Linh', '2005-08-10', 'Nam', 'Huyện 1', '01', 'UT01', 'TTMT'),
  ('SV0274', 'Võ Thị Hoa', '2002-10-10', 'Nam', 'Huyện 1', '01', 'UT02', 'KTPM'),
  ('SV0275', 'Đặng Minh Long', '2005-08-12', 'Nam', 'Thành phố Thủ Đức', '02', 'UT02', 'ATTT'),
  ('SV0276', 'Trần Mai Dũng', '2003-09-20', 'Nữ', 'Thành phố Thủ Đức', '02', 'UT02', 'KHLDL'),
  ('SV0277', 'Phan Huy Khánh', '2002-02-15', 'Nữ', 'Huyện 1', '01', 'UT01', 'TTNT'),
  ('SV0278', 'Nguyễn Thị Hùng', '2000-04-21', 'Nữ', 'Thành phố Thủ Đức', '02', 'UT02', 'KHMT'),
  ('SV0279', 'Hoàng Văn Hùng', '2000-10-10', 'Nữ', 'Huyện 1', '01', 'UT01', 'KTPM'),
  ('SV0280', 'Vũ Mai Dũng', '2001-10-22', 'Nữ', 'Huyện 1', '01', 'UT02', 'HTTT'),
  ('SV0281', 'Huỳnh Huy Mai', '2003-09-24', 'Nữ', 'Thành phố Thủ Đức', '02', 'UT01', 'TMDT'),
  ('SV0282', 'Nguyễn Quang Mai', '2000-02-10', 'Nam', 'Thành phố Thủ Đức', '02', 'UT01', 'KTMT'),
  ('SV0283', 'Huỳnh Mai Linh', '2000-06-18', 'Nam', 'Huyện 1', '01', 'UT01', 'CNTT_Nhat'),
  ('SV0284', 'Phạm Quang Hoa', '2002-06-10', 'Nữ', 'Thành phố Thủ Đức', '02', 'UT01', 'CNTT'),
  ('SV0285', 'Huỳnh Thanh Hùng', '2005-07-30', 'Nữ', 'Thành phố Thủ Đức', '02', 'UT02', 'CNTT_Nhat'),
  ('SV0286', 'Vũ Mai Dũng', '2000-07-05', 'Nam', 'Huyện 1', '01', 'UT02', 'HTTT'),
  ('SV0287', 'Phan Huy Khánh', '2003-12-28', 'Nam', 'Thành phố Thủ Đức', '02', 'UT01', 'KHLDL'),
  ('SV0288', 'Phan Thị Cường', '2003-06-15', 'Nam', 'Huyện 1', '01', 'UT01', 'CNTT'),
  ('SV0289', 'Trần Văn Khánh', '2003-05-17', 'Nữ', 'Huyện 1', '01', 'UT01', 'KTPM'),
  ('SV0290', 'Lê Minh An', '2002-04-26', 'Nam', 'Huyện 1', '01', 'UT01', 'CNTT_Nhat'),
  ('SV0291', 'Huỳnh Anh Hùng', '2002-08-21', 'Nam', 'Huyện 1', '01', 'UT02', 'VMC'),
  ('SV0292', 'Nguyễn Huy Cường', '2004-04-03', 'Nam', 'Thành phố Thủ Đức', '02', 'UT01', 'KHMT'),
  ('SV0293', 'Võ Mai Hùng', '2003-05-03', 'Nam', 'Huyện 1', '01', 'UT02', 'KHMT'),
  ('SV0294', 'Nguyễn Thanh Hoa', '2001-08-20', 'Nam', 'Thành phố Thủ Đức', '02', 'UT01', 'TMDT'),
  ('SV0295', 'Huỳnh Minh Mai', '2002-11-29', 'Nữ', 'Huyện 1', '01', 'UT02', 'CNTT'),
  ('SV0296', 'Hoàng Minh Hà', '2000-12-25', 'Nữ', 'Huyện 1', '01', 'UT01', 'CNTT_Nhat'),
  ('SV0297', 'Võ Ngọc Mai', '2002-05-20', 'Nữ', 'Thành phố Thủ Đức', '02', 'UT01', 'KTPM'),
  ('SV0298', 'Hoàng Hữu Long', '2004-12-09', 'Nam', 'Thành phố Thủ Đức', '02', 'UT02', 'KHLDL'),
  ('SV0299', 'Hoàng Văn Hùng', '2004-09-14', 'Nữ', 'Huyện 1', '01', 'UT02', 'KTMT'),
  ('SV0300', 'Phan Quang Khánh', '2002-03-05', 'Nam', 'Thành phố Thủ Đức', '02', 'UT02', 'ATTT');

INSERT INTO SINHVIEN (MaSoSinhVien, HoTen, NgaySinh, GioiTinh, QueQuan, MaHuyen, MaDoiTuongUT, MaNganh) VALUES
  ('SV0301', 'Phạm Thị Hoa', '2004-03-11', 'Nam', 'Thành phố Thủ Đức', '02', 'UT02', 'ATTT'),
  ('SV0302', 'Hoàng Anh Hoa', '2005-06-25', 'Nữ', 'Thành phố Thủ Đức', '02', 'UT01', 'HTTT'),
  ('SV0303', 'Phan Thanh Long', '2004-11-25', 'Nữ', 'Huyện 1', '01', 'UT01', 'ATTT'),
  ('SV0304', 'Phạm Thị Long', '2003-09-17', 'Nam', 'Huyện 1', '01', 'UT01', 'TMDT'),
  ('SV0305', 'Phan Mai Cường', '2001-03-25', 'Nữ', 'Thành phố Thủ Đức', '02', 'UT02', 'CNTT_Nhat'),
  ('SV0306', 'Phan Ngọc Hà', '2002-01-12', 'Nữ', 'Thành phố Thủ Đức', '02', 'UT01', 'CNTT_Nhat'),
  ('SV0307', 'Đặng Hữu Hà', '2000-06-06', 'Nam', 'Huyện 1', '01', 'UT02', 'HTTT'),
  ('SV0308', 'Vũ Huy Linh', '2001-03-20', 'Nam', 'Thành phố Thủ Đức', '02', 'UT02', 'TMDT'),
  ('SV0309', 'Phan Mai Linh', '2005-10-13', 'Nữ', 'Huyện 1', '01', 'UT01', 'HTTT'),
  ('SV0310', 'Nguyễn Văn Hùng', '2002-05-09', 'Nam', 'Huyện 1', '01', 'UT01', 'KHLDL'),
  ('SV0311', 'Nguyễn Mai Khánh', '2000-04-10', 'Nữ', 'Huyện 1', '01', 'UT02', 'KHLDL'),
  ('SV0312', 'Võ Hữu Long', '2003-10-11', 'Nam', 'Huyện 1', '01', 'UT01', 'KTPM'),
  ('SV0313', 'Võ Minh Khánh', '2002-08-28', 'Nam', 'Huyện 1', '01', 'UT02', 'TMDT'),
  ('SV0314', 'Hoàng Mai Hà', '2005-09-11', 'Nữ', 'Thành phố Thủ Đức', '02', 'UT02', 'ATTT'),
  ('SV0315', 'Trần Anh Linh', '2000-02-20', 'Nam', 'Thành phố Thủ Đức', '02', 'UT01', 'KHLDL'),
  ('SV0316', 'Nguyễn Minh Mai', '2003-02-28', 'Nam', 'Thành phố Thủ Đức', '02', 'UT02', 'ATTT'),
  ('SV0317', 'Huỳnh Mai Long', '2001-07-06', 'Nữ', 'Huyện 1', '01', 'UT02', 'CNTT_Nhat'),
  ('SV0318', 'Phạm Huy Hùng', '2002-05-20', 'Nam', 'Huyện 1', '01', 'UT01', 'HTTT'),
  ('SV0319', 'Hoàng Thanh An', '2004-07-21', 'Nam', 'Thành phố Thủ Đức', '02', 'UT02', 'TMDT'),
  ('SV0320', 'Lê Mai An', '2000-04-07', 'Nam', 'Huyện 1', '01', 'UT02', 'KHMT'),
  ('SV0321', 'Lê Minh Hà', '2000-03-29', 'Nữ', 'Huyện 1', '01', 'UT01', 'CNTT'),
  ('SV0322', 'Đặng Thanh Mai', '2005-08-16', 'Nam', 'Huyện 1', '01', 'UT02', 'KHMT'),
  ('SV0323', 'Đặng Văn An', '2001-12-08', 'Nam', 'Thành phố Thủ Đức', '02', 'UT01', 'CNTT_Nhat'),
  ('SV0324', 'Vũ Minh Hà', '2000-10-07', 'Nữ', 'Thành phố Thủ Đức', '02', 'UT01', 'TMDT'),
  ('SV0325', 'Trần Thanh Cường', '2004-04-13', 'Nữ', 'Thành phố Thủ Đức', '02', 'UT01', 'KTMT'),
  ('SV0326', 'Nguyễn Anh Khánh', '2004-08-04', 'Nữ', 'Huyện 1', '01', 'UT02', 'TMDT'),
  ('SV0327', 'Võ Văn Dũng', '2004-09-25', 'Nam', 'Thành phố Thủ Đức', '02', 'UT01', 'CNTT_Nhat'),
  ('SV0328', 'Vũ Minh Long', '2001-06-19', 'Nam', 'Huyện 1', '01', 'UT01', 'CNTT'),
  ('SV0329', 'Vũ Văn Long', '2000-08-31', 'Nữ', 'Thành phố Thủ Đức', '02', 'UT02', 'CNTT'),
  ('SV0330', 'Phạm Thanh Hà', '2002-08-03', 'Nữ', 'Thành phố Thủ Đức', '02', 'UT02', 'KHLDL'),
  ('SV0331', 'Trần Quang Bình', '2003-09-20', 'Nam', 'Huyện 1', '01', 'UT02', 'VMC'),
  ('SV0332', 'Hoàng Ngọc Khánh', '2003-07-26', 'Nữ', 'Huyện 1', '01', 'UT02', 'KHLDL'),
  ('SV0333', 'Phạm Văn Cường', '2001-04-18', 'Nữ', 'Huyện 1', '01', 'UT01', 'TTMT'),
  ('SV0334', 'Hoàng Huy Hùng', '2003-06-12', 'Nam', 'Thành phố Thủ Đức', '02', 'UT01', 'CNTT_Nhat'),
  ('SV0335', 'Võ Quang An', '2005-02-01', 'Nữ', 'Huyện 1', '01', 'UT02', 'CNTT'),
  ('SV0336', 'Phan Minh Hà', '2004-05-09', 'Nữ', 'Thành phố Thủ Đức', '02', 'UT01', 'TTNT'),
  ('SV0337', 'Huỳnh Văn Hà', '2001-08-25', 'Nam', 'Thành phố Thủ Đức', '02', 'UT01', 'VMC'),
  ('SV0338', 'Huỳnh Văn Khánh', '2004-09-21', 'Nam', 'Huyện 1', '01', 'UT01', 'KTPM'),
  ('SV0339', 'Huỳnh Văn Hà', '2000-06-25', 'Nam', 'Huyện 1', '01', 'UT02', 'KHLDL'),
  ('SV0340', 'Huỳnh Huy Khánh', '2003-08-20', 'Nam', 'Thành phố Thủ Đức', '02', 'UT01', 'KTPM'),
  ('SV0341', 'Hoàng Ngọc Linh', '2005-09-01', 'Nữ', 'Thành phố Thủ Đức', '02', 'UT02', 'KHLDL'),
  ('SV0342', 'Đặng Anh Hoa', '2003-05-28', 'Nữ', 'Huyện 1', '01', 'UT02', 'VMC'),
  ('SV0343', 'Đặng Thanh Bình', '2000-01-18', 'Nam', 'Huyện 1', '01', 'UT02', 'KTMT'),
  ('SV0344', 'Phạm Hữu Mai', '2004-04-05', 'Nam', 'Huyện 1', '01', 'UT01', 'ATTT'),
  ('SV0345', 'Đặng Thanh Hoa', '2000-02-25', 'Nữ', 'Thành phố Thủ Đức', '02', 'UT02', 'VMC'),
  ('SV0346', 'Vũ Ngọc Bình', '2004-05-26', 'Nữ', 'Huyện 1', '01', 'UT01', 'CNTT'),
  ('SV0347', 'Trần Minh Hùng', '2002-12-14', 'Nữ', 'Huyện 1', '01', 'UT01', 'HTTT'),
  ('SV0348', 'Trần Minh Linh', '2002-02-26', 'Nữ', 'Thành phố Thủ Đức', '02', 'UT02', 'TMDT'),
  ('SV0349', 'Huỳnh Thanh Cường', '2000-03-09', 'Nam', 'Thành phố Thủ Đức', '02', 'UT02', 'HTTT'),
  ('SV0350', 'Lê Thanh An', '2004-09-09', 'Nam', 'Thành phố Thủ Đức', '02', 'UT02', 'HTTT'),
  ('SV0351', 'Võ Thanh Bình', '2005-04-29', 'Nam', 'Thành phố Thủ Đức', '02', 'UT02', 'KHMT'),
  ('SV0352', 'Phạm Thị An', '2003-04-25', 'Nữ', 'Huyện 1', '01', 'UT01', 'KHLDL'),
  ('SV0353', 'Võ Thị Mai', '2002-04-06', 'Nữ', 'Huyện 1', '01', 'UT02', 'HTTT'),
  ('SV0354', 'Vũ Anh Dũng', '2001-05-11', 'Nữ', 'Thành phố Thủ Đức', '02', 'UT02', 'VMC'),
  ('SV0355', 'Nguyễn Thanh Hà', '2005-07-01', 'Nam', 'Huyện 1', '01', 'UT01', 'TTNT'),
  ('SV0356', 'Nguyễn Hữu Linh', '2004-04-20', 'Nam', 'Thành phố Thủ Đức', '02', 'UT01', 'VMC'),
  ('SV0357', 'Huỳnh Huy Khánh', '2001-03-23', 'Nam', 'Thành phố Thủ Đức', '02', 'UT01', 'CNTT_Nhat'),
  ('SV0358', 'Đặng Mai Hùng', '2003-05-06', 'Nữ', 'Thành phố Thủ Đức', '02', 'UT02', 'ATTT'),
  ('SV0359', 'Hoàng Mai Bình', '2005-11-01', 'Nam', 'Thành phố Thủ Đức', '02', 'UT01', 'KTPM'),
  ('SV0360', 'Phạm Văn Mai', '2005-02-03', 'Nữ', 'Huyện 1', '01', 'UT02', 'CNTT'),
  ('SV0361', 'Trần Quang Linh', '2003-09-30', 'Nữ', 'Thành phố Thủ Đức', '02', 'UT02', 'TMDT'),
  ('SV0362', 'Võ Minh Mai', '2002-02-14', 'Nam', 'Thành phố Thủ Đức', '02', 'UT02', 'HTTT'),
  ('SV0363', 'Võ Huy Dũng', '2001-06-22', 'Nữ', 'Huyện 1', '01', 'UT01', 'HTTT'),
  ('SV0364', 'Huỳnh Anh Linh', '2002-12-26', 'Nam', 'Huyện 1', '01', 'UT01', 'HTTT'),
  ('SV0365', 'Phan Mai Hoa', '2000-06-30', 'Nam', 'Thành phố Thủ Đức', '02', 'UT01', 'VMC'),
  ('SV0366', 'Nguyễn Mai An', '2005-03-25', 'Nam', 'Thành phố Thủ Đức', '02', 'UT02', 'CNTT'),
  ('SV0367', 'Võ Mai Bình', '2003-02-12', 'Nam', 'Thành phố Thủ Đức', '02', 'UT02', 'CNTT_Nhat'),
  ('SV0368', 'Võ Huy An', '2005-08-25', 'Nam', 'Thành phố Thủ Đức', '02', 'UT01', 'ATTT'),
  ('SV0369', 'Hoàng Quang Hùng', '2002-11-21', 'Nam', 'Huyện 1', '01', 'UT02', 'CNTT_Nhat'),
  ('SV0370', 'Hoàng Quang Hoa', '2005-08-16', 'Nam', 'Thành phố Thủ Đức', '02', 'UT02', 'CNTT_Nhat'),
  ('SV0371', 'Đặng Mai Hoa', '2005-08-31', 'Nam', 'Huyện 1', '01', 'UT02', 'TMDT'),
  ('SV0372', 'Trần Anh An', '2002-07-16', 'Nam', 'Thành phố Thủ Đức', '02', 'UT02', 'CNTT_Nhat'),
  ('SV0373', 'Hoàng Anh Bình', '2001-06-28', 'Nữ', 'Thành phố Thủ Đức', '02', 'UT01', 'KHLDL'),
  ('SV0374', 'Trần Minh Hùng', '2003-01-13', 'Nam', 'Huyện 1', '01', 'UT02', 'VMC'),
  ('SV0375', 'Nguyễn Ngọc Mai', '2001-04-09', 'Nữ', 'Huyện 1', '01', 'UT02', 'KHLDL'),
  ('SV0376', 'Hoàng Thị Linh', '2003-10-24', 'Nam', 'Thành phố Thủ Đức', '02', 'UT01', 'ATTT'),
  ('SV0377', 'Hoàng Văn An', '2002-10-06', 'Nam', 'Huyện 1', '01', 'UT01', 'KTPM'),
  ('SV0378', 'Nguyễn Mai Long', '2002-05-18', 'Nữ', 'Huyện 1', '01', 'UT02', 'KHMT'),
  ('SV0379', 'Đặng Huy Linh', '2004-09-06', 'Nữ', 'Huyện 1', '01', 'UT01', 'KTMT'),
  ('SV0380', 'Lê Ngọc Linh', '2004-10-20', 'Nam', 'Thành phố Thủ Đức', '02', 'UT02', 'KHLDL'),
  ('SV0381', 'Huỳnh Thanh Cường', '2003-09-03', 'Nữ', 'Thành phố Thủ Đức', '02', 'UT02', 'TTMT'),
  ('SV0382', 'Trần Anh An', '2002-04-01', 'Nam', 'Huyện 1', '01', 'UT02', 'TMDT'),
  ('SV0383', 'Phạm Mai Bình', '2005-04-10', 'Nữ', 'Huyện 1', '01', 'UT02', 'TTMT'),
  ('SV0384', 'Phạm Thanh Dũng', '2005-11-02', 'Nam', 'Thành phố Thủ Đức', '02', 'UT01', 'KTMT'),
  ('SV0385', 'Phan Thanh An', '2005-07-10', 'Nam', 'Thành phố Thủ Đức', '02', 'UT02', 'TMDT'),
  ('SV0386', 'Trần Anh Mai', '2004-07-21', 'Nữ', 'Thành phố Thủ Đức', '02', 'UT02', 'TTNT'),
  ('SV0387', 'Phan Thị Cường', '2003-09-01', 'Nữ', 'Thành phố Thủ Đức', '02', 'UT02', 'KHLDL'),
  ('SV0388', 'Hoàng Minh An', '2003-12-21', 'Nữ', 'Huyện 1', '01', 'UT02', 'KTPM'),
  ('SV0389', 'Vũ Anh Hoa', '2004-07-02', 'Nam', 'Thành phố Thủ Đức', '02', 'UT01', 'TTMT'),
  ('SV0390', 'Trần Thị Hoa', '2004-06-08', 'Nữ', 'Huyện 1', '01', 'UT02', 'KTPM'),
  ('SV0391', 'Võ Minh Long', '2005-12-08', 'Nam', 'Huyện 1', '01', 'UT02', 'TTMT'),
  ('SV0392', 'Phan Văn Linh', '2004-12-05', 'Nữ', 'Huyện 1', '01', 'UT02', 'HTTT'),
  ('SV0393', 'Hoàng Quang Hoa', '2001-06-26', 'Nữ', 'Huyện 1', '01', 'UT01', 'KTMT'),
  ('SV0394', 'Nguyễn Quang Hà', '2004-08-07', 'Nam', 'Thành phố Thủ Đức', '02', 'UT02', 'VMC'),
  ('SV0395', 'Nguyễn Văn Hà', '2005-09-23', 'Nữ', 'Thành phố Thủ Đức', '02', 'UT02', 'ATTT'),
  ('SV0396', 'Vũ Thanh Long', '2002-09-06', 'Nam', 'Thành phố Thủ Đức', '02', 'UT02', 'CNTT_Nhat'),
  ('SV0397', 'Huỳnh Ngọc Dũng', '2005-08-24', 'Nam', 'Thành phố Thủ Đức', '02', 'UT02', 'KHMT'),
  ('SV0398', 'Phạm Hữu Mai', '2005-02-18', 'Nữ', 'Huyện 1', '01', 'UT02', 'TTNT'),
  ('SV0399', 'Trần Huy Khánh', '2000-11-08', 'Nam', 'Thành phố Thủ Đức', '02', 'UT02', 'KHLDL'),
  ('SV0400', 'Trần Văn Cường', '2000-02-08', 'Nữ', 'Huyện 1', '01', 'UT02', 'TMDT');

INSERT INTO SINHVIEN (MaSoSinhVien, HoTen, NgaySinh, GioiTinh, QueQuan, MaHuyen, MaDoiTuongUT, MaNganh) VALUES
  ('SV0401', 'Võ Huy Linh', '2002-05-07', 'Nữ', 'Huyện 1', '01', 'UT02', 'CNTT'),
  ('SV0402', 'Vũ Huy An', '2003-09-07', 'Nam', 'Huyện 1', '01', 'UT02', 'CNTT'),
  ('SV0403', 'Lê Quang An', '2001-07-08', 'Nam', 'Huyện 1', '01', 'UT02', 'ATTT'),
  ('SV0404', 'Vũ Thanh Mai', '2003-05-30', 'Nam', 'Thành phố Thủ Đức', '02', 'UT02', 'KTPM'),
  ('SV0405', 'Trần Văn Hà', '2002-08-29', 'Nữ', 'Huyện 1', '01', 'UT02', 'CNTT'),
  ('SV0406', 'Phan Mai Hoa', '2000-10-03', 'Nữ', 'Huyện 1', '01', 'UT02', 'CNTT_Nhat'),
  ('SV0407', 'Huỳnh Minh Mai', '2005-07-07', 'Nữ', 'Thành phố Thủ Đức', '02', 'UT01', 'KHMT'),
  ('SV0408', 'Đặng Huy Khánh', '2001-04-22', 'Nữ', 'Huyện 1', '01', 'UT01', 'TMDT'),
  ('SV0409', 'Phạm Huy Long', '2001-02-03', 'Nữ', 'Thành phố Thủ Đức', '02', 'UT01', 'TTNT'),
  ('SV0410', 'Võ Huy Mai', '2004-07-26', 'Nữ', 'Huyện 1', '01', 'UT01', 'KHMT'),
  ('SV0411', 'Đặng Thị Dũng', '2002-09-06', 'Nam', 'Huyện 1', '01', 'UT02', 'HTTT'),
  ('SV0412', 'Lê Anh Khánh', '2005-02-25', 'Nữ', 'Thành phố Thủ Đức', '02', 'UT01', 'TMDT'),
  ('SV0413', 'Huỳnh Văn An', '2000-01-19', 'Nam', 'Huyện 1', '01', 'UT02', 'ATTT'),
  ('SV0414', 'Huỳnh Thị Long', '2002-01-24', 'Nam', 'Thành phố Thủ Đức', '02', 'UT02', 'KHMT'),
  ('SV0415', 'Hoàng Thị Hoa', '2005-09-29', 'Nam', 'Thành phố Thủ Đức', '02', 'UT02', 'KHMT'),
  ('SV0416', 'Hoàng Thanh Cường', '2000-10-19', 'Nữ', 'Huyện 1', '01', 'UT02', 'CNTT_Nhat'),
  ('SV0417', 'Nguyễn Hữu Hà', '2002-01-18', 'Nam', 'Thành phố Thủ Đức', '02', 'UT01', 'KHMT'),
  ('SV0418', 'Phan Ngọc Linh', '2001-08-11', 'Nam', 'Thành phố Thủ Đức', '02', 'UT02', 'TTMT'),
  ('SV0419', 'Nguyễn Ngọc Long', '2000-02-06', 'Nữ', 'Thành phố Thủ Đức', '02', 'UT01', 'TTMT'),
  ('SV0420', 'Võ Hữu Long', '2005-06-15', 'Nữ', 'Huyện 1', '01', 'UT01', 'KTMT'),
  ('SV0421', 'Vũ Ngọc Mai', '2001-12-30', 'Nam', 'Huyện 1', '01', 'UT01', 'CNTT'),
  ('SV0422', 'Phạm Thị Mai', '2002-08-18', 'Nữ', 'Thành phố Thủ Đức', '02', 'UT01', 'HTTT'),
  ('SV0423', 'Đặng Huy Hùng', '2001-09-17', 'Nam', 'Thành phố Thủ Đức', '02', 'UT02', 'TTMT'),
  ('SV0424', 'Lê Quang Hà', '2003-11-01', 'Nam', 'Thành phố Thủ Đức', '02', 'UT02', 'KTMT'),
  ('SV0425', 'Lê Thị Linh', '2001-02-17', 'Nữ', 'Huyện 1', '01', 'UT01', 'TTNT'),
  ('SV0426', 'Nguyễn Minh Long', '2002-01-17', 'Nam', 'Thành phố Thủ Đức', '02', 'UT02', 'CNTT'),
  ('SV0427', 'Huỳnh Mai Hoa', '2004-07-10', 'Nữ', 'Thành phố Thủ Đức', '02', 'UT01', 'HTTT'),
  ('SV0428', 'Võ Mai Long', '2000-07-03', 'Nữ', 'Huyện 1', '01', 'UT01', 'VMC'),
  ('SV0429', 'Trần Quang Cường', '2004-07-27', 'Nam', 'Thành phố Thủ Đức', '02', 'UT01', 'VMC'),
  ('SV0430', 'Phạm Hữu Bình', '2005-05-22', 'Nam', 'Huyện 1', '01', 'UT01', 'KHMT'),
  ('SV0431', 'Phan Ngọc Hùng', '2001-07-23', 'Nữ', 'Huyện 1', '01', 'UT01', 'TTNT'),
  ('SV0432', 'Nguyễn Anh Bình', '2005-10-02', 'Nam', 'Huyện 1', '01', 'UT01', 'ATTT'),
  ('SV0433', 'Võ Ngọc Long', '2000-11-05', 'Nam', 'Thành phố Thủ Đức', '02', 'UT02', 'HTTT'),
  ('SV0434', 'Võ Minh Khánh', '2003-01-22', 'Nam', 'Thành phố Thủ Đức', '02', 'UT01', 'CNTT'),
  ('SV0435', 'Phạm Thanh Hùng', '2001-01-13', 'Nam', 'Huyện 1', '01', 'UT02', 'KHLDL'),
  ('SV0436', 'Phạm Anh Hùng', '2000-05-10', 'Nam', 'Huyện 1', '01', 'UT02', 'TMDT'),
  ('SV0437', 'Phan Ngọc An', '2002-09-23', 'Nam', 'Huyện 1', '01', 'UT01', 'TMDT'),
  ('SV0438', 'Trần Thanh Hoa', '2004-01-14', 'Nữ', 'Thành phố Thủ Đức', '02', 'UT02', 'TTMT'),
  ('SV0439', 'Đặng Mai Khánh', '2002-03-09', 'Nữ', 'Thành phố Thủ Đức', '02', 'UT02', 'CNTT_Nhat'),
  ('SV0440', 'Vũ Ngọc Long', '2000-01-02', 'Nữ', 'Thành phố Thủ Đức', '02', 'UT02', 'ATTT'),
  ('SV0441', 'Lê Quang Linh', '2005-08-20', 'Nam', 'Thành phố Thủ Đức', '02', 'UT01', 'KTMT'),
  ('SV0442', 'Vũ Văn Hoa', '2000-06-27', 'Nữ', 'Huyện 1', '01', 'UT01', 'KTMT'),
  ('SV0443', 'Phạm Thanh Hoa', '2002-02-15', 'Nữ', 'Huyện 1', '01', 'UT01', 'ATTT'),
  ('SV0444', 'Đặng Thị Linh', '2000-08-14', 'Nam', 'Thành phố Thủ Đức', '02', 'UT01', 'ATTT'),
  ('SV0445', 'Lê Minh Hà', '2005-08-22', 'Nam', 'Thành phố Thủ Đức', '02', 'UT02', 'KHLDL'),
  ('SV0446', 'Võ Mai Hoa', '2001-01-28', 'Nam', 'Huyện 1', '01', 'UT01', 'CNTT'),
  ('SV0447', 'Trần Mai An', '2004-09-04', 'Nam', 'Thành phố Thủ Đức', '02', 'UT02', 'TTNT'),
  ('SV0448', 'Phạm Hữu Mai', '2003-05-16', 'Nữ', 'Huyện 1', '01', 'UT02', 'KHMT'),
  ('SV0449', 'Nguyễn Văn Dũng', '2005-12-24', 'Nam', 'Thành phố Thủ Đức', '02', 'UT02', 'HTTT'),
  ('SV0450', 'Huỳnh Quang Long', '2003-04-30', 'Nữ', 'Thành phố Thủ Đức', '02', 'UT02', 'KTMT'),
  ('SV0451', 'Hoàng Anh Khánh', '2005-08-06', 'Nam', 'Huyện 1', '01', 'UT01', 'CNTT'),
  ('SV0452', 'Hoàng Minh Bình', '2005-03-03', 'Nam', 'Huyện 1', '01', 'UT01', 'KTMT'),
  ('SV0453', 'Vũ Văn Cường', '2002-08-07', 'Nam', 'Huyện 1', '01', 'UT02', 'TTMT'),
  ('SV0454', 'Võ Minh Hà', '2005-04-01', 'Nữ', 'Thành phố Thủ Đức', '02', 'UT02', 'VMC'),
  ('SV0455', 'Phan Huy Hà', '2002-03-10', 'Nữ', 'Huyện 1', '01', 'UT02', 'CNTT'),
  ('SV0456', 'Lê Quang Hoa', '2002-08-05', 'Nam', 'Thành phố Thủ Đức', '02', 'UT01', 'KTMT'),
  ('SV0457', 'Nguyễn Văn Cường', '2001-07-31', 'Nam', 'Huyện 1', '01', 'UT02', 'VMC'),
  ('SV0458', 'Lê Quang Bình', '2001-03-21', 'Nữ', 'Thành phố Thủ Đức', '02', 'UT02', 'KTMT'),
  ('SV0459', 'Nguyễn Ngọc Mai', '2005-03-27', 'Nữ', 'Huyện 1', '01', 'UT01', 'KTPM'),
  ('SV0460', 'Huỳnh Mai Linh', '2003-04-29', 'Nữ', 'Huyện 1', '01', 'UT01', 'CNTT'),
  ('SV0461', 'Lê Anh Cường', '2002-10-10', 'Nữ', 'Thành phố Thủ Đức', '02', 'UT01', 'KTMT'),
  ('SV0462', 'Lê Anh Cường', '2005-08-21', 'Nam', 'Huyện 1', '01', 'UT02', 'CNTT'),
  ('SV0463', 'Lê Anh An', '2000-02-15', 'Nam', 'Thành phố Thủ Đức', '02', 'UT01', 'KTPM'),
  ('SV0464', 'Hoàng Văn Dũng', '2005-10-20', 'Nam', 'Huyện 1', '01', 'UT02', 'CNTT'),
  ('SV0465', 'Võ Thị Linh', '2005-03-16', 'Nữ', 'Thành phố Thủ Đức', '02', 'UT02', 'TTNT'),
  ('SV0466', 'Vũ Huy Mai', '2002-09-06', 'Nam', 'Thành phố Thủ Đức', '02', 'UT01', 'CNTT'),
  ('SV0467', 'Phan Thị Khánh', '2002-08-08', 'Nam', 'Thành phố Thủ Đức', '02', 'UT02', 'VMC'),
  ('SV0468', 'Phạm Thị Hà', '2005-01-16', 'Nam', 'Huyện 1', '01', 'UT02', 'TTMT'),
  ('SV0469', 'Huỳnh Ngọc An', '2000-10-02', 'Nam', 'Thành phố Thủ Đức', '02', 'UT01', 'TMDT'),
  ('SV0470', 'Lê Minh Mai', '2004-08-06', 'Nữ', 'Thành phố Thủ Đức', '02', 'UT02', 'KHLDL'),
  ('SV0471', 'Lê Mai Cường', '2002-10-01', 'Nữ', 'Huyện 1', '01', 'UT01', 'TTNT'),
  ('SV0472', 'Hoàng Văn Dũng', '2005-07-02', 'Nam', 'Thành phố Thủ Đức', '02', 'UT02', 'KHLDL'),
  ('SV0473', 'Huỳnh Thanh Dũng', '2001-02-22', 'Nữ', 'Thành phố Thủ Đức', '02', 'UT01', 'HTTT'),
  ('SV0474', 'Trần Hữu An', '2005-04-05', 'Nam', 'Huyện 1', '01', 'UT02', 'TTMT'),
  ('SV0475', 'Hoàng Huy Linh', '2005-10-26', 'Nam', 'Huyện 1', '01', 'UT01', 'ATTT'),
  ('SV0476', 'Lê Hữu Hoa', '2002-02-25', 'Nam', 'Huyện 1', '01', 'UT02', 'TMDT'),
  ('SV0477', 'Trần Mai An', '2002-07-09', 'Nam', 'Huyện 1', '01', 'UT01', 'HTTT'),
  ('SV0478', 'Võ Minh Linh', '2003-04-17', 'Nam', 'Huyện 1', '01', 'UT01', 'KHMT'),
  ('SV0479', 'Lê Mai Cường', '2003-12-22', 'Nữ', 'Huyện 1', '01', 'UT01', 'TTNT'),
  ('SV0480', 'Vũ Huy Khánh', '2003-06-21', 'Nữ', 'Thành phố Thủ Đức', '02', 'UT02', 'KTMT'),
  ('SV0481', 'Huỳnh Huy Cường', '2000-12-19', 'Nữ', 'Huyện 1', '01', 'UT01', 'CNTT'),
  ('SV0482', 'Trần Thanh An', '2003-03-08', 'Nam', 'Thành phố Thủ Đức', '02', 'UT02', 'ATTT'),
  ('SV0483', 'Vũ Văn An', '2002-02-26', 'Nữ', 'Thành phố Thủ Đức', '02', 'UT01', 'KHMT'),
  ('SV0484', 'Lê Huy Bình', '2004-04-18', 'Nữ', 'Huyện 1', '01', 'UT02', 'HTTT'),
  ('SV0485', 'Phạm Quang Cường', '2005-11-22', 'Nam', 'Huyện 1', '01', 'UT02', 'TTMT'),
  ('SV0486', 'Lê Hữu Hùng', '2001-11-15', 'Nam', 'Huyện 1', '01', 'UT01', 'TTNT'),
  ('SV0487', 'Đặng Huy Bình', '2001-02-14', 'Nữ', 'Thành phố Thủ Đức', '02', 'UT01', 'KTPM'),
  ('SV0488', 'Hoàng Mai An', '2004-02-12', 'Nam', 'Huyện 1', '01', 'UT01', 'CNTT'),
  ('SV0489', 'Phan Huy Bình', '2004-08-08', 'Nữ', 'Thành phố Thủ Đức', '02', 'UT02', 'ATTT'),
  ('SV0490', 'Nguyễn Văn Mai', '2005-04-06', 'Nam', 'Thành phố Thủ Đức', '02', 'UT01', 'TTMT'),
  ('SV0491', 'Phạm Ngọc Linh', '2002-04-19', 'Nữ', 'Thành phố Thủ Đức', '02', 'UT02', 'TTNT'),
  ('SV0492', 'Đặng Thanh Long', '2002-12-21', 'Nữ', 'Thành phố Thủ Đức', '02', 'UT02', 'KHMT'),
  ('SV0493', 'Hoàng Văn An', '2004-11-19', 'Nam', 'Huyện 1', '01', 'UT01', 'TMDT'),
  ('SV0494', 'Phan Huy An', '2001-06-24', 'Nữ', 'Huyện 1', '01', 'UT01', 'TMDT'),
  ('SV0495', 'Huỳnh Huy Cường', '2001-10-19', 'Nam', 'Huyện 1', '01', 'UT01', 'TTMT'),
  ('SV0496', 'Đặng Minh Dũng', '2001-05-23', 'Nam', 'Thành phố Thủ Đức', '02', 'UT02', 'CNTT'),
  ('SV0497', 'Phan Quang Khánh', '2001-07-29', 'Nữ', 'Huyện 1', '01', 'UT01', 'KHMT'),
  ('SV0498', 'Phan Văn Cường', '2003-08-13', 'Nam', 'Huyện 1', '01', 'UT02', 'HTTT'),
  ('SV0499', 'Vũ Hữu An', '2000-03-13', 'Nữ', 'Huyện 1', '01', 'UT02', 'KTMT'),
  ('SV0500', 'Vũ Văn Cường', '2005-10-06', 'Nam', 'Huyện 1', '01', 'UT02', 'TTMT');

INSERT INTO SINHVIEN (MaSoSinhVien, HoTen, NgaySinh, GioiTinh, QueQuan, MaHuyen, MaDoiTuongUT, MaNganh) VALUES
  ('SV0501', 'Phạm Anh Hùng', '2003-08-02', 'Nữ', 'Huyện 1', '01', 'UT01', 'KTMT'),
  ('SV0502', 'Đặng Văn Hùng', '2001-11-23', 'Nữ', 'Thành phố Thủ Đức', '02', 'UT01', 'VMC'),
  ('SV0503', 'Võ Ngọc Linh', '2005-05-29', 'Nam', 'Huyện 1', '01', 'UT01', 'KHLDL'),
  ('SV0504', 'Đặng Văn An', '2004-09-10', 'Nữ', 'Thành phố Thủ Đức', '02', 'UT01', 'KHMT'),
  ('SV0505', 'Phạm Thanh Khánh', '2000-03-01', 'Nữ', 'Huyện 1', '01', 'UT02', 'HTTT'),
  ('SV0506', 'Phan Huy Hoa', '2000-03-19', 'Nam', 'Thành phố Thủ Đức', '02', 'UT02', 'KTPM'),
  ('SV0507', 'Phan Huy An', '2001-01-11', 'Nam', 'Huyện 1', '01', 'UT01', 'TTMT'),
  ('SV0508', 'Hoàng Anh Dũng', '2005-03-31', 'Nữ', 'Thành phố Thủ Đức', '02', 'UT02', 'KHLDL'),
  ('SV0509', 'Đặng Quang Cường', '2003-01-26', 'Nữ', 'Huyện 1', '01', 'UT02', 'VMC'),
  ('SV0510', 'Nguyễn Minh Hoa', '2004-05-10', 'Nữ', 'Thành phố Thủ Đức', '02', 'UT02', 'HTTT'),
  ('SV0511', 'Nguyễn Anh Linh', '2001-12-14', 'Nam', 'Huyện 1', '01', 'UT02', 'KTMT'),
  ('SV0512', 'Võ Văn Bình', '2005-08-19', 'Nam', 'Thành phố Thủ Đức', '02', 'UT01', 'KHMT'),
  ('SV0513', 'Võ Anh Long', '2000-09-08', 'Nữ', 'Huyện 1', '01', 'UT02', 'TTMT'),
  ('SV0514', 'Hoàng Anh Bình', '2000-12-18', 'Nam', 'Huyện 1', '01', 'UT01', 'KHLDL'),
  ('SV0515', 'Nguyễn Minh Mai', '2001-04-19', 'Nữ', 'Thành phố Thủ Đức', '02', 'UT02', 'TTNT'),
  ('SV0516', 'Lê Hữu Mai', '2000-12-13', 'Nam', 'Huyện 1', '01', 'UT02', 'ATTT'),
  ('SV0517', 'Vũ Văn Linh', '2002-12-14', 'Nữ', 'Huyện 1', '01', 'UT01', 'KHLDL'),
  ('SV0518', 'Huỳnh Thanh Long', '2001-07-25', 'Nữ', 'Huyện 1', '01', 'UT01', 'KHMT'),
  ('SV0519', 'Nguyễn Quang Hoa', '2002-05-30', 'Nam', 'Huyện 1', '01', 'UT02', 'TTNT'),
  ('SV0520', 'Hoàng Minh Hùng', '2000-01-04', 'Nam', 'Huyện 1', '01', 'UT01', 'TMDT'),
  ('SV0521', 'Huỳnh Mai Dũng', '2002-06-20', 'Nam', 'Thành phố Thủ Đức', '02', 'UT02', 'KTPM'),
  ('SV0522', 'Trần Mai Dũng', '2001-06-10', 'Nữ', 'Thành phố Thủ Đức', '02', 'UT02', 'KTPM'),
  ('SV0523', 'Lê Huy Long', '2002-01-15', 'Nam', 'Huyện 1', '01', 'UT02', 'TTMT'),
  ('SV0524', 'Hoàng Mai Khánh', '2001-02-26', 'Nam', 'Thành phố Thủ Đức', '02', 'UT01', 'TTMT'),
  ('SV0525', 'Nguyễn Anh Linh', '2004-07-14', 'Nữ', 'Thành phố Thủ Đức', '02', 'UT01', 'KTPM'),
  ('SV0526', 'Trần Hữu Hà', '2002-03-07', 'Nam', 'Huyện 1', '01', 'UT02', 'KHMT'),
  ('SV0527', 'Trần Quang Cường', '2002-03-24', 'Nữ', 'Huyện 1', '01', 'UT02', 'TMDT'),
  ('SV0528', 'Lê Anh Hoa', '2002-11-02', 'Nữ', 'Thành phố Thủ Đức', '02', 'UT01', 'CNTT_Nhat'),
  ('SV0529', 'Trần Văn Mai', '2000-06-12', 'Nữ', 'Huyện 1', '01', 'UT01', 'CNTT'),
  ('SV0530', 'Vũ Mai Hùng', '2001-10-19', 'Nam', 'Thành phố Thủ Đức', '02', 'UT01', 'TTMT'),
  ('SV0531', 'Nguyễn Thị Hùng', '2004-10-10', 'Nữ', 'Huyện 1', '01', 'UT02', 'CNTT_Nhat'),
  ('SV0532', 'Võ Quang Dũng', '2003-06-24', 'Nữ', 'Huyện 1', '01', 'UT01', 'KTMT'),
  ('SV0533', 'Phan Văn An', '2001-07-23', 'Nữ', 'Thành phố Thủ Đức', '02', 'UT02', 'KTMT'),
  ('SV0534', 'Đặng Quang Long', '2002-02-26', 'Nữ', 'Huyện 1', '01', 'UT02', 'VMC'),
  ('SV0535', 'Huỳnh Quang Dũng', '2000-12-11', 'Nam', 'Huyện 1', '01', 'UT02', 'TMDT'),
  ('SV0536', 'Vũ Thị Hoa', '2002-03-30', 'Nữ', 'Huyện 1', '01', 'UT02', 'TMDT'),
  ('SV0537', 'Huỳnh Mai Dũng', '2000-10-28', 'Nam', 'Thành phố Thủ Đức', '02', 'UT01', 'CNTT'),
  ('SV0538', 'Phạm Thanh Hùng', '2003-08-11', 'Nam', 'Thành phố Thủ Đức', '02', 'UT02', 'KTMT'),
  ('SV0539', 'Phạm Mai Long', '2000-09-21', 'Nam', 'Huyện 1', '01', 'UT02', 'VMC'),
  ('SV0540', 'Trần Quang Mai', '2005-11-05', 'Nữ', 'Huyện 1', '01', 'UT02', 'KHLDL'),
  ('SV0541', 'Vũ Anh An', '2002-09-09', 'Nam', 'Thành phố Thủ Đức', '02', 'UT01', 'KTPM'),
  ('SV0542', 'Vũ Huy Hà', '2001-05-08', 'Nam', 'Huyện 1', '01', 'UT01', 'KHLDL'),
  ('SV0543', 'Nguyễn Hữu Bình', '2004-05-28', 'Nam', 'Thành phố Thủ Đức', '02', 'UT02', 'VMC'),
  ('SV0544', 'Phạm Văn Hoa', '2000-06-27', 'Nữ', 'Thành phố Thủ Đức', '02', 'UT02', 'TTMT'),
  ('SV0545', 'Lê Anh Hoa', '2003-03-07', 'Nam', 'Huyện 1', '01', 'UT02', 'VMC'),
  ('SV0546', 'Nguyễn Hữu Mai', '2002-12-03', 'Nam', 'Thành phố Thủ Đức', '02', 'UT01', 'KTMT'),
  ('SV0547', 'Trần Thanh Hùng', '2002-11-12', 'Nữ', 'Huyện 1', '01', 'UT02', 'KHLDL'),
  ('SV0548', 'Hoàng Quang Long', '2000-04-25', 'Nam', 'Thành phố Thủ Đức', '02', 'UT01', 'KTPM'),
  ('SV0549', 'Hoàng Văn Hoa', '2004-06-18', 'Nam', 'Huyện 1', '01', 'UT01', 'TTMT'),
  ('SV0550', 'Vũ Mai Bình', '2000-04-25', 'Nam', 'Huyện 1', '01', 'UT01', 'TTNT'),
  ('SV0551', 'Trần Văn An', '2005-02-17', 'Nữ', 'Thành phố Thủ Đức', '02', 'UT02', 'HTTT'),
  ('SV0552', 'Lê Ngọc Bình', '2005-07-16', 'Nam', 'Thành phố Thủ Đức', '02', 'UT02', 'HTTT'),
  ('SV0553', 'Lê Quang Hùng', '2004-04-27', 'Nữ', 'Huyện 1', '01', 'UT02', 'TTNT'),
  ('SV0554', 'Trần Thị Linh', '2005-06-20', 'Nam', 'Thành phố Thủ Đức', '02', 'UT01', 'TTMT'),
  ('SV0555', 'Trần Văn Cường', '2005-11-11', 'Nam', 'Huyện 1', '01', 'UT02', 'TTNT'),
  ('SV0556', 'Nguyễn Mai Linh', '2003-06-30', 'Nữ', 'Huyện 1', '01', 'UT01', 'TTNT'),
  ('SV0557', 'Nguyễn Hữu Long', '2004-08-21', 'Nam', 'Thành phố Thủ Đức', '02', 'UT01', 'VMC'),
  ('SV0558', 'Huỳnh Mai An', '2001-11-14', 'Nữ', 'Huyện 1', '01', 'UT01', 'KHLDL'),
  ('SV0559', 'Vũ Thanh Hà', '2000-02-23', 'Nữ', 'Huyện 1', '01', 'UT01', 'KHLDL'),
  ('SV0560', 'Vũ Anh Hùng', '2001-06-01', 'Nam', 'Thành phố Thủ Đức', '02', 'UT02', 'KTPM'),
  ('SV0561', 'Nguyễn Minh Mai', '2005-06-09', 'Nam', 'Thành phố Thủ Đức', '02', 'UT01', 'TTNT'),
  ('SV0562', 'Nguyễn Thị Hà', '2004-11-05', 'Nam', 'Thành phố Thủ Đức', '02', 'UT01', 'KTMT'),
  ('SV0563', 'Hoàng Thanh Hùng', '2000-08-30', 'Nam', 'Thành phố Thủ Đức', '02', 'UT02', 'ATTT'),
  ('SV0564', 'Lê Ngọc An', '2001-12-08', 'Nữ', 'Huyện 1', '01', 'UT01', 'CNTT_Nhat'),
  ('SV0565', 'Vũ Quang Hà', '2003-09-21', 'Nam', 'Huyện 1', '01', 'UT02', 'TTNT'),
  ('SV0566', 'Đặng Mai Dũng', '2003-01-19', 'Nữ', 'Thành phố Thủ Đức', '02', 'UT02', 'ATTT'),
  ('SV0567', 'Vũ Mai Bình', '2005-10-16', 'Nữ', 'Huyện 1', '01', 'UT02', 'KTPM'),
  ('SV0568', 'Phạm Văn An', '2004-08-19', 'Nữ', 'Huyện 1', '01', 'UT02', 'TTMT'),
  ('SV0569', 'Phan Minh Dũng', '2003-10-20', 'Nữ', 'Thành phố Thủ Đức', '02', 'UT01', 'KHMT'),
  ('SV0570', 'Lê Anh Hùng', '2000-11-05', 'Nữ', 'Huyện 1', '01', 'UT02', 'KTMT'),
  ('SV0571', 'Nguyễn Minh Dũng', '2003-08-25', 'Nữ', 'Thành phố Thủ Đức', '02', 'UT02', 'CNTT_Nhat'),
  ('SV0572', 'Nguyễn Huy Cường', '2000-05-15', 'Nữ', 'Huyện 1', '01', 'UT02', 'TTMT'),
  ('SV0573', 'Lê Anh Linh', '2002-07-12', 'Nữ', 'Thành phố Thủ Đức', '02', 'UT01', 'CNTT_Nhat'),
  ('SV0574', 'Nguyễn Quang Hà', '2004-07-12', 'Nam', 'Huyện 1', '01', 'UT01', 'KTMT'),
  ('SV0575', 'Võ Ngọc Mai', '2003-08-23', 'Nam', 'Thành phố Thủ Đức', '02', 'UT02', 'CNTT_Nhat'),
  ('SV0576', 'Trần Thanh An', '2005-12-20', 'Nữ', 'Huyện 1', '01', 'UT01', 'KHLDL'),
  ('SV0577', 'Hoàng Mai Dũng', '2003-05-09', 'Nữ', 'Huyện 1', '01', 'UT02', 'HTTT'),
  ('SV0578', 'Phạm Quang Hà', '2005-08-08', 'Nam', 'Huyện 1', '01', 'UT02', 'KHLDL'),
  ('SV0579', 'Nguyễn Ngọc An', '2001-07-11', 'Nữ', 'Huyện 1', '01', 'UT02', 'VMC'),
  ('SV0580', 'Lê Mai Dũng', '2004-05-20', 'Nữ', 'Thành phố Thủ Đức', '02', 'UT01', 'KTMT'),
  ('SV0581', 'Vũ Văn Mai', '2004-04-14', 'Nữ', 'Thành phố Thủ Đức', '02', 'UT02', 'VMC'),
  ('SV0582', 'Trần Thanh Linh', '2004-05-20', 'Nam', 'Huyện 1', '01', 'UT01', 'KHLDL'),
  ('SV0583', 'Phan Minh Cường', '2000-05-07', 'Nam', 'Thành phố Thủ Đức', '02', 'UT01', 'KHMT'),
  ('SV0584', 'Huỳnh Ngọc Hà', '2004-05-27', 'Nữ', 'Huyện 1', '01', 'UT02', 'TMDT'),
  ('SV0585', 'Phan Hữu Long', '2000-09-18', 'Nữ', 'Huyện 1', '01', 'UT01', 'TTNT'),
  ('SV0586', 'Phạm Văn Hà', '2004-07-02', 'Nữ', 'Huyện 1', '01', 'UT01', 'CNTT'),
  ('SV0587', 'Phạm Minh Linh', '2001-09-11', 'Nữ', 'Huyện 1', '01', 'UT01', 'KHLDL'),
  ('SV0588', 'Trần Anh Hoa', '2003-09-28', 'Nữ', 'Huyện 1', '01', 'UT02', 'KTMT'),
  ('SV0589', 'Trần Huy Bình', '2000-12-20', 'Nam', 'Thành phố Thủ Đức', '02', 'UT01', 'HTTT'),
  ('SV0590', 'Hoàng Anh Hoa', '2004-09-22', 'Nữ', 'Huyện 1', '01', 'UT02', 'KHMT'),
  ('SV0591', 'Vũ Mai Long', '2003-07-22', 'Nam', 'Huyện 1', '01', 'UT02', 'CNTT'),
  ('SV0592', 'Huỳnh Huy Linh', '2001-04-27', 'Nam', 'Thành phố Thủ Đức', '02', 'UT02', 'ATTT'),
  ('SV0593', 'Võ Thị Khánh', '2001-05-24', 'Nữ', 'Huyện 1', '01', 'UT01', 'KHMT'),
  ('SV0594', 'Trần Quang Khánh', '2005-04-10', 'Nam', 'Huyện 1', '01', 'UT02', 'TMDT'),
  ('SV0595', 'Trần Văn Long', '2003-12-23', 'Nữ', 'Huyện 1', '01', 'UT02', 'CNTT_Nhat'),
  ('SV0596', 'Trần Quang Mai', '2003-01-08', 'Nữ', 'Huyện 1', '01', 'UT01', 'KTPM'),
  ('SV0597', 'Đặng Anh Hà', '2001-07-30', 'Nữ', 'Thành phố Thủ Đức', '02', 'UT01', 'CNTT'),
  ('SV0598', 'Hoàng Quang Hùng', '2000-06-05', 'Nam', 'Thành phố Thủ Đức', '02', 'UT02', 'CNTT'),
  ('SV0599', 'Hoàng Huy Dũng', '2003-08-15', 'Nữ', 'Huyện 1', '01', 'UT01', 'KHLDL'),
  ('SV0600', 'Vũ Ngọc Dũng', '2000-05-19', 'Nam', 'Thành phố Thủ Đức', '02', 'UT01', 'VMC');

INSERT INTO SINHVIEN (MaSoSinhVien, HoTen, NgaySinh, GioiTinh, QueQuan, MaHuyen, MaDoiTuongUT, MaNganh) VALUES
  ('SV0601', 'Võ Anh Long', '2000-02-11', 'Nam', 'Huyện 1', '01', 'UT01', 'TMDT'),
  ('SV0602', 'Phạm Ngọc Hà', '2001-05-24', 'Nam', 'Thành phố Thủ Đức', '02', 'UT01', 'TTMT'),
  ('SV0603', 'Huỳnh Thanh Long', '2005-07-30', 'Nam', 'Huyện 1', '01', 'UT01', 'CNTT'),
  ('SV0604', 'Phan Mai Dũng', '2001-06-02', 'Nam', 'Huyện 1', '01', 'UT01', 'CNTT_Nhat'),
  ('SV0605', 'Phạm Anh Hoa', '2004-09-26', 'Nữ', 'Huyện 1', '01', 'UT01', 'KHMT'),
  ('SV0606', 'Phạm Quang An', '2003-09-20', 'Nam', 'Thành phố Thủ Đức', '02', 'UT01', 'KHLDL'),
  ('SV0607', 'Vũ Mai Dũng', '2002-11-13', 'Nữ', 'Thành phố Thủ Đức', '02', 'UT01', 'CNTT_Nhat'),
  ('SV0608', 'Hoàng Thị Khánh', '2004-03-12', 'Nữ', 'Huyện 1', '01', 'UT01', 'TMDT'),
  ('SV0609', 'Lê Văn Long', '2001-04-08', 'Nam', 'Huyện 1', '01', 'UT01', 'KTPM'),
  ('SV0610', 'Hoàng Minh Hoa', '2003-10-29', 'Nữ', 'Huyện 1', '01', 'UT01', 'ATTT'),
  ('SV0611', 'Nguyễn Quang Hoa', '2005-08-08', 'Nữ', 'Huyện 1', '01', 'UT02', 'KHLDL'),
  ('SV0612', 'Võ Thị An', '2000-04-18', 'Nam', 'Thành phố Thủ Đức', '02', 'UT02', 'KHMT'),
  ('SV0613', 'Lê Anh Cường', '2002-03-14', 'Nam', 'Thành phố Thủ Đức', '02', 'UT02', 'VMC'),
  ('SV0614', 'Vũ Quang Cường', '2004-04-08', 'Nữ', 'Huyện 1', '01', 'UT02', 'HTTT'),
  ('SV0615', 'Đặng Thanh Mai', '2004-09-08', 'Nữ', 'Huyện 1', '01', 'UT02', 'KTPM'),
  ('SV0616', 'Huỳnh Thị Hùng', '2005-08-30', 'Nam', 'Thành phố Thủ Đức', '02', 'UT01', 'CNTT_Nhat'),
  ('SV0617', 'Phạm Anh Linh', '2002-05-10', 'Nữ', 'Thành phố Thủ Đức', '02', 'UT01', 'ATTT'),
  ('SV0618', 'Võ Minh Bình', '2004-12-13', 'Nữ', 'Thành phố Thủ Đức', '02', 'UT02', 'KHLDL'),
  ('SV0619', 'Nguyễn Huy Cường', '2003-07-18', 'Nam', 'Thành phố Thủ Đức', '02', 'UT02', 'KHLDL'),
  ('SV0620', 'Lê Huy Long', '2005-06-22', 'Nam', 'Thành phố Thủ Đức', '02', 'UT02', 'VMC'),
  ('SV0621', 'Hoàng Huy Long', '2000-03-31', 'Nam', 'Huyện 1', '01', 'UT01', 'ATTT'),
  ('SV0622', 'Huỳnh Quang An', '2002-11-26', 'Nam', 'Huyện 1', '01', 'UT02', 'KTMT'),
  ('SV0623', 'Đặng Anh Dũng', '2005-04-21', 'Nam', 'Thành phố Thủ Đức', '02', 'UT01', 'CNTT'),
  ('SV0624', 'Vũ Huy Bình', '2004-10-23', 'Nữ', 'Huyện 1', '01', 'UT02', 'HTTT'),
  ('SV0625', 'Phạm Văn Cường', '2005-07-17', 'Nam', 'Thành phố Thủ Đức', '02', 'UT01', 'KHMT'),
  ('SV0626', 'Phạm Văn Hoa', '2001-05-18', 'Nam', 'Huyện 1', '01', 'UT01', 'TTNT'),
  ('SV0627', 'Lê Thị Hà', '2004-02-07', 'Nam', 'Huyện 1', '01', 'UT02', 'TTMT'),
  ('SV0628', 'Phan Anh Cường', '2004-07-16', 'Nam', 'Huyện 1', '01', 'UT01', 'TTMT'),
  ('SV0629', 'Phạm Minh Hùng', '2004-03-03', 'Nữ', 'Thành phố Thủ Đức', '02', 'UT01', 'TTNT'),
  ('SV0630', 'Lê Quang Hùng', '2004-08-13', 'Nam', 'Huyện 1', '01', 'UT02', 'TTNT'),
  ('SV0631', 'Hoàng Quang Hùng', '2001-02-20', 'Nam', 'Huyện 1', '01', 'UT01', 'KTPM'),
  ('SV0632', 'Phạm Quang Dũng', '2001-02-20', 'Nam', 'Huyện 1', '01', 'UT01', 'KHLDL'),
  ('SV0633', 'Hoàng Hữu Linh', '2002-01-23', 'Nữ', 'Thành phố Thủ Đức', '02', 'UT02', 'KTPM'),
  ('SV0634', 'Vũ Ngọc Bình', '2002-12-01', 'Nữ', 'Huyện 1', '01', 'UT02', 'CNTT'),
  ('SV0635', 'Phan Minh An', '2003-06-19', 'Nữ', 'Thành phố Thủ Đức', '02', 'UT02', 'ATTT'),
  ('SV0636', 'Huỳnh Thanh Dũng', '2001-11-20', 'Nam', 'Thành phố Thủ Đức', '02', 'UT02', 'TTNT'),
  ('SV0637', 'Nguyễn Thị An', '2004-07-13', 'Nam', 'Huyện 1', '01', 'UT02', 'TTNT'),
  ('SV0638', 'Vũ Ngọc Cường', '2000-08-04', 'Nữ', 'Thành phố Thủ Đức', '02', 'UT01', 'VMC'),
  ('SV0639', 'Phạm Thanh Bình', '2001-09-08', 'Nam', 'Huyện 1', '01', 'UT02', 'CNTT'),
  ('SV0640', 'Võ Quang Khánh', '2000-05-30', 'Nam', 'Thành phố Thủ Đức', '02', 'UT01', 'KHMT'),
  ('SV0641', 'Phạm Ngọc Linh', '2001-11-06', 'Nữ', 'Thành phố Thủ Đức', '02', 'UT01', 'KTMT'),
  ('SV0642', 'Võ Mai An', '2002-04-06', 'Nữ', 'Huyện 1', '01', 'UT02', 'TMDT'),
  ('SV0643', 'Trần Hữu Hùng', '2001-09-01', 'Nữ', 'Thành phố Thủ Đức', '02', 'UT01', 'VMC'),
  ('SV0644', 'Đặng Mai Bình', '2005-05-02', 'Nam', 'Huyện 1', '01', 'UT01', 'VMC'),
  ('SV0645', 'Phạm Hữu Hà', '2004-05-30', 'Nam', 'Thành phố Thủ Đức', '02', 'UT02', 'TTMT'),
  ('SV0646', 'Vũ Quang Dũng', '2002-10-02', 'Nam', 'Thành phố Thủ Đức', '02', 'UT02', 'KHLDL'),
  ('SV0647', 'Huỳnh Quang Linh', '2005-08-17', 'Nam', 'Thành phố Thủ Đức', '02', 'UT02', 'VMC'),
  ('SV0648', 'Nguyễn Huy Long', '2005-09-10', 'Nam', 'Thành phố Thủ Đức', '02', 'UT02', 'KHMT'),
  ('SV0649', 'Võ Huy Khánh', '2003-07-26', 'Nam', 'Thành phố Thủ Đức', '02', 'UT01', 'TTNT'),
  ('SV0650', 'Đặng Huy Hoa', '2000-07-11', 'Nam', 'Thành phố Thủ Đức', '02', 'UT02', 'TTMT'),
  ('SV0651', 'Phạm Anh An', '2000-03-19', 'Nữ', 'Thành phố Thủ Đức', '02', 'UT01', 'HTTT'),
  ('SV0652', 'Võ Minh An', '2000-06-24', 'Nữ', 'Huyện 1', '01', 'UT02', 'TTNT'),
  ('SV0653', 'Võ Mai Mai', '2003-12-26', 'Nam', 'Huyện 1', '01', 'UT01', 'KHMT'),
  ('SV0654', 'Huỳnh Thị Dũng', '2005-07-23', 'Nữ', 'Huyện 1', '01', 'UT02', 'VMC'),
  ('SV0655', 'Phạm Minh An', '2003-08-28', 'Nữ', 'Thành phố Thủ Đức', '02', 'UT01', 'ATTT'),
  ('SV0656', 'Hoàng Quang Hoa', '2004-12-17', 'Nữ', 'Huyện 1', '01', 'UT01', 'ATTT'),
  ('SV0657', 'Đặng Mai Dũng', '2003-09-29', 'Nam', 'Huyện 1', '01', 'UT02', 'KTPM'),
  ('SV0658', 'Phan Thanh Hoa', '2003-10-11', 'Nữ', 'Thành phố Thủ Đức', '02', 'UT02', 'ATTT'),
  ('SV0659', 'Phạm Quang Bình', '2004-10-25', 'Nam', 'Huyện 1', '01', 'UT02', 'KTPM'),
  ('SV0660', 'Phạm Mai Linh', '2002-06-14', 'Nữ', 'Huyện 1', '01', 'UT02', 'CNTT_Nhat'),
  ('SV0661', 'Phạm Văn Bình', '2001-06-02', 'Nữ', 'Thành phố Thủ Đức', '02', 'UT02', 'TTNT'),
  ('SV0662', 'Phan Hữu Cường', '2004-12-25', 'Nam', 'Huyện 1', '01', 'UT02', 'KTMT'),
  ('SV0663', 'Nguyễn Thanh An', '2000-01-16', 'Nữ', 'Thành phố Thủ Đức', '02', 'UT01', 'VMC'),
  ('SV0664', 'Phạm Minh Hùng', '2004-08-17', 'Nữ', 'Thành phố Thủ Đức', '02', 'UT02', 'KHMT'),
  ('SV0665', 'Đặng Minh Khánh', '2000-11-23', 'Nữ', 'Thành phố Thủ Đức', '02', 'UT01', 'TMDT'),
  ('SV0666', 'Võ Ngọc Mai', '2000-05-13', 'Nam', 'Thành phố Thủ Đức', '02', 'UT01', 'VMC'),
  ('SV0667', 'Lê Thị Mai', '2003-01-09', 'Nữ', 'Huyện 1', '01', 'UT02', 'KHMT'),
  ('SV0668', 'Phạm Thanh Linh', '2004-01-31', 'Nam', 'Thành phố Thủ Đức', '02', 'UT02', 'CNTT'),
  ('SV0669', 'Võ Quang Hùng', '2005-11-14', 'Nữ', 'Thành phố Thủ Đức', '02', 'UT02', 'KTMT'),
  ('SV0670', 'Nguyễn Mai Bình', '2002-01-11', 'Nam', 'Huyện 1', '01', 'UT02', 'HTTT'),
  ('SV0671', 'Lê Thanh Bình', '2001-09-18', 'Nam', 'Thành phố Thủ Đức', '02', 'UT02', 'KHLDL'),
  ('SV0672', 'Phạm Anh Dũng', '2003-12-14', 'Nam', 'Thành phố Thủ Đức', '02', 'UT01', 'KTPM'),
  ('SV0673', 'Lê Quang Cường', '2003-04-25', 'Nữ', 'Thành phố Thủ Đức', '02', 'UT02', 'VMC'),
  ('SV0674', 'Lê Anh Long', '2000-11-19', 'Nữ', 'Thành phố Thủ Đức', '02', 'UT02', 'KHMT'),
  ('SV0675', 'Nguyễn Mai Hà', '2005-05-31', 'Nam', 'Thành phố Thủ Đức', '02', 'UT02', 'VMC'),
  ('SV0676', 'Nguyễn Văn Hùng', '2003-05-06', 'Nam', 'Huyện 1', '01', 'UT02', 'KHMT'),
  ('SV0677', 'Võ Ngọc Khánh', '2004-10-23', 'Nam', 'Huyện 1', '01', 'UT02', 'ATTT'),
  ('SV0678', 'Trần Huy Dũng', '2002-01-26', 'Nam', 'Thành phố Thủ Đức', '02', 'UT02', 'TMDT'),
  ('SV0679', 'Hoàng Quang Dũng', '2003-12-27', 'Nữ', 'Huyện 1', '01', 'UT01', 'ATTT'),
  ('SV0680', 'Nguyễn Anh Khánh', '2003-11-20', 'Nữ', 'Huyện 1', '01', 'UT02', 'KHLDL'),
  ('SV0681', 'Đặng Minh An', '2005-05-02', 'Nam', 'Thành phố Thủ Đức', '02', 'UT02', 'KHLDL'),
  ('SV0682', 'Lê Thanh Khánh', '2000-09-05', 'Nữ', 'Huyện 1', '01', 'UT02', 'KTMT'),
  ('SV0683', 'Phan Minh Linh', '2005-10-27', 'Nam', 'Huyện 1', '01', 'UT02', 'VMC'),
  ('SV0684', 'Trần Thị An', '2005-06-01', 'Nam', 'Thành phố Thủ Đức', '02', 'UT01', 'VMC'),
  ('SV0685', 'Trần Thị Hoa', '2005-10-17', 'Nữ', 'Thành phố Thủ Đức', '02', 'UT02', 'KHLDL'),
  ('SV0686', 'Lê Thị Cường', '2002-04-28', 'Nữ', 'Thành phố Thủ Đức', '02', 'UT02', 'HTTT'),
  ('SV0687', 'Đặng Văn An', '2001-03-30', 'Nữ', 'Huyện 1', '01', 'UT01', 'VMC'),
  ('SV0688', 'Trần Huy Bình', '2002-04-19', 'Nam', 'Thành phố Thủ Đức', '02', 'UT02', 'CNTT_Nhat'),
  ('SV0689', 'Đặng Hữu Linh', '2003-05-22', 'Nữ', 'Huyện 1', '01', 'UT02', 'TTNT'),
  ('SV0690', 'Võ Ngọc Dũng', '2002-05-22', 'Nữ', 'Thành phố Thủ Đức', '02', 'UT02', 'TTMT'),
  ('SV0691', 'Nguyễn Minh Long', '2003-02-25', 'Nam', 'Huyện 1', '01', 'UT01', 'KTPM'),
  ('SV0692', 'Trần Thanh Linh', '2002-12-09', 'Nữ', 'Thành phố Thủ Đức', '02', 'UT02', 'CNTT_Nhat'),
  ('SV0693', 'Phan Anh Khánh', '2001-02-15', 'Nam', 'Huyện 1', '01', 'UT01', 'HTTT'),
  ('SV0694', 'Phan Huy An', '2003-07-21', 'Nữ', 'Thành phố Thủ Đức', '02', 'UT01', 'CNTT'),
  ('SV0695', 'Phạm Hữu An', '2002-03-14', 'Nữ', 'Thành phố Thủ Đức', '02', 'UT01', 'TTNT'),
  ('SV0696', 'Nguyễn Văn Mai', '2002-08-01', 'Nữ', 'Huyện 1', '01', 'UT01', 'KTPM'),
  ('SV0697', 'Huỳnh Thị Khánh', '2001-09-29', 'Nữ', 'Huyện 1', '01', 'UT01', 'TTMT'),
  ('SV0698', 'Trần Mai An', '2002-04-29', 'Nữ', 'Huyện 1', '01', 'UT01', 'KHMT'),
  ('SV0699', 'Huỳnh Văn Mai', '2001-02-17', 'Nữ', 'Thành phố Thủ Đức', '02', 'UT01', 'KTMT'),
  ('SV0700', 'Huỳnh Huy Khánh', '2003-11-03', 'Nữ', 'Huyện 1', '01', 'UT02', 'CNTT_Nhat');

INSERT INTO SINHVIEN (MaSoSinhVien, HoTen, NgaySinh, GioiTinh, QueQuan, MaHuyen, MaDoiTuongUT, MaNganh) VALUES
  ('SV0701', 'Vũ Hữu Mai', '2004-08-24', 'Nữ', 'Huyện 1', '01', 'UT02', 'VMC'),
  ('SV0702', 'Phạm Huy Cường', '2004-02-14', 'Nam', 'Huyện 1', '01', 'UT02', 'CNTT'),
  ('SV0703', 'Huỳnh Huy Hùng', '2003-05-05', 'Nam', 'Thành phố Thủ Đức', '02', 'UT02', 'KHLDL'),
  ('SV0704', 'Hoàng Thanh Linh', '2001-12-13', 'Nam', 'Thành phố Thủ Đức', '02', 'UT02', 'VMC'),
  ('SV0705', 'Hoàng Ngọc Khánh', '2004-02-17', 'Nam', 'Thành phố Thủ Đức', '02', 'UT01', 'HTTT'),
  ('SV0706', 'Phạm Quang Khánh', '2002-10-20', 'Nữ', 'Thành phố Thủ Đức', '02', 'UT02', 'KHMT'),
  ('SV0707', 'Trần Ngọc Hùng', '2004-06-03', 'Nam', 'Thành phố Thủ Đức', '02', 'UT02', 'KHMT'),
  ('SV0708', 'Hoàng Thị Mai', '2004-10-08', 'Nữ', 'Huyện 1', '01', 'UT02', 'TTMT'),
  ('SV0709', 'Hoàng Minh Mai', '2001-09-11', 'Nam', 'Thành phố Thủ Đức', '02', 'UT01', 'KTMT'),
  ('SV0710', 'Hoàng Ngọc Long', '2004-03-17', 'Nam', 'Thành phố Thủ Đức', '02', 'UT02', 'HTTT'),
  ('SV0711', 'Nguyễn Quang Dũng', '2004-12-01', 'Nữ', 'Huyện 1', '01', 'UT02', 'CNTT'),
  ('SV0712', 'Đặng Quang Long', '2005-10-07', 'Nữ', 'Thành phố Thủ Đức', '02', 'UT02', 'TTNT'),
  ('SV0713', 'Nguyễn Hữu Hùng', '2005-11-12', 'Nam', 'Thành phố Thủ Đức', '02', 'UT01', 'HTTT'),
  ('SV0714', 'Huỳnh Quang Hùng', '2000-04-25', 'Nam', 'Thành phố Thủ Đức', '02', 'UT02', 'KTMT'),
  ('SV0715', 'Trần Thị Mai', '2005-02-16', 'Nam', 'Huyện 1', '01', 'UT02', 'KHLDL'),
  ('SV0716', 'Trần Ngọc Linh', '2001-05-22', 'Nam', 'Huyện 1', '01', 'UT01', 'TTNT'),
  ('SV0717', 'Vũ Thanh Long', '2000-07-18', 'Nữ', 'Thành phố Thủ Đức', '02', 'UT02', 'KTPM'),
  ('SV0718', 'Huỳnh Minh Dũng', '2003-09-05', 'Nữ', 'Huyện 1', '01', 'UT02', 'KTMT'),
  ('SV0719', 'Huỳnh Minh An', '2002-07-13', 'Nam', 'Huyện 1', '01', 'UT01', 'KTPM'),
  ('SV0720', 'Huỳnh Văn Bình', '2003-09-09', 'Nữ', 'Huyện 1', '01', 'UT01', 'CNTT_Nhat'),
  ('SV0721', 'Phan Mai Cường', '2000-07-21', 'Nữ', 'Huyện 1', '01', 'UT01', 'KHMT'),
  ('SV0722', 'Huỳnh Thị An', '2001-01-13', 'Nam', 'Huyện 1', '01', 'UT01', 'KTMT'),
  ('SV0723', 'Vũ Anh Hà', '2005-07-05', 'Nam', 'Huyện 1', '01', 'UT02', 'CNTT'),
  ('SV0724', 'Đặng Hữu Mai', '2002-10-07', 'Nữ', 'Thành phố Thủ Đức', '02', 'UT02', 'CNTT'),
  ('SV0725', 'Phan Hữu Mai', '2000-04-12', 'Nam', 'Thành phố Thủ Đức', '02', 'UT02', 'HTTT'),
  ('SV0726', 'Lê Văn Dũng', '2004-07-15', 'Nam', 'Huyện 1', '01', 'UT02', 'KHLDL'),
  ('SV0727', 'Phan Thị Hoa', '2002-09-02', 'Nữ', 'Huyện 1', '01', 'UT02', 'TTNT'),
  ('SV0728', 'Hoàng Anh Bình', '2004-05-27', 'Nữ', 'Thành phố Thủ Đức', '02', 'UT01', 'ATTT'),
  ('SV0729', 'Phan Quang Mai', '2000-08-31', 'Nam', 'Thành phố Thủ Đức', '02', 'UT02', 'KHMT'),
  ('SV0730', 'Trần Hữu Dũng', '2005-12-24', 'Nữ', 'Thành phố Thủ Đức', '02', 'UT01', 'TTMT'),
  ('SV0731', 'Huỳnh Quang Dũng', '2005-12-12', 'Nam', 'Thành phố Thủ Đức', '02', 'UT02', 'KTMT'),
  ('SV0732', 'Võ Huy Long', '2001-12-13', 'Nữ', 'Thành phố Thủ Đức', '02', 'UT02', 'CNTT_Nhat'),
  ('SV0733', 'Lê Ngọc Mai', '2002-07-03', 'Nam', 'Huyện 1', '01', 'UT01', 'CNTT'),
  ('SV0734', 'Lê Mai Hà', '2000-09-08', 'Nam', 'Thành phố Thủ Đức', '02', 'UT01', 'TMDT'),
  ('SV0735', 'Phạm Quang Dũng', '2003-03-19', 'Nữ', 'Thành phố Thủ Đức', '02', 'UT02', 'TTNT'),
  ('SV0736', 'Phan Quang Bình', '2003-06-08', 'Nữ', 'Thành phố Thủ Đức', '02', 'UT01', 'CNTT_Nhat'),
  ('SV0737', 'Huỳnh Minh Bình', '2001-02-11', 'Nam', 'Huyện 1', '01', 'UT02', 'KTPM'),
  ('SV0738', 'Hoàng Ngọc Hoa', '2005-08-11', 'Nữ', 'Huyện 1', '01', 'UT02', 'CNTT_Nhat'),
  ('SV0739', 'Vũ Mai Bình', '2003-03-18', 'Nam', 'Huyện 1', '01', 'UT02', 'TMDT'),
  ('SV0740', 'Nguyễn Minh An', '2003-06-25', 'Nữ', 'Thành phố Thủ Đức', '02', 'UT02', 'KTPM'),
  ('SV0741', 'Phan Thanh Hà', '2004-05-13', 'Nữ', 'Thành phố Thủ Đức', '02', 'UT02', 'KHMT'),
  ('SV0742', 'Lê Ngọc Long', '2003-09-02', 'Nam', 'Huyện 1', '01', 'UT01', 'CNTT_Nhat'),
  ('SV0743', 'Võ Thị Long', '2003-01-06', 'Nữ', 'Thành phố Thủ Đức', '02', 'UT02', 'CNTT_Nhat'),
  ('SV0744', 'Phan Anh Hùng', '2002-10-08', 'Nam', 'Thành phố Thủ Đức', '02', 'UT02', 'KTPM'),
  ('SV0745', 'Huỳnh Thanh Dũng', '2001-02-28', 'Nữ', 'Thành phố Thủ Đức', '02', 'UT01', 'TTMT'),
  ('SV0746', 'Trần Thanh Hùng', '2003-04-05', 'Nữ', 'Huyện 1', '01', 'UT01', 'HTTT'),
  ('SV0747', 'Lê Mai Cường', '2001-04-04', 'Nữ', 'Huyện 1', '01', 'UT02', 'ATTT'),
  ('SV0748', 'Vũ Hữu Linh', '2004-10-02', 'Nam', 'Huyện 1', '01', 'UT01', 'KHMT'),
  ('SV0749', 'Võ Thanh Long', '2004-06-05', 'Nữ', 'Huyện 1', '01', 'UT01', 'TTMT'),
  ('SV0750', 'Võ Huy Hà', '2005-10-25', 'Nữ', 'Thành phố Thủ Đức', '02', 'UT02', 'KTPM'),
  ('SV0751', 'Phạm Văn Hà', '2003-02-17', 'Nam', 'Huyện 1', '01', 'UT01', 'KTPM'),
  ('SV0752', 'Đặng Văn Long', '2004-05-19', 'Nam', 'Huyện 1', '01', 'UT02', 'KTMT'),
  ('SV0753', 'Nguyễn Hữu Hoa', '2002-10-11', 'Nam', 'Huyện 1', '01', 'UT01', 'TTNT'),
  ('SV0754', 'Lê Mai Dũng', '2000-12-23', 'Nữ', 'Thành phố Thủ Đức', '02', 'UT01', 'KHLDL'),
  ('SV0755', 'Phan Hữu Khánh', '2001-03-26', 'Nam', 'Huyện 1', '01', 'UT02', 'TMDT'),
  ('SV0756', 'Huỳnh Quang Long', '2000-05-25', 'Nữ', 'Huyện 1', '01', 'UT01', 'HTTT'),
  ('SV0757', 'Vũ Thị Cường', '2005-12-26', 'Nam', 'Huyện 1', '01', 'UT02', 'KTMT'),
  ('SV0758', 'Phạm Thanh Khánh', '2005-04-09', 'Nam', 'Thành phố Thủ Đức', '02', 'UT01', 'VMC'),
  ('SV0759', 'Phạm Quang An', '2003-07-27', 'Nữ', 'Thành phố Thủ Đức', '02', 'UT02', 'KTMT'),
  ('SV0760', 'Võ Hữu Dũng', '2004-10-21', 'Nữ', 'Huyện 1', '01', 'UT02', 'KTMT'),
  ('SV0761', 'Đặng Anh Bình', '2005-12-26', 'Nam', 'Huyện 1', '01', 'UT01', 'KTPM'),
  ('SV0762', 'Đặng Anh An', '2001-10-12', 'Nữ', 'Thành phố Thủ Đức', '02', 'UT02', 'CNTT_Nhat'),
  ('SV0763', 'Đặng Minh Mai', '2003-11-07', 'Nữ', 'Thành phố Thủ Đức', '02', 'UT02', 'ATTT'),
  ('SV0764', 'Đặng Thanh Hà', '2003-12-29', 'Nam', 'Thành phố Thủ Đức', '02', 'UT01', 'KTMT'),
  ('SV0765', 'Nguyễn Hữu Hoa', '2000-09-29', 'Nam', 'Thành phố Thủ Đức', '02', 'UT01', 'KTMT'),
  ('SV0766', 'Hoàng Anh An', '2005-12-20', 'Nữ', 'Huyện 1', '01', 'UT01', 'TTMT'),
  ('SV0767', 'Hoàng Thị Linh', '2005-10-19', 'Nam', 'Thành phố Thủ Đức', '02', 'UT01', 'TTMT'),
  ('SV0768', 'Đặng Quang Long', '2002-12-04', 'Nữ', 'Huyện 1', '01', 'UT02', 'CNTT'),
  ('SV0769', 'Trần Minh Long', '2000-12-27', 'Nữ', 'Thành phố Thủ Đức', '02', 'UT01', 'VMC'),
  ('SV0770', 'Lê Hữu Bình', '2002-11-17', 'Nữ', 'Thành phố Thủ Đức', '02', 'UT01', 'ATTT'),
  ('SV0771', 'Lê Anh Dũng', '2004-01-03', 'Nữ', 'Thành phố Thủ Đức', '02', 'UT01', 'TTNT'),
  ('SV0772', 'Hoàng Huy Long', '2005-12-04', 'Nữ', 'Huyện 1', '01', 'UT01', 'ATTT'),
  ('SV0773', 'Nguyễn Thị Hùng', '2004-03-18', 'Nam', 'Huyện 1', '01', 'UT01', 'ATTT'),
  ('SV0774', 'Nguyễn Mai Hà', '2000-06-01', 'Nam', 'Huyện 1', '01', 'UT02', 'KTMT'),
  ('SV0775', 'Nguyễn Văn An', '2005-04-02', 'Nữ', 'Thành phố Thủ Đức', '02', 'UT01', 'CNTT_Nhat'),
  ('SV0776', 'Phạm Văn Hà', '2001-01-03', 'Nữ', 'Thành phố Thủ Đức', '02', 'UT01', 'CNTT_Nhat'),
  ('SV0777', 'Vũ Anh Mai', '2001-04-18', 'Nữ', 'Huyện 1', '01', 'UT02', 'ATTT'),
  ('SV0778', 'Võ Thanh Dũng', '2005-02-04', 'Nam', 'Thành phố Thủ Đức', '02', 'UT01', 'TTMT'),
  ('SV0779', 'Hoàng Hữu Hà', '2003-09-12', 'Nữ', 'Thành phố Thủ Đức', '02', 'UT01', 'ATTT'),
  ('SV0780', 'Đặng Thanh Long', '2001-06-11', 'Nam', 'Huyện 1', '01', 'UT02', 'KHLDL'),
  ('SV0781', 'Võ Minh Cường', '2005-06-04', 'Nữ', 'Huyện 1', '01', 'UT01', 'ATTT'),
  ('SV0782', 'Phan Hữu Hùng', '2005-06-13', 'Nữ', 'Thành phố Thủ Đức', '02', 'UT01', 'VMC'),
  ('SV0783', 'Vũ Thị Hà', '2001-03-13', 'Nữ', 'Thành phố Thủ Đức', '02', 'UT02', 'CNTT'),
  ('SV0784', 'Huỳnh Thị Bình', '2002-12-23', 'Nam', 'Thành phố Thủ Đức', '02', 'UT01', 'TTMT'),
  ('SV0785', 'Lê Minh Linh', '2001-06-10', 'Nữ', 'Thành phố Thủ Đức', '02', 'UT02', 'CNTT'),
  ('SV0786', 'Đặng Văn Hà', '2003-07-19', 'Nam', 'Huyện 1', '01', 'UT02', 'CNTT'),
  ('SV0787', 'Lê Thanh Long', '2004-06-22', 'Nam', 'Huyện 1', '01', 'UT01', 'TTMT'),
  ('SV0788', 'Nguyễn Hữu Hùng', '2005-01-03', 'Nam', 'Huyện 1', '01', 'UT01', 'VMC'),
  ('SV0789', 'Đặng Minh Hoa', '2005-12-05', 'Nam', 'Huyện 1', '01', 'UT01', 'KTMT'),
  ('SV0790', 'Hoàng Mai Linh', '2004-12-09', 'Nam', 'Huyện 1', '01', 'UT01', 'HTTT'),
  ('SV0791', 'Trần Ngọc Hà', '2001-06-07', 'Nam', 'Thành phố Thủ Đức', '02', 'UT02', 'CNTT_Nhat'),
  ('SV0792', 'Phạm Quang Linh', '2004-06-04', 'Nam', 'Huyện 1', '01', 'UT01', 'CNTT'),
  ('SV0793', 'Đặng Anh Mai', '2004-04-25', 'Nữ', 'Thành phố Thủ Đức', '02', 'UT01', 'TTMT'),
  ('SV0794', 'Phan Hữu Linh', '2002-09-12', 'Nữ', 'Huyện 1', '01', 'UT02', 'TMDT'),
  ('SV0795', 'Hoàng Hữu Hoa', '2003-09-06', 'Nữ', 'Huyện 1', '01', 'UT02', 'TMDT'),
  ('SV0796', 'Phan Thanh Khánh', '2002-01-06', 'Nam', 'Thành phố Thủ Đức', '02', 'UT01', 'KTPM'),
  ('SV0797', 'Huỳnh Anh Dũng', '2003-11-06', 'Nữ', 'Thành phố Thủ Đức', '02', 'UT01', 'HTTT'),
  ('SV0798', 'Võ Ngọc Cường', '2000-10-31', 'Nữ', 'Thành phố Thủ Đức', '02', 'UT01', 'ATTT'),
  ('SV0799', 'Hoàng Văn Khánh', '2004-03-19', 'Nữ', 'Thành phố Thủ Đức', '02', 'UT01', 'VMC'),
  ('SV0800', 'Phạm Thanh An', '2001-06-14', 'Nam', 'Huyện 1', '01', 'UT01', 'KHLDL');

INSERT INTO SINHVIEN (MaSoSinhVien, HoTen, NgaySinh, GioiTinh, QueQuan, MaHuyen, MaDoiTuongUT, MaNganh) VALUES
  ('SV0801', 'Trần Minh Hà', '2000-08-07', 'Nữ', 'Thành phố Thủ Đức', '02', 'UT02', 'KTMT'),
  ('SV0802', 'Đặng Văn Hoa', '2003-12-25', 'Nam', 'Huyện 1', '01', 'UT02', 'KTPM'),
  ('SV0803', 'Lê Mai An', '2004-05-02', 'Nữ', 'Thành phố Thủ Đức', '02', 'UT01', 'KHMT'),
  ('SV0804', 'Phan Văn Hà', '2005-10-16', 'Nữ', 'Thành phố Thủ Đức', '02', 'UT01', 'TMDT'),
  ('SV0805', 'Phan Ngọc An', '2005-07-13', 'Nữ', 'Huyện 1', '01', 'UT02', 'KHMT'),
  ('SV0806', 'Phan Văn Dũng', '2002-03-16', 'Nữ', 'Thành phố Thủ Đức', '02', 'UT02', 'HTTT'),
  ('SV0807', 'Phạm Quang Linh', '2000-11-30', 'Nữ', 'Huyện 1', '01', 'UT01', 'KHMT'),
  ('SV0808', 'Lê Ngọc Cường', '2005-04-04', 'Nam', 'Thành phố Thủ Đức', '02', 'UT01', 'VMC'),
  ('SV0809', 'Vũ Thanh Hà', '2000-03-09', 'Nữ', 'Huyện 1', '01', 'UT01', 'VMC'),
  ('SV0810', 'Trần Ngọc Mai', '2000-10-12', 'Nữ', 'Thành phố Thủ Đức', '02', 'UT01', 'ATTT'),
  ('SV0811', 'Phan Ngọc Long', '2003-09-15', 'Nam', 'Thành phố Thủ Đức', '02', 'UT01', 'HTTT'),
  ('SV0812', 'Võ Thanh Hoa', '2004-01-11', 'Nam', 'Huyện 1', '01', 'UT02', 'KTPM'),
  ('SV0813', 'Phạm Anh Linh', '2005-06-22', 'Nam', 'Thành phố Thủ Đức', '02', 'UT02', 'KHLDL'),
  ('SV0814', 'Phan Hữu An', '2003-01-15', 'Nữ', 'Thành phố Thủ Đức', '02', 'UT02', 'VMC'),
  ('SV0815', 'Huỳnh Ngọc Mai', '2003-01-03', 'Nữ', 'Thành phố Thủ Đức', '02', 'UT02', 'KHMT'),
  ('SV0816', 'Võ Mai An', '2002-08-18', 'Nữ', 'Thành phố Thủ Đức', '02', 'UT02', 'CNTT_Nhat'),
  ('SV0817', 'Phan Văn Hùng', '2000-04-24', 'Nữ', 'Thành phố Thủ Đức', '02', 'UT02', 'KTMT'),
  ('SV0818', 'Phạm Mai Hà', '2002-11-10', 'Nữ', 'Thành phố Thủ Đức', '02', 'UT01', 'KHMT'),
  ('SV0819', 'Nguyễn Thị Cường', '2002-09-09', 'Nữ', 'Huyện 1', '01', 'UT02', 'TMDT'),
  ('SV0820', 'Huỳnh Thanh Bình', '2004-03-16', 'Nam', 'Thành phố Thủ Đức', '02', 'UT01', 'HTTT'),
  ('SV0821', 'Phạm Anh Cường', '2001-07-16', 'Nam', 'Thành phố Thủ Đức', '02', 'UT01', 'HTTT'),
  ('SV0822', 'Võ Thị Hà', '2004-08-29', 'Nam', 'Huyện 1', '01', 'UT01', 'KTPM'),
  ('SV0823', 'Võ Ngọc Hoa', '2001-04-19', 'Nam', 'Thành phố Thủ Đức', '02', 'UT01', 'ATTT'),
  ('SV0824', 'Huỳnh Anh An', '2003-10-08', 'Nữ', 'Thành phố Thủ Đức', '02', 'UT02', 'ATTT'),
  ('SV0825', 'Đặng Anh Hà', '2005-02-26', 'Nam', 'Huyện 1', '01', 'UT01', 'ATTT'),
  ('SV0826', 'Nguyễn Quang Long', '2001-09-07', 'Nữ', 'Huyện 1', '01', 'UT01', 'VMC'),
  ('SV0827', 'Vũ Văn Mai', '2002-02-14', 'Nữ', 'Huyện 1', '01', 'UT02', 'TMDT'),
  ('SV0828', 'Trần Ngọc Hà', '2004-06-10', 'Nữ', 'Huyện 1', '01', 'UT02', 'KHLDL'),
  ('SV0829', 'Đặng Quang Khánh', '2000-12-20', 'Nữ', 'Huyện 1', '01', 'UT01', 'TTNT'),
  ('SV0830', 'Đặng Ngọc Bình', '2000-08-08', 'Nữ', 'Huyện 1', '01', 'UT02', 'KHMT'),
  ('SV0831', 'Phạm Văn Cường', '2000-04-09', 'Nam', 'Thành phố Thủ Đức', '02', 'UT01', 'TTMT'),
  ('SV0832', 'Phạm Huy Mai', '2004-06-02', 'Nam', 'Thành phố Thủ Đức', '02', 'UT02', 'KHLDL'),
  ('SV0833', 'Vũ Văn Long', '2000-03-05', 'Nam', 'Thành phố Thủ Đức', '02', 'UT02', 'TMDT'),
  ('SV0834', 'Lê Huy Bình', '2001-08-06', 'Nữ', 'Thành phố Thủ Đức', '02', 'UT02', 'CNTT_Nhat'),
  ('SV0835', 'Vũ Anh Dũng', '2002-08-21', 'Nữ', 'Huyện 1', '01', 'UT02', 'CNTT'),
  ('SV0836', 'Lê Ngọc An', '2005-03-29', 'Nữ', 'Huyện 1', '01', 'UT01', 'CNTT'),
  ('SV0837', 'Đặng Huy Mai', '2004-07-18', 'Nữ', 'Thành phố Thủ Đức', '02', 'UT01', 'HTTT'),
  ('SV0838', 'Hoàng Huy Linh', '2005-12-21', 'Nữ', 'Thành phố Thủ Đức', '02', 'UT02', 'KTPM'),
  ('SV0839', 'Hoàng Minh Mai', '2003-03-02', 'Nữ', 'Thành phố Thủ Đức', '02', 'UT01', 'KHMT'),
  ('SV0840', 'Vũ Huy Dũng', '2004-02-21', 'Nữ', 'Huyện 1', '01', 'UT02', 'KHMT'),
  ('SV0841', 'Vũ Huy Cường', '2000-05-27', 'Nam', 'Thành phố Thủ Đức', '02', 'UT02', 'TTMT'),
  ('SV0842', 'Đặng Văn Dũng', '2005-08-05', 'Nam', 'Huyện 1', '01', 'UT02', 'ATTT'),
  ('SV0843', 'Trần Quang Mai', '2001-06-17', 'Nam', 'Huyện 1', '01', 'UT01', 'KHLDL'),
  ('SV0844', 'Vũ Mai Khánh', '2000-10-01', 'Nữ', 'Thành phố Thủ Đức', '02', 'UT02', 'CNTT_Nhat'),
  ('SV0845', 'Phan Quang Mai', '2004-10-13', 'Nữ', 'Huyện 1', '01', 'UT01', 'KHMT'),
  ('SV0846', 'Trần Thị Mai', '2000-02-12', 'Nam', 'Huyện 1', '01', 'UT02', 'TTNT'),
  ('SV0847', 'Trần Hữu Cường', '2002-09-19', 'Nam', 'Thành phố Thủ Đức', '02', 'UT02', 'TTMT'),
  ('SV0848', 'Trần Anh Bình', '2003-03-02', 'Nam', 'Huyện 1', '01', 'UT02', 'TMDT'),
  ('SV0849', 'Lê Thị An', '2000-07-22', 'Nam', 'Thành phố Thủ Đức', '02', 'UT01', 'VMC'),
  ('SV0850', 'Hoàng Hữu Dũng', '2001-01-13', 'Nam', 'Huyện 1', '01', 'UT02', 'KHLDL'),
  ('SV0851', 'Trần Ngọc Hà', '2004-10-28', 'Nam', 'Thành phố Thủ Đức', '02', 'UT01', 'TTMT'),
  ('SV0852', 'Hoàng Thị Hà', '2003-04-09', 'Nam', 'Huyện 1', '01', 'UT02', 'KTPM'),
  ('SV0853', 'Võ Quang Long', '2005-11-01', 'Nam', 'Huyện 1', '01', 'UT02', 'KHMT'),
  ('SV0854', 'Huỳnh Ngọc Bình', '2002-11-28', 'Nữ', 'Thành phố Thủ Đức', '02', 'UT02', 'ATTT'),
  ('SV0855', 'Đặng Anh Hùng', '2005-09-12', 'Nữ', 'Thành phố Thủ Đức', '02', 'UT02', 'CNTT_Nhat'),
  ('SV0856', 'Hoàng Văn Hoa', '2004-11-15', 'Nữ', 'Huyện 1', '01', 'UT01', 'TTMT'),
  ('SV0857', 'Trần Ngọc Khánh', '2004-04-28', 'Nữ', 'Thành phố Thủ Đức', '02', 'UT01', 'TTMT'),
  ('SV0858', 'Võ Thị Mai', '2000-07-17', 'Nam', 'Thành phố Thủ Đức', '02', 'UT01', 'ATTT'),
  ('SV0859', 'Phan Minh Khánh', '2005-07-27', 'Nữ', 'Thành phố Thủ Đức', '02', 'UT01', 'TTMT'),
  ('SV0860', 'Võ Hữu Linh', '2001-01-23', 'Nữ', 'Thành phố Thủ Đức', '02', 'UT02', 'VMC'),
  ('SV0861', 'Hoàng Minh Dũng', '2002-03-06', 'Nữ', 'Huyện 1', '01', 'UT02', 'TTNT'),
  ('SV0862', 'Đặng Văn Hà', '2005-01-17', 'Nữ', 'Huyện 1', '01', 'UT02', 'TTNT'),
  ('SV0863', 'Phan Thanh An', '2002-11-01', 'Nữ', 'Huyện 1', '01', 'UT02', 'KHMT'),
  ('SV0864', 'Huỳnh Ngọc Linh', '2004-10-03', 'Nữ', 'Thành phố Thủ Đức', '02', 'UT01', 'KTPM'),
  ('SV0865', 'Phan Thanh An', '2001-03-23', 'Nam', 'Thành phố Thủ Đức', '02', 'UT02', 'TMDT'),
  ('SV0866', 'Phạm Quang Long', '2005-02-15', 'Nữ', 'Thành phố Thủ Đức', '02', 'UT02', 'KHMT'),
  ('SV0867', 'Vũ Minh Long', '2004-12-26', 'Nữ', 'Huyện 1', '01', 'UT01', 'HTTT'),
  ('SV0868', 'Phan Ngọc Dũng', '2001-10-16', 'Nam', 'Thành phố Thủ Đức', '02', 'UT01', 'KTPM'),
  ('SV0869', 'Nguyễn Ngọc Dũng', '2003-06-23', 'Nữ', 'Thành phố Thủ Đức', '02', 'UT02', 'KTMT'),
  ('SV0870', 'Đặng Hữu Dũng', '2000-12-31', 'Nữ', 'Thành phố Thủ Đức', '02', 'UT01', 'KHMT'),
  ('SV0871', 'Trần Thanh Bình', '2002-08-28', 'Nữ', 'Thành phố Thủ Đức', '02', 'UT02', 'KHLDL'),
  ('SV0872', 'Trần Huy Mai', '2004-08-31', 'Nam', 'Huyện 1', '01', 'UT02', 'CNTT_Nhat'),
  ('SV0873', 'Vũ Quang Cường', '2000-07-30', 'Nữ', 'Huyện 1', '01', 'UT01', 'KHMT'),
  ('SV0874', 'Lê Minh Long', '2004-04-23', 'Nam', 'Thành phố Thủ Đức', '02', 'UT01', 'KHLDL'),
  ('SV0875', 'Hoàng Minh Khánh', '2005-10-20', 'Nữ', 'Huyện 1', '01', 'UT02', 'HTTT'),
  ('SV0876', 'Đặng Huy An', '2003-02-24', 'Nữ', 'Huyện 1', '01', 'UT02', 'TTMT'),
  ('SV0877', 'Trần Văn Khánh', '2001-07-16', 'Nữ', 'Thành phố Thủ Đức', '02', 'UT02', 'VMC'),
  ('SV0878', 'Lê Anh Hà', '2000-03-16', 'Nữ', 'Thành phố Thủ Đức', '02', 'UT02', 'CNTT_Nhat'),
  ('SV0879', 'Võ Văn Bình', '2000-02-19', 'Nam', 'Huyện 1', '01', 'UT02', 'KTPM'),
  ('SV0880', 'Võ Văn An', '2002-11-10', 'Nam', 'Huyện 1', '01', 'UT02', 'CNTT'),
  ('SV0881', 'Hoàng Minh Hoa', '2003-12-21', 'Nữ', 'Thành phố Thủ Đức', '02', 'UT02', 'KHLDL'),
  ('SV0882', 'Phan Huy Dũng', '2002-10-05', 'Nữ', 'Huyện 1', '01', 'UT02', 'CNTT_Nhat'),
  ('SV0883', 'Lê Ngọc Hùng', '2002-05-04', 'Nam', 'Thành phố Thủ Đức', '02', 'UT01', 'KHMT'),
  ('SV0884', 'Huỳnh Văn Dũng', '2005-10-23', 'Nữ', 'Thành phố Thủ Đức', '02', 'UT02', 'ATTT'),
  ('SV0885', 'Nguyễn Mai Long', '2005-05-14', 'Nam', 'Huyện 1', '01', 'UT01', 'TTNT'),
  ('SV0886', 'Hoàng Thị Long', '2000-05-02', 'Nam', 'Thành phố Thủ Đức', '02', 'UT02', 'HTTT'),
  ('SV0887', 'Huỳnh Thanh Dũng', '2004-11-11', 'Nữ', 'Huyện 1', '01', 'UT02', 'KTPM'),
  ('SV0888', 'Huỳnh Anh Cường', '2002-04-17', 'Nam', 'Thành phố Thủ Đức', '02', 'UT01', 'CNTT_Nhat'),
  ('SV0889', 'Lê Quang Long', '2005-07-01', 'Nữ', 'Huyện 1', '01', 'UT01', 'KTPM'),
  ('SV0890', 'Phạm Hữu Hùng', '2001-01-13', 'Nam', 'Huyện 1', '01', 'UT01', 'TMDT'),
  ('SV0891', 'Huỳnh Thị Mai', '2003-03-28', 'Nam', 'Thành phố Thủ Đức', '02', 'UT02', 'TTNT'),
  ('SV0892', 'Vũ Anh Bình', '2005-10-20', 'Nữ', 'Huyện 1', '01', 'UT01', 'KTPM'),
  ('SV0893', 'Trần Huy Dũng', '2003-04-07', 'Nữ', 'Huyện 1', '01', 'UT02', 'HTTT'),
  ('SV0894', 'Võ Ngọc Hà', '2005-05-27', 'Nữ', 'Thành phố Thủ Đức', '02', 'UT02', 'TTNT'),
  ('SV0895', 'Võ Mai Dũng', '2001-10-29', 'Nam', 'Thành phố Thủ Đức', '02', 'UT01', 'KHMT'),
  ('SV0896', 'Nguyễn Huy An', '2002-03-21', 'Nữ', 'Thành phố Thủ Đức', '02', 'UT01', 'TTNT'),
  ('SV0897', 'Hoàng Thị Linh', '2002-08-03', 'Nam', 'Huyện 1', '01', 'UT02', 'CNTT'),
  ('SV0898', 'Phan Hữu Linh', '2002-10-19', 'Nam', 'Huyện 1', '01', 'UT02', 'KTPM'),
  ('SV0899', 'Nguyễn Thanh Mai', '2001-02-03', 'Nữ', 'Thành phố Thủ Đức', '02', 'UT02', 'TMDT'),
  ('SV0900', 'Võ Huy Dũng', '2000-04-13', 'Nam', 'Huyện 1', '01', 'UT02', 'ATTT');

INSERT INTO SINHVIEN (MaSoSinhVien, HoTen, NgaySinh, GioiTinh, QueQuan, MaHuyen, MaDoiTuongUT, MaNganh) VALUES
  ('SV0901', 'Hoàng Văn Linh', '2003-08-25', 'Nam', 'Huyện 1', '01', 'UT01', 'KTPM'),
  ('SV0902', 'Võ Hữu Long', '2001-11-07', 'Nữ', 'Thành phố Thủ Đức', '02', 'UT01', 'HTTT'),
  ('SV0903', 'Trần Huy An', '2005-11-15', 'Nữ', 'Huyện 1', '01', 'UT01', 'TTNT'),
  ('SV0904', 'Huỳnh Anh Mai', '2002-03-27', 'Nữ', 'Huyện 1', '01', 'UT02', 'KHLDL'),
  ('SV0905', 'Vũ Ngọc An', '2005-08-12', 'Nữ', 'Thành phố Thủ Đức', '02', 'UT02', 'TTNT'),
  ('SV0906', 'Võ Thanh Long', '2005-11-01', 'Nữ', 'Thành phố Thủ Đức', '02', 'UT02', 'HTTT'),
  ('SV0907', 'Trần Quang Cường', '2002-07-15', 'Nữ', 'Huyện 1', '01', 'UT02', 'KTPM'),
  ('SV0908', 'Lê Minh Cường', '2003-12-11', 'Nữ', 'Huyện 1', '01', 'UT01', 'KHMT'),
  ('SV0909', 'Lê Huy Bình', '2002-02-03', 'Nữ', 'Thành phố Thủ Đức', '02', 'UT01', 'TTMT'),
  ('SV0910', 'Lê Huy Long', '2003-05-12', 'Nam', 'Thành phố Thủ Đức', '02', 'UT01', 'KHLDL'),
  ('SV0911', 'Vũ Anh An', '2003-01-27', 'Nữ', 'Thành phố Thủ Đức', '02', 'UT01', 'ATTT'),
  ('SV0912', 'Trần Hữu An', '2000-09-21', 'Nữ', 'Thành phố Thủ Đức', '02', 'UT02', 'ATTT'),
  ('SV0913', 'Đặng Thanh Dũng', '2000-06-10', 'Nữ', 'Huyện 1', '01', 'UT01', 'CNTT_Nhat'),
  ('SV0914', 'Võ Huy Long', '2000-08-01', 'Nam', 'Thành phố Thủ Đức', '02', 'UT01', 'TMDT'),
  ('SV0915', 'Phan Quang Mai', '2002-07-23', 'Nữ', 'Huyện 1', '01', 'UT01', 'ATTT'),
  ('SV0916', 'Nguyễn Văn Khánh', '2005-09-08', 'Nữ', 'Huyện 1', '01', 'UT01', 'KHMT'),
  ('SV0917', 'Hoàng Huy Hoa', '2005-09-03', 'Nữ', 'Thành phố Thủ Đức', '02', 'UT02', 'KTMT'),
  ('SV0918', 'Phạm Minh An', '2003-03-17', 'Nữ', 'Thành phố Thủ Đức', '02', 'UT02', 'TMDT'),
  ('SV0919', 'Lê Hữu Khánh', '2005-12-26', 'Nam', 'Huyện 1', '01', 'UT01', 'KTPM'),
  ('SV0920', 'Huỳnh Quang Dũng', '2000-07-19', 'Nữ', 'Thành phố Thủ Đức', '02', 'UT01', 'CNTT'),
  ('SV0921', 'Phạm Thị Linh', '2003-10-20', 'Nam', 'Huyện 1', '01', 'UT02', 'CNTT_Nhat'),
  ('SV0922', 'Huỳnh Thị Mai', '2001-09-21', 'Nam', 'Huyện 1', '01', 'UT01', 'CNTT'),
  ('SV0923', 'Hoàng Quang Khánh', '2004-12-12', 'Nam', 'Thành phố Thủ Đức', '02', 'UT01', 'ATTT'),
  ('SV0924', 'Vũ Huy Mai', '2003-06-30', 'Nam', 'Thành phố Thủ Đức', '02', 'UT02', 'KHMT'),
  ('SV0925', 'Huỳnh Thị Linh', '2005-04-10', 'Nữ', 'Huyện 1', '01', 'UT02', 'KTMT'),
  ('SV0926', 'Lê Văn Khánh', '2003-06-22', 'Nữ', 'Huyện 1', '01', 'UT01', 'TTMT'),
  ('SV0927', 'Lê Ngọc Mai', '2003-05-23', 'Nữ', 'Huyện 1', '01', 'UT01', 'TMDT'),
  ('SV0928', 'Đặng Minh Hùng', '2000-07-09', 'Nam', 'Huyện 1', '01', 'UT02', 'KHLDL'),
  ('SV0929', 'Phan Huy Khánh', '2002-02-25', 'Nữ', 'Thành phố Thủ Đức', '02', 'UT02', 'KHLDL'),
  ('SV0930', 'Nguyễn Huy Linh', '2002-02-18', 'Nữ', 'Huyện 1', '01', 'UT01', 'VMC'),
  ('SV0931', 'Lê Thanh Long', '2002-12-09', 'Nam', 'Thành phố Thủ Đức', '02', 'UT01', 'CNTT'),
  ('SV0932', 'Phan Thị Cường', '2001-04-15', 'Nữ', 'Thành phố Thủ Đức', '02', 'UT02', 'HTTT'),
  ('SV0933', 'Lê Huy Hà', '2001-07-03', 'Nam', 'Huyện 1', '01', 'UT01', 'TMDT'),
  ('SV0934', 'Lê Thanh Long', '2004-08-23', 'Nam', 'Huyện 1', '01', 'UT01', 'ATTT'),
  ('SV0935', 'Phạm Thị Dũng', '2001-08-07', 'Nữ', 'Huyện 1', '01', 'UT02', 'KHMT'),
  ('SV0936', 'Đặng Minh Hoa', '2003-10-06', 'Nam', 'Thành phố Thủ Đức', '02', 'UT01', 'KHMT'),
  ('SV0937', 'Phạm Mai Mai', '2004-08-29', 'Nữ', 'Thành phố Thủ Đức', '02', 'UT02', 'HTTT'),
  ('SV0938', 'Phạm Anh Cường', '2000-08-23', 'Nam', 'Huyện 1', '01', 'UT02', 'KHLDL'),
  ('SV0939', 'Trần Thị Hoa', '2001-11-02', 'Nam', 'Huyện 1', '01', 'UT01', 'CNTT_Nhat'),
  ('SV0940', 'Đặng Hữu An', '2005-12-13', 'Nam', 'Thành phố Thủ Đức', '02', 'UT01', 'CNTT'),
  ('SV0941', 'Nguyễn Thanh Cường', '2003-01-13', 'Nữ', 'Huyện 1', '01', 'UT01', 'CNTT_Nhat'),
  ('SV0942', 'Phạm Văn Dũng', '2005-09-24', 'Nam', 'Thành phố Thủ Đức', '02', 'UT01', 'KHMT'),
  ('SV0943', 'Phan Thanh Hà', '2002-09-06', 'Nam', 'Thành phố Thủ Đức', '02', 'UT02', 'KTPM'),
  ('SV0944', 'Nguyễn Minh Bình', '2002-12-27', 'Nam', 'Huyện 1', '01', 'UT02', 'KTMT'),
  ('SV0945', 'Phan Quang Hà', '2005-10-26', 'Nam', 'Huyện 1', '01', 'UT01', 'HTTT'),
  ('SV0946', 'Vũ Văn Hoa', '2001-05-08', 'Nữ', 'Huyện 1', '01', 'UT01', 'CNTT'),
  ('SV0947', 'Huỳnh Thị Hoa', '2001-12-27', 'Nữ', 'Thành phố Thủ Đức', '02', 'UT02', 'TMDT'),
  ('SV0948', 'Phan Mai Long', '2005-02-01', 'Nữ', 'Thành phố Thủ Đức', '02', 'UT02', 'KTMT'),
  ('SV0949', 'Đặng Minh Dũng', '2001-02-17', 'Nam', 'Thành phố Thủ Đức', '02', 'UT02', 'VMC'),
  ('SV0950', 'Lê Anh Linh', '2002-11-27', 'Nam', 'Thành phố Thủ Đức', '02', 'UT01', 'TTNT'),
  ('SV0951', 'Hoàng Mai Hà', '2003-11-14', 'Nữ', 'Thành phố Thủ Đức', '02', 'UT01', 'TTMT'),
  ('SV0952', 'Võ Thị Linh', '2001-02-07', 'Nam', 'Huyện 1', '01', 'UT01', 'CNTT'),
  ('SV0953', 'Trần Huy Linh', '2001-03-25', 'Nữ', 'Huyện 1', '01', 'UT02', 'KTMT'),
  ('SV0954', 'Huỳnh Hữu Khánh', '2000-11-15', 'Nam', 'Thành phố Thủ Đức', '02', 'UT02', 'KTPM'),
  ('SV0955', 'Nguyễn Văn An', '2004-05-07', 'Nữ', 'Thành phố Thủ Đức', '02', 'UT02', 'KHLDL'),
  ('SV0956', 'Hoàng Thị Long', '2002-08-26', 'Nữ', 'Huyện 1', '01', 'UT02', 'KTPM'),
  ('SV0957', 'Vũ Văn Linh', '2005-04-18', 'Nam', 'Thành phố Thủ Đức', '02', 'UT01', 'KTMT'),
  ('SV0958', 'Đặng Mai Mai', '2004-02-20', 'Nam', 'Thành phố Thủ Đức', '02', 'UT02', 'ATTT'),
  ('SV0959', 'Nguyễn Minh Linh', '2003-09-10', 'Nam', 'Thành phố Thủ Đức', '02', 'UT02', 'CNTT_Nhat'),
  ('SV0960', 'Võ Thanh Hà', '2002-06-17', 'Nam', 'Huyện 1', '01', 'UT01', 'HTTT'),
  ('SV0961', 'Phạm Thanh Hùng', '2004-08-30', 'Nam', 'Huyện 1', '01', 'UT02', 'CNTT_Nhat'),
  ('SV0962', 'Phạm Minh Mai', '2001-10-04', 'Nam', 'Thành phố Thủ Đức', '02', 'UT02', 'TMDT'),
  ('SV0963', 'Vũ Mai Long', '2001-03-27', 'Nữ', 'Huyện 1', '01', 'UT02', 'CNTT_Nhat'),
  ('SV0964', 'Phạm Văn Hùng', '2004-12-10', 'Nam', 'Huyện 1', '01', 'UT01', 'KHLDL'),
  ('SV0965', 'Huỳnh Quang Dũng', '2002-06-10', 'Nam', 'Thành phố Thủ Đức', '02', 'UT02', 'VMC'),
  ('SV0966', 'Huỳnh Thị Khánh', '2003-02-19', 'Nam', 'Thành phố Thủ Đức', '02', 'UT02', 'TTNT'),
  ('SV0967', 'Nguyễn Huy Cường', '2005-07-10', 'Nữ', 'Thành phố Thủ Đức', '02', 'UT02', 'TTNT'),
  ('SV0968', 'Nguyễn Hữu Bình', '2000-10-02', 'Nam', 'Huyện 1', '01', 'UT02', 'KTMT'),
  ('SV0969', 'Vũ Thị Linh', '2004-10-25', 'Nam', 'Huyện 1', '01', 'UT01', 'TTNT'),
  ('SV0970', 'Nguyễn Anh Hoa', '2002-02-22', 'Nữ', 'Thành phố Thủ Đức', '02', 'UT01', 'HTTT'),
  ('SV0971', 'Vũ Thanh Mai', '2004-11-23', 'Nam', 'Thành phố Thủ Đức', '02', 'UT01', 'VMC'),
  ('SV0972', 'Phan Anh Cường', '2001-10-19', 'Nam', 'Huyện 1', '01', 'UT02', 'CNTT_Nhat'),
  ('SV0973', 'Nguyễn Thị Khánh', '2000-06-07', 'Nam', 'Thành phố Thủ Đức', '02', 'UT01', 'VMC'),
  ('SV0974', 'Huỳnh Mai An', '2002-11-28', 'Nam', 'Huyện 1', '01', 'UT02', 'TTMT'),
  ('SV0975', 'Huỳnh Thị Hùng', '2003-10-17', 'Nữ', 'Thành phố Thủ Đức', '02', 'UT02', 'KHLDL'),
  ('SV0976', 'Nguyễn Huy Linh', '2003-05-20', 'Nữ', 'Huyện 1', '01', 'UT01', 'KHLDL'),
  ('SV0977', 'Nguyễn Ngọc Cường', '2005-12-17', 'Nam', 'Thành phố Thủ Đức', '02', 'UT02', 'CNTT_Nhat'),
  ('SV0978', 'Võ Hữu Mai', '2001-09-11', 'Nam', 'Thành phố Thủ Đức', '02', 'UT02', 'KTMT'),
  ('SV0979', 'Hoàng Minh Hà', '2003-09-26', 'Nữ', 'Huyện 1', '01', 'UT02', 'ATTT'),
  ('SV0980', 'Lê Huy Mai', '2004-04-25', 'Nữ', 'Thành phố Thủ Đức', '02', 'UT01', 'KTMT'),
  ('SV0981', 'Đặng Ngọc Cường', '2003-08-24', 'Nam', 'Thành phố Thủ Đức', '02', 'UT01', 'TTMT'),
  ('SV0982', 'Huỳnh Quang Mai', '2003-03-11', 'Nữ', 'Thành phố Thủ Đức', '02', 'UT01', 'HTTT'),
  ('SV0983', 'Võ Thị Hùng', '2005-06-28', 'Nữ', 'Huyện 1', '01', 'UT02', 'KHLDL'),
  ('SV0984', 'Phan Quang An', '2001-05-07', 'Nữ', 'Thành phố Thủ Đức', '02', 'UT02', 'ATTT'),
  ('SV0985', 'Hoàng Văn Bình', '2003-03-29', 'Nam', 'Thành phố Thủ Đức', '02', 'UT02', 'VMC'),
  ('SV0986', 'Phạm Quang Mai', '2003-05-18', 'Nam', 'Thành phố Thủ Đức', '02', 'UT02', 'CNTT_Nhat'),
  ('SV0987', 'Huỳnh Ngọc Long', '2005-01-22', 'Nam', 'Huyện 1', '01', 'UT02', 'ATTT'),
  ('SV0988', 'Lê Ngọc Hà', '2005-03-03', 'Nữ', 'Huyện 1', '01', 'UT02', 'CNTT_Nhat'),
  ('SV0989', 'Hoàng Thanh An', '2002-12-16', 'Nam', 'Huyện 1', '01', 'UT01', 'TMDT'),
  ('SV0990', 'Vũ Quang Mai', '2004-05-01', 'Nam', 'Thành phố Thủ Đức', '02', 'UT01', 'KHMT'),
  ('SV0991', 'Huỳnh Minh Khánh', '2003-09-03', 'Nam', 'Thành phố Thủ Đức', '02', 'UT01', 'TMDT'),
  ('SV0992', 'Đặng Văn An', '2005-04-21', 'Nữ', 'Huyện 1', '01', 'UT01', 'VMC'),
  ('SV0993', 'Vũ Hữu Linh', '2003-12-16', 'Nữ', 'Huyện 1', '01', 'UT02', 'CNTT_Nhat'),
  ('SV0994', 'Nguyễn Văn Hoa', '2004-01-02', 'Nam', 'Huyện 1', '01', 'UT02', 'TTMT'),
  ('SV0995', 'Lê Huy Bình', '2001-05-06', 'Nam', 'Thành phố Thủ Đức', '02', 'UT02', 'TMDT'),
  ('SV0996', 'Hoàng Anh An', '2001-05-09', 'Nam', 'Huyện 1', '01', 'UT02', 'KHMT'),
  ('SV0997', 'Phan Ngọc Hùng', '2002-10-01', 'Nữ', 'Huyện 1', '01', 'UT01', 'KTPM'),
  ('SV0998', 'Nguyễn Hữu Khánh', '2001-03-25', 'Nữ', 'Thành phố Thủ Đức', '02', 'UT01', 'KTMT'),
  ('SV0999', 'Hoàng Mai An', '2001-06-21', 'Nữ', 'Thành phố Thủ Đức', '02', 'UT01', 'VMC'),
  ('SV1000', 'Hoàng Ngọc Hùng', '2002-06-29', 'Nam', 'Thành phố Thủ Đức', '02', 'UT02', 'CNTT_Nhat');

-- Thêm phiếu đăng ký và chi tiết đăng ký
INSERT INTO PHIEUDANGKY
  (MaPhieuDangKy, NgayLap, MaSoSinhVien, MaHocKy, SoTienDangKy, SoTienPhaiDong, SoTienDaDong, SoTienConLai, SoTinChiToiDa) VALUES
  ('PD003','2024-08-12','SV0003','HK1_2024', 17499990, 8749995, 8749995,      0, 15),
  ('PD004','2024-08-13','SV0004','HK1_2024', 35000000,17500000,17500000,      0, 15);

INSERT INTO CT_PHIEUDANGKY (MaPhieuDangKy, MaMonHoc) VALUES
  ('PD003','AI001'),('PD003','AI002'),
  ('PD004','AI301'),('PD004','AI302');

INSERT INTO PHIEUTHUHP (MaPhieuThu, NgayLap, MaPhieuDangKy, SoTienDong) VALUES
  ('PT003','2024-08-18','PD003',8749995),
  ('PT004','2024-08-19','PD004',17500000);

INSERT INTO BAOCAOSINHVIENNOHP (MaHocKy, MaSoSinhVien, MaPhieuDangKy) VALUES
  ('HK1_2024','SV0003','PD003'),
  ('HK1_2024','SV0004','PD004');


INSERT INTO PHIEUDANGKY
  (MaPhieuDangKy, NgayLap, MaSoSinhVien, MaHocKy, SoTienDangKy, SoTienPhaiDong, SoTienDaDong, SoTienConLai, SoTinChiToiDa) VALUES
  ('PD001','2024-08-10','SV0001','HK1_2024', 17499990,  8749995, 5000000, 3749995, 15),
  ('PD002','2024-08-11','SV0002','HK1_2024', 17499990, 5249997, 5249997, 0, 15);

INSERT INTO CT_PHIEUDANGKY (MaPhieuDangKy, MaMonHoc) VALUES
  ('PD001','GD001'),('PD001','CS101'),
  ('PD002','GD001'),('PD002','CN201');

INSERT INTO PHIEUTHUHP (MaPhieuThu, NgayLap, MaPhieuDangKy, SoTienDong) VALUES
  ('PT001','2024-08-15','PD001',5000000),
  ('PT002','2024-08-20','PD002',15000000);

INSERT INTO BAOCAOSINHVIENNOHP (MaHocKy, MaSoSinhVien, MaPhieuDangKy) VALUES
  ('HK1_2024','SV0001','PD001'),
  ('HK1_2024','SV0002','PD002');

INSERT INTO CHUCNANG (MaChucNang, TenChucNang, TenManHinhDuocLoad) VALUES
  ('CN01','Quản lý sinh viên','StudentManagement'),
  ('CN02','Đăng ký học phần','CourseRegistration'),
  ('CN03','Quản lý người dùng','UserManagement');
-- Thêm chức năng và nhóm mới
INSERT INTO CHUCNANG (MaChucNang, TenChucNang, TenManHinhDuocLoad) VALUES
  ('CN04','Quản lý học phí','TuitionManagement'),
  ('CN05','Báo cáo tổng hợp','ReportDashboard');

INSERT INTO NHOMNGUOIDUNG (MaNhom, TenNhom) VALUES
  ('N4','Kế toán');

-- Gán quyền
INSERT INTO PHANQUYEN (MaNhom, MaChucNang) VALUES
  ('N4','CN04'),('N4','CN05');

-- Thêm người dùng kế toán
INSERT INTO NGUOIDUNG (TenDangNhap, UserID, MatKhau, MaNhom, MaSoSinhVien) VALUES
  ('ketoan','U004','123','N4',NULL);


INSERT INTO NHOMNGUOIDUNG (MaNhom, TenNhom) VALUES
  ('N1','Admin'),
  ('N2','Giảng viên'),
  ('N3','Sinh viên');

INSERT INTO PHANQUYEN (MaNhom, MaChucNang) VALUES
  ('N1','CN01'),('N1','CN02'),('N1','CN03'),
  ('N2','CN02'),
  ('N3','CN02');

INSERT INTO NGUOIDUNG (TenDangNhap, UserID, MatKhau, MaNhom, MaSoSinhVien) VALUES
  ('admin','U001','123', 'N1', NULL),
  ('giangvien','U002','123', 'N2', NULL),
  ('sv0001','U003','123','N3','SV0001'),
  ('sv0002','U004','123','N3','SV0002'),
  ('sv0003','U005','123','N3','SV0003'),
  ('sv0004','U006','123','N3','SV0004'),
  ('sv0005','U007','123','N3','SV0005'),
  ('sv0006','U008','123','N3','SV0006'),
  ('sv0007','U009','123','N3','SV0007'),
  ('sv0008','U010','123','N3','SV0008'),
  ('sv0009','U011','123','N3','SV0009'),
  ('sv0010','U012','123','N3','SV0010'),
  ('sv0011','U013','123','N3','SV0011'),
  ('sv0012','U014','123','N3','SV0012'),
  ('sv0013','U015','123','N3','SV0013'),
  ('sv0014','U016','123','N3','SV0014'),
  ('sv0015','U017','123','N3','SV0015'),
  ('sv0016','U018','123','N3','SV0016'),
  ('sv0017','U019','123','N3','SV0017'),
  ('sv0018','U020','123','N3','SV0018'),
  ('sv0019','U021','123','N3','SV0019'),
  ('sv0020','U022','123','N3','SV0020'),
  ('sv0021','U023','123','N3','SV0021'),
  ('sv0022','U024','123','N3','SV0022'),
  ('sv0023','U025','123','N3','SV0023'),
  ('sv0024','U026','123','N3','SV0024'),
  ('sv0025','U027','123','N3','SV0025'),
  ('sv0026','U028','123','N3','SV0026'),
  ('sv0027','U029','123','N3','SV0027'),
  ('sv0028','U030','123','N3','SV0028'),
  ('sv0029','U031','123','N3','SV0029'),
  ('sv0030','U032','123','N3','SV0030'),
  ('sv0031','U033','123','N3','SV0031'),
  ('sv0032','U034','123','N3','SV0032'),
  ('sv0033','U035','123','N3','SV0033'),
  ('sv0034','U036','123','N3','SV0034'),
  ('sv0035','U037','123','N3','SV0035'),
  ('sv0036','U038','123','N3','SV0036'),
  ('sv0037','U039','123','N3','SV0037'),
  ('sv0038','U040','123','N3','SV0038'),
  ('sv0039','U041','123','N3','SV0039'),
  ('sv0040','U042','123','N3','SV0040'),
  ('sv0041','U043','123','N3','SV0041'),
  ('sv0042','U044','123','N3','SV0042'),
  ('sv0043','U045','123','N3','SV0043'),
  ('sv0044','U046','123','N3','SV0044'),
  ('sv0045','U047','123','N3','SV0045'),
  ('sv0046','U048','123','N3','SV0046'),
  ('sv0047','U049','123','N3','SV0047'),
  ('sv0048','U050','123','N3','SV0048'),
  ('sv0049','U051','123','N3','SV0049'),
  ('sv0050','U052','123','N3','SV0050'),
  ('sv0051','U053','123','N3','SV0051'),
  ('sv0052','U054','123','N3','SV0052'),
  ('sv0053','U055','123','N3','SV0053'),
  ('sv0054','U056','123','N3','SV0054'),
  ('sv0055','U057','123','N3','SV0055'),
  ('sv0056','U058','123','N3','SV0056'),
  ('sv0057','U059','123','N3','SV0057'),
  ('sv0058','U060','123','N3','SV0058'),
  ('sv0059','U061','123','N3','SV0059'),
  ('sv0060','U062','123','N3','SV0060'),
  ('sv0061','U063','123','N3','SV0061'),
  ('sv0062','U064','123','N3','SV0062'),
  ('sv0063','U065','123','N3','SV0063'),
  ('sv0064','U066','123','N3','SV0064'),
  ('sv0065','U067','123','N3','SV0065'),
  ('sv0066','U068','123','N3','SV0066'),
  ('sv0067','U069','123','N3','SV0067'),
  ('sv0068','U070','123','N3','SV0068'),
  ('sv0069','U071','123','N3','SV0069'),
  ('sv0070','U072','123','N3','SV0070'),
  ('sv0071','U073','123','N3','SV0071'),
  ('sv0072','U074','123','N3','SV0072'),
  ('sv0073','U075','123','N3','SV0073'),
  ('sv0074','U076','123','N3','SV0074'),
  ('sv0075','U077','123','N3','SV0075'),
  ('sv0076','U078','123','N3','SV0076'),
  ('sv0077','U079','123','N3','SV0077'),
  ('sv0078','U080','123','N3','SV0078'),
  ('sv0079','U081','123','N3','SV0079'),
  ('sv0080','U082','123','N3','SV0080'),
  ('sv0081','U083','123','N3','SV0081'),
  ('sv0082','U084','123','N3','SV0082'),
  ('sv0083','U085','123','N3','SV0083'),
  ('sv0084','U086','123','N3','SV0084'),
  ('sv0085','U087','123','N3','SV0085'),
  ('sv0086','U088','123','N3','SV0086'),
  ('sv0087','U089','123','N3','SV0087'),
  ('sv0088','U090','123','N3','SV0088'),
  ('sv0089','U091','123','N3','SV0089'),
  ('sv0090','U092','123','N3','SV0090'),
  ('sv0091','U093','123','N3','SV0091'),
  ('sv0092','U094','123','N3','SV0092'),
  ('sv0093','U095','123','N3','SV0093'),
  ('sv0094','U096','123','N3','SV0094'),
  ('sv0095','U097','123','N3','SV0095'),
  ('sv0096','U098','123','N3','SV0096'),
  ('sv0097','U099','123','N3','SV0097'),
  ('sv0098','U100','123','N3','SV0098'),
  ('sv0099','U101','123','N3','SV0099'),
  ('sv0100','U102','123','N3','SV0100'),
  ('sv0101','U103','123','N3','SV0101'),
  ('sv0102','U104','123','N3','SV0102'),
  ('sv0103','U105','123','N3','SV0103'),
  ('sv0104','U106','123','N3','SV0104'),
  ('sv0105','U107','123','N3','SV0105'),
  ('sv0106','U108','123','N3','SV0106'),
  ('sv0107','U109','123','N3','SV0107'),
  ('sv0108','U110','123','N3','SV0108'),
  ('sv0109','U111','123','N3','SV0109'),
  ('sv0110','U112','123','N3','SV0110'),
  ('sv0111','U113','123','N3','SV0111'),
  ('sv0112','U114','123','N3','SV0112'),
  ('sv0113','U115','123','N3','SV0113'),
  ('sv0114','U116','123','N3','SV0114'),
  ('sv0115','U117','123','N3','SV0115'),
  ('sv0116','U118','123','N3','SV0116'),
  ('sv0117','U119','123','N3','SV0117'),
  ('sv0118','U120','123','N3','SV0118'),
  ('sv0119','U121','123','N3','SV0119'),
  ('sv0120','U122','123','N3','SV0120'),
  ('sv0121','U123','123','N3','SV0121'),
  ('sv0122','U124','123','N3','SV0122'),
  ('sv0123','U125','123','N3','SV0123'),
  ('sv0124','U126','123','N3','SV0124'),
  ('sv0125','U127','123','N3','SV0125'),
  ('sv0126','U128','123','N3','SV0126'),
  ('sv0127','U129','123','N3','SV0127'),
  ('sv0128','U130','123','N3','SV0128'),
  ('sv0129','U131','123','N3','SV0129'),
  ('sv0130','U132','123','N3','SV0130'),
  ('sv0131','U133','123','N3','SV0131'),
  ('sv0132','U134','123','N3','SV0132'),
  ('sv0133','U135','123','N3','SV0133'),
  ('sv0134','U136','123','N3','SV0134'),
  ('sv0135','U137','123','N3','SV0135'),
  ('sv0136','U138','123','N3','SV0136'),
  ('sv0137','U139','123','N3','SV0137'),
  ('sv0138','U140','123','N3','SV0138'),
  ('sv0139','U141','123','N3','SV0139'),
  ('sv0140','U142','123','N3','SV0140'),
  ('sv0141','U143','123','N3','SV0141'),
  ('sv0142','U144','123','N3','SV0142'),
  ('sv0143','U145','123','N3','SV0143'),
  ('sv0144','U146','123','N3','SV0144'),
  ('sv0145','U147','123','N3','SV0145'),
  ('sv0146','U148','123','N3','SV0146'),
  ('sv0147','U149','123','N3','SV0147'),
  ('sv0148','U150','123','N3','SV0148'),
  ('sv0149','U151','123','N3','SV0149'),
  ('sv0150','U152','123','N3','SV0150'),
  ('sv0151','U153','123','N3','SV0151'),
  ('sv0152','U154','123','N3','SV0152'),
  ('sv0153','U155','123','N3','SV0153'),
  ('sv0154','U156','123','N3','SV0154'),
  ('sv0155','U157','123','N3','SV0155'),
  ('sv0156','U158','123','N3','SV0156'),
  ('sv0157','U159','123','N3','SV0157'),
  ('sv0158','U160','123','N3','SV0158'),
  ('sv0159','U161','123','N3','SV0159'),
  ('sv0160','U162','123','N3','SV0160'),
  ('sv0161','U163','123','N3','SV0161'),
  ('sv0162','U164','123','N3','SV0162'),
  ('sv0163','U165','123','N3','SV0163'),
  ('sv0164','U166','123','N3','SV0164'),
  ('sv0165','U167','123','N3','SV0165'),
  ('sv0166','U168','123','N3','SV0166'),
  ('sv0167','U169','123','N3','SV0167'),
  ('sv0168','U170','123','N3','SV0168'),
  ('sv0169','U171','123','N3','SV0169'),
  ('sv0170','U172','123','N3','SV0170'),
  ('sv0171','U173','123','N3','SV0171'),
  ('sv0172','U174','123','N3','SV0172'),
  ('sv0173','U175','123','N3','SV0173'),
  ('sv0174','U176','123','N3','SV0174'),
  ('sv0175','U177','123','N3','SV0175'),
  ('sv0176','U178','123','N3','SV0176'),
  ('sv0177','U179','123','N3','SV0177'),
  ('sv0178','U180','123','N3','SV0178'),
  ('sv0179','U181','123','N3','SV0179'),
  ('sv0180','U182','123','N3','SV0180'),
  ('sv0181','U183','123','N3','SV0181'),
  ('sv0182','U184','123','N3','SV0182'),
  ('sv0183','U185','123','N3','SV0183'),
  ('sv0184','U186','123','N3','SV0184'),
  ('sv0185','U187','123','N3','SV0185'),
  ('sv0186','U188','123','N3','SV0186'),
  ('sv0187','U189','123','N3','SV0187'),
  ('sv0188','U190','123','N3','SV0188'),
  ('sv0189','U191','123','N3','SV0189'),
  ('sv0190','U192','123','N3','SV0190'),
  ('sv0191','U193','123','N3','SV0191'),
  ('sv0192','U194','123','N3','SV0192'),
  ('sv0193','U195','123','N3','SV0193'),
  ('sv0194','U196','123','N3','SV0194'),
  ('sv0195','U197','123','N3','SV0195'),
  ('sv0196','U198','123','N3','SV0196'),
  ('sv0197','U199','123','N3','SV0197'),
  ('sv0198','U200','123','N3','SV0198'),
  ('sv0199','U201','123','N3','SV0199'),
  ('sv0200','U202','123','N3','SV0200'),
  ('sv0201','U203','123','N3','SV0201'),
  ('sv0202','U204','123','N3','SV0202'),
  ('sv0203','U205','123','N3','SV0203'),
  ('sv0204','U206','123','N3','SV0204'),
  ('sv0205','U207','123','N3','SV0205'),
  ('sv0206','U208','123','N3','SV0206'),
  ('sv0207','U209','123','N3','SV0207'),
  ('sv0208','U210','123','N3','SV0208'),
  ('sv0209','U211','123','N3','SV0209'),
  ('sv0210','U212','123','N3','SV0210'),
  ('sv0211','U213','123','N3','SV0211'),
  ('sv0212','U214','123','N3','SV0212'),
  ('sv0213','U215','123','N3','SV0213'),
  ('sv0214','U216','123','N3','SV0214'),
  ('sv0215','U217','123','N3','SV0215'),
  ('sv0216','U218','123','N3','SV0216'),
  ('sv0217','U219','123','N3','SV0217'),
  ('sv0218','U220','123','N3','SV0218'),
  ('sv0219','U221','123','N3','SV0219'),
  ('sv0220','U222','123','N3','SV0220'),
  ('sv0221','U223','123','N3','SV0221'),
  ('sv0222','U224','123','N3','SV0222'),
  ('sv0223','U225','123','N3','SV0223'),
  ('sv0224','U226','123','N3','SV0224'),
  ('sv0225','U227','123','N3','SV0225'),
  ('sv0226','U228','123','N3','SV0226'),
  ('sv0227','U229','123','N3','SV0227'),
  ('sv0228','U230','123','N3','SV0228'),
  ('sv0229','U231','123','N3','SV0229'),
  ('sv0230','U232','123','N3','SV0230'),
  ('sv0231','U233','123','N3','SV0231'),
  ('sv0232','U234','123','N3','SV0232'),
  ('sv0233','U235','123','N3','SV0233'),
  ('sv0234','U236','123','N3','SV0234'),
  ('sv0235','U237','123','N3','SV0235'),
  ('sv0236','U238','123','N3','SV0236'),
  ('sv0237','U239','123','N3','SV0237'),
  ('sv0238','U240','123','N3','SV0238'),
  ('sv0239','U241','123','N3','SV0239'),
  ('sv0240','U242','123','N3','SV0240'),
  ('sv0241','U243','123','N3','SV0241'),
  ('sv0242','U244','123','N3','SV0242'),
  ('sv0243','U245','123','N3','SV0243'),
  ('sv0244','U246','123','N3','SV0244'),
  ('sv0245','U247','123','N3','SV0245'),
  ('sv0246','U248','123','N3','SV0246'),
  ('sv0247','U249','123','N3','SV0247'),
  ('sv0248','U250','123','N3','SV0248'),
  ('sv0249','U251','123','N3','SV0249'),
  ('sv0250','U252','123','N3','SV0250'),
  ('sv0251','U253','123','N3','SV0251'),
  ('sv0252','U254','123','N3','SV0252'),
  ('sv0253','U255','123','N3','SV0253'),
  ('sv0254','U256','123','N3','SV0254'),
  ('sv0255','U257','123','N3','SV0255'),
  ('sv0256','U258','123','N3','SV0256'),
  ('sv0257','U259','123','N3','SV0257'),
  ('sv0258','U260','123','N3','SV0258'),
  ('sv0259','U261','123','N3','SV0259'),
  ('sv0260','U262','123','N3','SV0260'),
  ('sv0261','U263','123','N3','SV0261'),
  ('sv0262','U264','123','N3','SV0262'),
  ('sv0263','U265','123','N3','SV0263'),
  ('sv0264','U266','123','N3','SV0264'),
  ('sv0265','U267','123','N3','SV0265'),
  ('sv0266','U268','123','N3','SV0266'),
  ('sv0267','U269','123','N3','SV0267'),
  ('sv0268','U270','123','N3','SV0268'),
  ('sv0269','U271','123','N3','SV0269'),
  ('sv0270','U272','123','N3','SV0270'),
  ('sv0271','U273','123','N3','SV0271'),
  ('sv0272','U274','123','N3','SV0272'),
  ('sv0273','U275','123','N3','SV0273'),
  ('sv0274','U276','123','N3','SV0274'),
  ('sv0275','U277','123','N3','SV0275'),
  ('sv0276','U278','123','N3','SV0276'),
  ('sv0277','U279','123','N3','SV0277'),
  ('sv0278','U280','123','N3','SV0278'),
  ('sv0279','U281','123','N3','SV0279'),
  ('sv0280','U282','123','N3','SV0280'),
  ('sv0281','U283','123','N3','SV0281'),
  ('sv0282','U284','123','N3','SV0282'),
  ('sv0283','U285','123','N3','SV0283'),
  ('sv0284','U286','123','N3','SV0284'),
  ('sv0285','U287','123','N3','SV0285'),
  ('sv0286','U288','123','N3','SV0286'),
  ('sv0287','U289','123','N3','SV0287'),
  ('sv0288','U290','123','N3','SV0288'),
  ('sv0289','U291','123','N3','SV0289'),
  ('sv0290','U292','123','N3','SV0290'),
  ('sv0291','U293','123','N3','SV0291'),
  ('sv0292','U294','123','N3','SV0292'),
  ('sv0293','U295','123','N3','SV0293'),
  ('sv0294','U296','123','N3','SV0294'),
  ('sv0295','U297','123','N3','SV0295'),
  ('sv0296','U298','123','N3','SV0296'),
  ('sv0297','U299','123','N3','SV0297'),
  ('sv0298','U300','123','N3','SV0298'),
  ('sv0299','U301','123','N3','SV0299'),
  ('sv0300','U302','123','N3','SV0300'),
  ('sv0301','U303','123','N3','SV0301'),
  ('sv0302','U304','123','N3','SV0302'),
  ('sv0303','U305','123','N3','SV0303'),
  ('sv0304','U306','123','N3','SV0304'),
  ('sv0305','U307','123','N3','SV0305'),
  ('sv0306','U308','123','N3','SV0306'),
  ('sv0307','U309','123','N3','SV0307'),
  ('sv0308','U310','123','N3','SV0308'),
  ('sv0309','U311','123','N3','SV0309'),
  ('sv0310','U312','123','N3','SV0310'),
  ('sv0311','U313','123','N3','SV0311'),
  ('sv0312','U314','123','N3','SV0312'),
  ('sv0313','U315','123','N3','SV0313'),
  ('sv0314','U316','123','N3','SV0314'),
  ('sv0315','U317','123','N3','SV0315'),
  ('sv0316','U318','123','N3','SV0316'),
  ('sv0317','U319','123','N3','SV0317'),
  ('sv0318','U320','123','N3','SV0318'),
  ('sv0319','U321','123','N3','SV0319'),
  ('sv0320','U322','123','N3','SV0320'),
  ('sv0321','U323','123','N3','SV0321'),
  ('sv0322','U324','123','N3','SV0322'),
  ('sv0323','U325','123','N3','SV0323'),
  ('sv0324','U326','123','N3','SV0324'),
  ('sv0325','U327','123','N3','SV0325'),
  ('sv0326','U328','123','N3','SV0326'),
  ('sv0327','U329','123','N3','SV0327'),
  ('sv0328','U330','123','N3','SV0328'),
  ('sv0329','U331','123','N3','SV0329'),
  ('sv0330','U332','123','N3','SV0330'),
  ('sv0331','U333','123','N3','SV0331'),
  ('sv0332','U334','123','N3','SV0332'),
  ('sv0333','U335','123','N3','SV0333'),
  ('sv0334','U336','123','N3','SV0334'),
  ('sv0335','U337','123','N3','SV0335'),
  ('sv0336','U338','123','N3','SV0336'),
  ('sv0337','U339','123','N3','SV0337'),
  ('sv0338','U340','123','N3','SV0338'),
  ('sv0339','U341','123','N3','SV0339'),
  ('sv0340','U342','123','N3','SV0340'),
  ('sv0341','U343','123','N3','SV0341'),
  ('sv0342','U344','123','N3','SV0342'),
  ('sv0343','U345','123','N3','SV0343'),
  ('sv0344','U346','123','N3','SV0344'),
  ('sv0345','U347','123','N3','SV0345'),
  ('sv0346','U348','123','N3','SV0346'),
  ('sv0347','U349','123','N3','SV0347'),
  ('sv0348','U350','123','N3','SV0348'),
  ('sv0349','U351','123','N3','SV0349'),
  ('sv0350','U352','123','N3','SV0350'),
  ('sv0351','U353','123','N3','SV0351'),
  ('sv0352','U354','123','N3','SV0352'),
  ('sv0353','U355','123','N3','SV0353'),
  ('sv0354','U356','123','N3','SV0354'),
  ('sv0355','U357','123','N3','SV0355'),
  ('sv0356','U358','123','N3','SV0356'),
  ('sv0357','U359','123','N3','SV0357'),
  ('sv0358','U360','123','N3','SV0358'),
  ('sv0359','U361','123','N3','SV0359'),
  ('sv0360','U362','123','N3','SV0360'),
  ('sv0361','U363','123','N3','SV0361'),
  ('sv0362','U364','123','N3','SV0362'),
  ('sv0363','U365','123','N3','SV0363'),
  ('sv0364','U366','123','N3','SV0364'),
  ('sv0365','U367','123','N3','SV0365'),
  ('sv0366','U368','123','N3','SV0366'),
  ('sv0367','U369','123','N3','SV0367'),
  ('sv0368','U370','123','N3','SV0368'),
  ('sv0369','U371','123','N3','SV0369'),
  ('sv0370','U372','123','N3','SV0370'),
  ('sv0371','U373','123','N3','SV0371'),
  ('sv0372','U374','123','N3','SV0372'),
  ('sv0373','U375','123','N3','SV0373'),
  ('sv0374','U376','123','N3','SV0374'),
  ('sv0375','U377','123','N3','SV0375'),
  ('sv0376','U378','123','N3','SV0376'),
  ('sv0377','U379','123','N3','SV0377'),
  ('sv0378','U380','123','N3','SV0378'),
  ('sv0379','U381','123','N3','SV0379'),
  ('sv0380','U382','123','N3','SV0380'),
  ('sv0381','U383','123','N3','SV0381'),
  ('sv0382','U384','123','N3','SV0382'),
  ('sv0383','U385','123','N3','SV0383'),
  ('sv0384','U386','123','N3','SV0384'),
  ('sv0385','U387','123','N3','SV0385'),
  ('sv0386','U388','123','N3','SV0386'),
  ('sv0387','U389','123','N3','SV0387'),
  ('sv0388','U390','123','N3','SV0388'),
  ('sv0389','U391','123','N3','SV0389'),
  ('sv0390','U392','123','N3','SV0390'),
  ('sv0391','U393','123','N3','SV0391'),
  ('sv0392','U394','123','N3','SV0392'),
  ('sv0393','U395','123','N3','SV0393'),
  ('sv0394','U396','123','N3','SV0394'),
  ('sv0395','U397','123','N3','SV0395'),
  ('sv0396','U398','123','N3','SV0396'),
  ('sv0397','U399','123','N3','SV0397'),
  ('sv0398','U400','123','N3','SV0398'),
  ('sv0399','U401','123','N3','SV0399'),
  ('sv0400','U402','123','N3','SV0400'),
  ('sv0401','U403','123','N3','SV0401'),
  ('sv0402','U404','123','N3','SV0402'),
  ('sv0403','U405','123','N3','SV0403'),
  ('sv0404','U406','123','N3','SV0404'),
  ('sv0405','U407','123','N3','SV0405'),
  ('sv0406','U408','123','N3','SV0406'),
  ('sv0407','U409','123','N3','SV0407'),
  ('sv0408','U410','123','N3','SV0408'),
  ('sv0409','U411','123','N3','SV0409'),
  ('sv0410','U412','123','N3','SV0410'),
  ('sv0411','U413','123','N3','SV0411'),
  ('sv0412','U414','123','N3','SV0412'),
  ('sv0413','U415','123','N3','SV0413'),
  ('sv0414','U416','123','N3','SV0414'),
  ('sv0415','U417','123','N3','SV0415'),
  ('sv0416','U418','123','N3','SV0416'),
  ('sv0417','U419','123','N3','SV0417'),
  ('sv0418','U420','123','N3','SV0418'),
  ('sv0419','U421','123','N3','SV0419'),
  ('sv0420','U422','123','N3','SV0420'),
  ('sv0421','U423','123','N3','SV0421'),
  ('sv0422','U424','123','N3','SV0422'),
  ('sv0423','U425','123','N3','SV0423'),
  ('sv0424','U426','123','N3','SV0424'),
  ('sv0425','U427','123','N3','SV0425'),
  ('sv0426','U428','123','N3','SV0426'),
  ('sv0427','U429','123','N3','SV0427'),
  ('sv0428','U430','123','N3','SV0428'),
  ('sv0429','U431','123','N3','SV0429'),
  ('sv0430','U432','123','N3','SV0430'),
  ('sv0431','U433','123','N3','SV0431'),
  ('sv0432','U434','123','N3','SV0432'),
  ('sv0433','U435','123','N3','SV0433'),
  ('sv0434','U436','123','N3','SV0434'),
  ('sv0435','U437','123','N3','SV0435'),
  ('sv0436','U438','123','N3','SV0436'),
  ('sv0437','U439','123','N3','SV0437'),
  ('sv0438','U440','123','N3','SV0438'),
  ('sv0439','U441','123','N3','SV0439'),
  ('sv0440','U442','123','N3','SV0440'),
  ('sv0441','U443','123','N3','SV0441'),
  ('sv0442','U444','123','N3','SV0442'),
  ('sv0443','U445','123','N3','SV0443'),
  ('sv0444','U446','123','N3','SV0444'),
  ('sv0445','U447','123','N3','SV0445'),
  ('sv0446','U448','123','N3','SV0446'),
  ('sv0447','U449','123','N3','SV0447'),
  ('sv0448','U450','123','N3','SV0448'),
  ('sv0449','U451','123','N3','SV0449'),
  ('sv0450','U452','123','N3','SV0450'),
  ('sv0451','U453','123','N3','SV0451'),
  ('sv0452','U454','123','N3','SV0452'),
  ('sv0453','U455','123','N3','SV0453'),
  ('sv0454','U456','123','N3','SV0454'),
  ('sv0455','U457','123','N3','SV0455'),
  ('sv0456','U458','123','N3','SV0456'),
  ('sv0457','U459','123','N3','SV0457'),
  ('sv0458','U460','123','N3','SV0458'),
  ('sv0459','U461','123','N3','SV0459'),
  ('sv0460','U462','123','N3','SV0460'),
  ('sv0461','U463','123','N3','SV0461'),
  ('sv0462','U464','123','N3','SV0462'),
  ('sv0463','U465','123','N3','SV0463'),
  ('sv0464','U466','123','N3','SV0464'),
  ('sv0465','U467','123','N3','SV0465'),
  ('sv0466','U468','123','N3','SV0466'),
  ('sv0467','U469','123','N3','SV0467'),
  ('sv0468','U470','123','N3','SV0468'),
  ('sv0469','U471','123','N3','SV0469'),
  ('sv0470','U472','123','N3','SV0470'),
  ('sv0471','U473','123','N3','SV0471'),
  ('sv0472','U474','123','N3','SV0472'),
  ('sv0473','U475','123','N3','SV0473'),
  ('sv0474','U476','123','N3','SV0474'),
  ('sv0475','U477','123','N3','SV0475'),
  ('sv0476','U478','123','N3','SV0476'),
  ('sv0477','U479','123','N3','SV0477'),
  ('sv0478','U480','123','N3','SV0478'),
  ('sv0479','U481','123','N3','SV0479'),
  ('sv0480','U482','123','N3','SV0480'),
  ('sv0481','U483','123','N3','SV0481'),
  ('sv0482','U484','123','N3','SV0482'),
  ('sv0483','U485','123','N3','SV0483'),
  ('sv0484','U486','123','N3','SV0484'),
  ('sv0485','U487','123','N3','SV0485'),
  ('sv0486','U488','123','N3','SV0486'),
  ('sv0487','U489','123','N3','SV0487'),
  ('sv0488','U490','123','N3','SV0488'),
  ('sv0489','U491','123','N3','SV0489'),
  ('sv0490','U492','123','N3','SV0490'),
  ('sv0491','U493','123','N3','SV0491'),
  ('sv0492','U494','123','N3','SV0492'),
  ('sv0493','U495','123','N3','SV0493'),
  ('sv0494','U496','123','N3','SV0494'),
  ('sv0495','U497','123','N3','SV0495'),
  ('sv0496','U498','123','N3','SV0496'),
  ('sv0497','U499','123','N3','SV0497'),
  ('sv0498','U500','123','N3','SV0498'),
  ('sv0499','U501','123','N3','SV0499'),
  ('sv0500','U502','123','N3','SV0500'),
  ('sv0501','U503','123','N3','SV0501'),
  ('sv0502','U504','123','N3','SV0502'),
  ('sv0503','U505','123','N3','SV0503'),
  ('sv0504','U506','123','N3','SV0504'),
  ('sv0505','U507','123','N3','SV0505'),
  ('sv0506','U508','123','N3','SV0506'),
  ('sv0507','U509','123','N3','SV0507'),
  ('sv0508','U510','123','N3','SV0508'),
  ('sv0509','U511','123','N3','SV0509'),
  ('sv0510','U512','123','N3','SV0510'),
  ('sv0511','U513','123','N3','SV0511'),
  ('sv0512','U514','123','N3','SV0512'),
  ('sv0513','U515','123','N3','SV0513'),
  ('sv0514','U516','123','N3','SV0514'),
  ('sv0515','U517','123','N3','SV0515'),
  ('sv0516','U518','123','N3','SV0516'),
  ('sv0517','U519','123','N3','SV0517'),
  ('sv0518','U520','123','N3','SV0518'),
  ('sv0519','U521','123','N3','SV0519'),
  ('sv0520','U522','123','N3','SV0520'),
  ('sv0521','U523','123','N3','SV0521'),
  ('sv0522','U524','123','N3','SV0522'),
  ('sv0523','U525','123','N3','SV0523'),
  ('sv0524','U526','123','N3','SV0524'),
  ('sv0525','U527','123','N3','SV0525'),
  ('sv0526','U528','123','N3','SV0526'),
  ('sv0527','U529','123','N3','SV0527'),
  ('sv0528','U530','123','N3','SV0528'),
  ('sv0529','U531','123','N3','SV0529'),
  ('sv0530','U532','123','N3','SV0530'),
  ('sv0531','U533','123','N3','SV0531'),
  ('sv0532','U534','123','N3','SV0532'),
  ('sv0533','U535','123','N3','SV0533'),
  ('sv0534','U536','123','N3','SV0534'),
  ('sv0535','U537','123','N3','SV0535'),
  ('sv0536','U538','123','N3','SV0536'),
  ('sv0537','U539','123','N3','SV0537'),
  ('sv0538','U540','123','N3','SV0538'),
  ('sv0539','U541','123','N3','SV0539'),
  ('sv0540','U542','123','N3','SV0540'),
  ('sv0541','U543','123','N3','SV0541'),
  ('sv0542','U544','123','N3','SV0542'),
  ('sv0543','U545','123','N3','SV0543'),
  ('sv0544','U546','123','N3','SV0544'),
  ('sv0545','U547','123','N3','SV0545'),
  ('sv0546','U548','123','N3','SV0546'),
  ('sv0547','U549','123','N3','SV0547'),
  ('sv0548','U550','123','N3','SV0548'),
  ('sv0549','U551','123','N3','SV0549'),
  ('sv0550','U552','123','N3','SV0550'),
  ('sv0551','U553','123','N3','SV0551'),
  ('sv0552','U554','123','N3','SV0552'),
  ('sv0553','U555','123','N3','SV0553'),
  ('sv0554','U556','123','N3','SV0554'),
  ('sv0555','U557','123','N3','SV0555'),
  ('sv0556','U558','123','N3','SV0556'),
  ('sv0557','U559','123','N3','SV0557'),
  ('sv0558','U560','123','N3','SV0558'),
  ('sv0559','U561','123','N3','SV0559'),
  ('sv0560','U562','123','N3','SV0560'),
  ('sv0561','U563','123','N3','SV0561'),
  ('sv0562','U564','123','N3','SV0562'),
  ('sv0563','U565','123','N3','SV0563'),
  ('sv0564','U566','123','N3','SV0564'),
  ('sv0565','U567','123','N3','SV0565'),
  ('sv0566','U568','123','N3','SV0566'),
  ('sv0567','U569','123','N3','SV0567'),
  ('sv0568','U570','123','N3','SV0568'),
  ('sv0569','U571','123','N3','SV0569'),
  ('sv0570','U572','123','N3','SV0570'),
  ('sv0571','U573','123','N3','SV0571'),
  ('sv0572','U574','123','N3','SV0572'),
  ('sv0573','U575','123','N3','SV0573'),
  ('sv0574','U576','123','N3','SV0574'),
  ('sv0575','U577','123','N3','SV0575'),
  ('sv0576','U578','123','N3','SV0576'),
  ('sv0577','U579','123','N3','SV0577'),
  ('sv0578','U580','123','N3','SV0578'),
  ('sv0579','U581','123','N3','SV0579'),
  ('sv0580','U582','123','N3','SV0580'),
  ('sv0581','U583','123','N3','SV0581'),
  ('sv0582','U584','123','N3','SV0582'),
  ('sv0583','U585','123','N3','SV0583'),
  ('sv0584','U586','123','N3','SV0584'),
  ('sv0585','U587','123','N3','SV0585'),
  ('sv0586','U588','123','N3','SV0586'),
  ('sv0587','U589','123','N3','SV0587'),
  ('sv0588','U590','123','N3','SV0588'),
  ('sv0589','U591','123','N3','SV0589'),
  ('sv0590','U592','123','N3','SV0590'),
  ('sv0591','U593','123','N3','SV0591'),
  ('sv0592','U594','123','N3','SV0592'),
  ('sv0593','U595','123','N3','SV0593'),
  ('sv0594','U596','123','N3','SV0594'),
  ('sv0595','U597','123','N3','SV0595'),
  ('sv0596','U598','123','N3','SV0596'),
  ('sv0597','U599','123','N3','SV0597'),
  ('sv0598','U600','123','N3','SV0598'),
  ('sv0599','U601','123','N3','SV0599'),
  ('sv0600','U602','123','N3','SV0600'),
  ('sv0601','U603','123','N3','SV0601'),
  ('sv0602','U604','123','N3','SV0602'),
  ('sv0603','U605','123','N3','SV0603'),
  ('sv0604','U606','123','N3','SV0604'),
  ('sv0605','U607','123','N3','SV0605'),
  ('sv0606','U608','123','N3','SV0606'),
  ('sv0607','U609','123','N3','SV0607'),
  ('sv0608','U610','123','N3','SV0608'),
  ('sv0609','U611','123','N3','SV0609'),
  ('sv0610','U612','123','N3','SV0610'),
  ('sv0611','U613','123','N3','SV0611'),
  ('sv0612','U614','123','N3','SV0612'),
  ('sv0613','U615','123','N3','SV0613'),
  ('sv0614','U616','123','N3','SV0614'),
  ('sv0615','U617','123','N3','SV0615'),
  ('sv0616','U618','123','N3','SV0616'),
  ('sv0617','U619','123','N3','SV0617'),
  ('sv0618','U620','123','N3','SV0618'),
  ('sv0619','U621','123','N3','SV0619'),
  ('sv0620','U622','123','N3','SV0620'),
  ('sv0621','U623','123','N3','SV0621'),
  ('sv0622','U624','123','N3','SV0622'),
  ('sv0623','U625','123','N3','SV0623'),
  ('sv0624','U626','123','N3','SV0624'),
  ('sv0625','U627','123','N3','SV0625'),
  ('sv0626','U628','123','N3','SV0626'),
  ('sv0627','U629','123','N3','SV0627'),
  ('sv0628','U630','123','N3','SV0628'),
  ('sv0629','U631','123','N3','SV0629'),
  ('sv0630','U632','123','N3','SV0630'),
  ('sv0631','U633','123','N3','SV0631'),
  ('sv0632','U634','123','N3','SV0632'),
  ('sv0633','U635','123','N3','SV0633'),
  ('sv0634','U636','123','N3','SV0634'),
  ('sv0635','U637','123','N3','SV0635'),
  ('sv0636','U638','123','N3','SV0636'),
  ('sv0637','U639','123','N3','SV0637'),
  ('sv0638','U640','123','N3','SV0638'),
  ('sv0639','U641','123','N3','SV0639'),
  ('sv0640','U642','123','N3','SV0640'),
  ('sv0641','U643','123','N3','SV0641'),
  ('sv0642','U644','123','N3','SV0642'),
  ('sv0643','U645','123','N3','SV0643'),
  ('sv0644','U646','123','N3','SV0644'),
  ('sv0645','U647','123','N3','SV0645'),
  ('sv0646','U648','123','N3','SV0646'),
  ('sv0647','U649','123','N3','SV0647'),
  ('sv0648','U650','123','N3','SV0648'),
  ('sv0649','U651','123','N3','SV0649'),
  ('sv0650','U652','123','N3','SV0650'),
  ('sv0651','U653','123','N3','SV0651'),
  ('sv0652','U654','123','N3','SV0652'),
  ('sv0653','U655','123','N3','SV0653'),
  ('sv0654','U656','123','N3','SV0654'),
  ('sv0655','U657','123','N3','SV0655'),
  ('sv0656','U658','123','N3','SV0656'),
  ('sv0657','U659','123','N3','SV0657'),
  ('sv0658','U660','123','N3','SV0658'),
  ('sv0659','U661','123','N3','SV0659'),
  ('sv0660','U662','123','N3','SV0660'),
  ('sv0661','U663','123','N3','SV0661'),
  ('sv0662','U664','123','N3','SV0662'),
  ('sv0663','U665','123','N3','SV0663'),
  ('sv0664','U666','123','N3','SV0664'),
  ('sv0665','U667','123','N3','SV0665'),
  ('sv0666','U668','123','N3','SV0666'),
  ('sv0667','U669','123','N3','SV0667'),
  ('sv0668','U670','123','N3','SV0668'),
  ('sv0669','U671','123','N3','SV0669'),
  ('sv0670','U672','123','N3','SV0670'),
  ('sv0671','U673','123','N3','SV0671'),
  ('sv0672','U674','123','N3','SV0672'),
  ('sv0673','U675','123','N3','SV0673'),
  ('sv0674','U676','123','N3','SV0674'),
  ('sv0675','U677','123','N3','SV0675'),
  ('sv0676','U678','123','N3','SV0676'),
  ('sv0677','U679','123','N3','SV0677'),
  ('sv0678','U680','123','N3','SV0678'),
  ('sv0679','U681','123','N3','SV0679'),
  ('sv0680','U682','123','N3','SV0680'),
  ('sv0681','U683','123','N3','SV0681'),
  ('sv0682','U684','123','N3','SV0682'),
  ('sv0683','U685','123','N3','SV0683'),
  ('sv0684','U686','123','N3','SV0684'),
  ('sv0685','U687','123','N3','SV0685'),
  ('sv0686','U688','123','N3','SV0686'),
  ('sv0687','U689','123','N3','SV0687'),
  ('sv0688','U690','123','N3','SV0688'),
  ('sv0689','U691','123','N3','SV0689'),
  ('sv0690','U692','123','N3','SV0690'),
  ('sv0691','U693','123','N3','SV0691'),
  ('sv0692','U694','123','N3','SV0692'),
  ('sv0693','U695','123','N3','SV0693'),
  ('sv0694','U696','123','N3','SV0694'),
  ('sv0695','U697','123','N3','SV0695'),
  ('sv0696','U698','123','N3','SV0696'),
  ('sv0697','U699','123','N3','SV0697'),
  ('sv0698','U700','123','N3','SV0698'),
  ('sv0699','U701','123','N3','SV0699'),
  ('sv0700','U702','123','N3','SV0700'),
  ('sv0701','U703','123','N3','SV0701'),
  ('sv0702','U704','123','N3','SV0702'),
  ('sv0703','U705','123','N3','SV0703'),
  ('sv0704','U706','123','N3','SV0704'),
  ('sv0705','U707','123','N3','SV0705'),
  ('sv0706','U708','123','N3','SV0706'),
  ('sv0707','U709','123','N3','SV0707'),
  ('sv0708','U710','123','N3','SV0708'),
  ('sv0709','U711','123','N3','SV0709'),
  ('sv0710','U712','123','N3','SV0710'),
  ('sv0711','U713','123','N3','SV0711'),
  ('sv0712','U714','123','N3','SV0712'),
  ('sv0713','U715','123','N3','SV0713'),
  ('sv0714','U716','123','N3','SV0714'),
  ('sv0715','U717','123','N3','SV0715'),
  ('sv0716','U718','123','N3','SV0716'),
  ('sv0717','U719','123','N3','SV0717'),
  ('sv0718','U720','123','N3','SV0718'),
  ('sv0719','U721','123','N3','SV0719'),
  ('sv0720','U722','123','N3','SV0720'),
  ('sv0721','U723','123','N3','SV0721'),
  ('sv0722','U724','123','N3','SV0722'),
  ('sv0723','U725','123','N3','SV0723'),
  ('sv0724','U726','123','N3','SV0724'),
  ('sv0725','U727','123','N3','SV0725'),
  ('sv0726','U728','123','N3','SV0726'),
  ('sv0727','U729','123','N3','SV0727'),
  ('sv0728','U730','123','N3','SV0728'),
  ('sv0729','U731','123','N3','SV0729'),
  ('sv0730','U732','123','N3','SV0730'),
  ('sv0731','U733','123','N3','SV0731'),
  ('sv0732','U734','123','N3','SV0732'),
  ('sv0733','U735','123','N3','SV0733'),
  ('sv0734','U736','123','N3','SV0734'),
  ('sv0735','U737','123','N3','SV0735'),
  ('sv0736','U738','123','N3','SV0736'),
  ('sv0737','U739','123','N3','SV0737'),
  ('sv0738','U740','123','N3','SV0738'),
  ('sv0739','U741','123','N3','SV0739'),
  ('sv0740','U742','123','N3','SV0740'),
  ('sv0741','U743','123','N3','SV0741'),
  ('sv0742','U744','123','N3','SV0742'),
  ('sv0743','U745','123','N3','SV0743'),
  ('sv0744','U746','123','N3','SV0744'),
  ('sv0745','U747','123','N3','SV0745'),
  ('sv0746','U748','123','N3','SV0746'),
  ('sv0747','U749','123','N3','SV0747'),
  ('sv0748','U750','123','N3','SV0748'),
  ('sv0749','U751','123','N3','SV0749'),
  ('sv0750','U752','123','N3','SV0750'),
  ('sv0751','U753','123','N3','SV0751'),
  ('sv0752','U754','123','N3','SV0752'),
  ('sv0753','U755','123','N3','SV0753'),
  ('sv0754','U756','123','N3','SV0754'),
  ('sv0755','U757','123','N3','SV0755'),
  ('sv0756','U758','123','N3','SV0756'),
  ('sv0757','U759','123','N3','SV0757'),
  ('sv0758','U760','123','N3','SV0758'),
  ('sv0759','U761','123','N3','SV0759'),
  ('sv0760','U762','123','N3','SV0760'),
  ('sv0761','U763','123','N3','SV0761'),
  ('sv0762','U764','123','N3','SV0762'),
  ('sv0763','U765','123','N3','SV0763'),
  ('sv0764','U766','123','N3','SV0764'),
  ('sv0765','U767','123','N3','SV0765'),
  ('sv0766','U768','123','N3','SV0766'),
  ('sv0767','U769','123','N3','SV0767'),
  ('sv0768','U770','123','N3','SV0768'),
  ('sv0769','U771','123','N3','SV0769'),
  ('sv0770','U772','123','N3','SV0770'),
  ('sv0771','U773','123','N3','SV0771'),
  ('sv0772','U774','123','N3','SV0772'),
  ('sv0773','U775','123','N3','SV0773'),
  ('sv0774','U776','123','N3','SV0774'),
  ('sv0775','U777','123','N3','SV0775'),
  ('sv0776','U778','123','N3','SV0776'),
  ('sv0777','U779','123','N3','SV0777'),
  ('sv0778','U780','123','N3','SV0778'),
  ('sv0779','U781','123','N3','SV0779'),
  ('sv0780','U782','123','N3','SV0780'),
  ('sv0781','U783','123','N3','SV0781'),
  ('sv0782','U784','123','N3','SV0782'),
  ('sv0783','U785','123','N3','SV0783'),
  ('sv0784','U786','123','N3','SV0784'),
  ('sv0785','U787','123','N3','SV0785'),
  ('sv0786','U788','123','N3','SV0786'),
  ('sv0787','U789','123','N3','SV0787'),
  ('sv0788','U790','123','N3','SV0788'),
  ('sv0789','U791','123','N3','SV0789'),
  ('sv0790','U792','123','N3','SV0790'),
  ('sv0791','U793','123','N3','SV0791'),
  ('sv0792','U794','123','N3','SV0792'),
  ('sv0793','U795','123','N3','SV0793'),
  ('sv0794','U796','123','N3','SV0794'),
  ('sv0795','U797','123','N3','SV0795'),
  ('sv0796','U798','123','N3','SV0796'),
  ('sv0797','U799','123','N3','SV0797'),
  ('sv0798','U800','123','N3','SV0798'),
  ('sv0799','U801','123','N3','SV0799'),
  ('sv0800','U802','123','N3','SV0800'),
  ('sv0801','U803','123','N3','SV0801'),
  ('sv0802','U804','123','N3','SV0802'),
  ('sv0803','U805','123','N3','SV0803'),
  ('sv0804','U806','123','N3','SV0804'),
  ('sv0805','U807','123','N3','SV0805'),
  ('sv0806','U808','123','N3','SV0806'),
  ('sv0807','U809','123','N3','SV0807'),
  ('sv0808','U810','123','N3','SV0808'),
  ('sv0809','U811','123','N3','SV0809'),
  ('sv0810','U812','123','N3','SV0810'),
  ('sv0811','U813','123','N3','SV0811'),
  ('sv0812','U814','123','N3','SV0812'),
  ('sv0813','U815','123','N3','SV0813'),
  ('sv0814','U816','123','N3','SV0814'),
  ('sv0815','U817','123','N3','SV0815'),
  ('sv0816','U818','123','N3','SV0816'),
  ('sv0817','U819','123','N3','SV0817'),
  ('sv0818','U820','123','N3','SV0818'),
  ('sv0819','U821','123','N3','SV0819'),
  ('sv0820','U822','123','N3','SV0820'),
  ('sv0821','U823','123','N3','SV0821'),
  ('sv0822','U824','123','N3','SV0822'),
  ('sv0823','U825','123','N3','SV0823'),
  ('sv0824','U826','123','N3','SV0824'),
  ('sv0825','U827','123','N3','SV0825'),
  ('sv0826','U828','123','N3','SV0826'),
  ('sv0827','U829','123','N3','SV0827'),
  ('sv0828','U830','123','N3','SV0828'),
  ('sv0829','U831','123','N3','SV0829'),
  ('sv0830','U832','123','N3','SV0830'),
  ('sv0831','U833','123','N3','SV0831'),
  ('sv0832','U834','123','N3','SV0832'),
  ('sv0833','U835','123','N3','SV0833'),
  ('sv0834','U836','123','N3','SV0834'),
  ('sv0835','U837','123','N3','SV0835'),
  ('sv0836','U838','123','N3','SV0836'),
  ('sv0837','U839','123','N3','SV0837'),
  ('sv0838','U840','123','N3','SV0838'),
  ('sv0839','U841','123','N3','SV0839'),
  ('sv0840','U842','123','N3','SV0840'),
  ('sv0841','U843','123','N3','SV0841'),
  ('sv0842','U844','123','N3','SV0842'),
  ('sv0843','U845','123','N3','SV0843'),
  ('sv0844','U846','123','N3','SV0844'),
  ('sv0845','U847','123','N3','SV0845'),
  ('sv0846','U848','123','N3','SV0846'),
  ('sv0847','U849','123','N3','SV0847'),
  ('sv0848','U850','123','N3','SV0848'),
  ('sv0849','U851','123','N3','SV0849'),
  ('sv0850','U852','123','N3','SV0850'),
  ('sv0851','U853','123','N3','SV0851'),
  ('sv0852','U854','123','N3','SV0852'),
  ('sv0853','U855','123','N3','SV0853'),
  ('sv0854','U856','123','N3','SV0854'),
  ('sv0855','U857','123','N3','SV0855'),
  ('sv0856','U858','123','N3','SV0856'),
  ('sv0857','U859','123','N3','SV0857'),
  ('sv0858','U860','123','N3','SV0858'),
  ('sv0859','U861','123','N3','SV0859'),
  ('sv0860','U862','123','N3','SV0860'),
  ('sv0861','U863','123','N3','SV0861'),
  ('sv0862','U864','123','N3','SV0862'),
  ('sv0863','U865','123','N3','SV0863'),
  ('sv0864','U866','123','N3','SV0864'),
  ('sv0865','U867','123','N3','SV0865'),
  ('sv0866','U868','123','N3','SV0866'),
  ('sv0867','U869','123','N3','SV0867'),
  ('sv0868','U870','123','N3','SV0868'),
  ('sv0869','U871','123','N3','SV0869'),
  ('sv0870','U872','123','N3','SV0870'),
  ('sv0871','U873','123','N3','SV0871'),
  ('sv0872','U874','123','N3','SV0872'),
  ('sv0873','U875','123','N3','SV0873'),
  ('sv0874','U876','123','N3','SV0874'),
  ('sv0875','U877','123','N3','SV0875'),
  ('sv0876','U878','123','N3','SV0876'),
  ('sv0877','U879','123','N3','SV0877'),
  ('sv0878','U880','123','N3','SV0878'),
  ('sv0879','U881','123','N3','SV0879'),
  ('sv0880','U882','123','N3','SV0880'),
  ('sv0881','U883','123','N3','SV0881'),
  ('sv0882','U884','123','N3','SV0882'),
  ('sv0883','U885','123','N3','SV0883'),
  ('sv0884','U886','123','N3','SV0884'),
  ('sv0885','U887','123','N3','SV0885'),
  ('sv0886','U888','123','N3','SV0886'),
  ('sv0887','U889','123','N3','SV0887'),
  ('sv0888','U890','123','N3','SV0888'),
  ('sv0889','U891','123','N3','SV0889'),
  ('sv0890','U892','123','N3','SV0890'),
  ('sv0891','U893','123','N3','SV0891'),
  ('sv0892','U894','123','N3','SV0892'),
  ('sv0893','U895','123','N3','SV0893'),
  ('sv0894','U896','123','N3','SV0894'),
  ('sv0895','U897','123','N3','SV0895'),
  ('sv0896','U898','123','N3','SV0896'),
  ('sv0897','U899','123','N3','SV0897'),
  ('sv0898','U900','123','N3','SV0898'),
  ('sv0899','U901','123','N3','SV0899'),
  ('sv0900','U902','123','N3','SV0900'),
  ('sv0901','U903','123','N3','SV0901'),
  ('sv0902','U904','123','N3','SV0902'),
  ('sv0903','U905','123','N3','SV0903'),
  ('sv0904','U906','123','N3','SV0904'),
  ('sv0905','U907','123','N3','SV0905'),
  ('sv0906','U908','123','N3','SV0906'),
  ('sv0907','U909','123','N3','SV0907'),
  ('sv0908','U910','123','N3','SV0908'),
  ('sv0909','U911','123','N3','SV0909'),
  ('sv0910','U912','123','N3','SV0910'),
  ('sv0911','U913','123','N3','SV0911'),
  ('sv0912','U914','123','N3','SV0912'),
  ('sv0913','U915','123','N3','SV0913'),
  ('sv0914','U916','123','N3','SV0914'),
  ('sv0915','U917','123','N3','SV0915'),
  ('sv0916','U918','123','N3','SV0916'),
  ('sv0917','U919','123','N3','SV0917'),
  ('sv0918','U920','123','N3','SV0918'),
  ('sv0919','U921','123','N3','SV0919'),
  ('sv0920','U922','123','N3','SV0920'),
  ('sv0921','U923','123','N3','SV0921'),
  ('sv0922','U924','123','N3','SV0922'),
  ('sv0923','U925','123','N3','SV0923'),
  ('sv0924','U926','123','N3','SV0924'),
  ('sv0925','U927','123','N3','SV0925'),
  ('sv0926','U928','123','N3','SV0926'),
  ('sv0927','U929','123','N3','SV0927'),
  ('sv0928','U930','123','N3','SV0928'),
  ('sv0929','U931','123','N3','SV0929'),
  ('sv0930','U932','123','N3','SV0930'),
  ('sv0931','U933','123','N3','SV0931'),
  ('sv0932','U934','123','N3','SV0932'),
  ('sv0933','U935','123','N3','SV0933'),
  ('sv0934','U936','123','N3','SV0934'),
  ('sv0935','U937','123','N3','SV0935'),
  ('sv0936','U938','123','N3','SV0936'),
  ('sv0937','U939','123','N3','SV0937'),
  ('sv0938','U940','123','N3','SV0938'),
  ('sv0939','U941','123','N3','SV0939'),
  ('sv0940','U942','123','N3','SV0940'),
  ('sv0941','U943','123','N3','SV0941'),
  ('sv0942','U944','123','N3','SV0942'),
  ('sv0943','U945','123','N3','SV0943'),
  ('sv0944','U946','123','N3','SV0944'),
  ('sv0945','U947','123','N3','SV0945'),
  ('sv0946','U948','123','N3','SV0946'),
  ('sv0947','U949','123','N3','SV0947'),
  ('sv0948','U950','123','N3','SV0948'),
  ('sv0949','U951','123','N3','SV0949'),
  ('sv0950','U952','123','N3','SV0950'),
  ('sv0951','U953','123','N3','SV0951'),
  ('sv0952','U954','123','N3','SV0952'),
  ('sv0953','U955','123','N3','SV0953'),
  ('sv0954','U956','123','N3','SV0954'),
  ('sv0955','U957','123','N3','SV0955'),
  ('sv0956','U958','123','N3','SV0956'),
  ('sv0957','U959','123','N3','SV0957'),
  ('sv0958','U960','123','N3','SV0958'),
  ('sv0959','U961','123','N3','SV0959'),
  ('sv0960','U962','123','N3','SV0960'),
  ('sv0961','U963','123','N3','SV0961'),
  ('sv0962','U964','123','N3','SV0962'),
  ('sv0963','U965','123','N3','SV0963'),
  ('sv0964','U966','123','N3','SV0964'),
  ('sv0965','U967','123','N3','SV0965'),
  ('sv0966','U968','123','N3','SV0966'),
  ('sv0967','U969','123','N3','SV0967'),
  ('sv0968','U970','123','N3','SV0968'),
  ('sv0969','U971','123','N3','SV0969'),
  ('sv0970','U972','123','N3','SV0970'),
  ('sv0971','U973','123','N3','SV0971'),
  ('sv0972','U974','123','N3','SV0972'),
  ('sv0973','U975','123','N3','SV0973'),
  ('sv0974','U976','123','N3','SV0974'),
  ('sv0975','U977','123','N3','SV0975'),
  ('sv0976','U978','123','N3','SV0976'),
  ('sv0977','U979','123','N3','SV0977'),
  ('sv0978','U980','123','N3','SV0978'),
  ('sv0979','U981','123','N3','SV0979'),
  ('sv0980','U982','123','N3','SV0980'),
  ('sv0981','U983','123','N3','SV0981'),
  ('sv0982','U984','123','N3','SV0982'),
  ('sv0983','U985','123','N3','SV0983'),
  ('sv0984','U986','123','N3','SV0984'),
  ('sv0985','U987','123','N3','SV0985'),
  ('sv0986','U988','123','N3','SV0986'),
  ('sv0987','U989','123','N3','SV0987'),
  ('sv0988','U990','123','N3','SV0988'),
  ('sv0989','U991','123','N3','SV0989'),
  ('sv0990','U992','123','N3','SV0990'),
  ('sv0991','U993','123','N3','SV0991'),
  ('sv0992','U994','123','N3','SV0992'),
  ('sv0993','U995','123','N3','SV0993'),
  ('sv0994','U996','123','N3','SV0994'),
  ('sv0995','U997','123','N3','SV0995'),
  ('sv0996','U998','123','N3','SV0996'),
  ('sv0997','U999','123','N3','SV0997'),
  ('sv0998','U1000','123','N3','SV0998'),
  ('sv0999','U1001','123','N3','SV0999'),
  ('sv1000','U1002','123','N3','SV1000');

